ID_ORIGINAL,ACTOR,VENTANA_ORIGINAL,ESTADO_ACTUAL,TABLAS_POR_DEPENDENCIA,NUEVO_SCHEMA_PARCIAL,MIGRATIONS,BLOQUEO_DB_ACTUAL,EFECTO_FUTURO,EVIDENCE
V001,Administrador,Inicio,PARTIAL,administrador; asignatura; bitacora; calificacion; curso; director; docente; documento_inscripcion_estudiante; especialidad_tecnica; estudiante; gestion_academica; horario; inscripcion_estudiante; institucion_procedencia; notifications; paralelo; periodo_evaluacion; persona; personal_institucional; plan_asignatura; plan_especialidad; regente; respaldo_gestion_academica; roles; tipo_vinculacion_estudiante; turno; users,notifications,MIG-003 revisada (shell),False,"Retira precondición de schema solo después de aprobación/aplicación aislada; reglas, escritores, RBAC y QA pendientes",Referencias/imports transitivos + enlace conceptual documentado; no certifica consulta de todas las tablas en cada acción
V002,Administrador,Personas,PARTIAL,administrador; bitacora; director; docente; estudiante; persona; regente; users,,NINGUNA NUEVA,False,Reutiliza schema declarado; pruebas de persistencia siguen pendientes,Referencias/imports transitivos + enlace conceptual documentado; no certifica consulta de todas las tablas en cada acción
V003,Administrador,Usuarios,PARTIAL,administrador; bitacora; calificacion; director; docente; especialidad_tecnica; estudiante; inscripcion_estudiante; institucion_procedencia; persona; personal_institucional; plan_asignatura; plan_especialidad; regente; roles; secretaria_general; tipo_vinculacion_estudiante; users,,NINGUNA NUEVA,False,Reutiliza schema declarado; pruebas de persistencia siguen pendientes,Referencias/imports transitivos + enlace conceptual documentado; no certifica consulta de todas las tablas en cada acción
V004,Administrador,Personal institucional,PARTIAL,asignatura; bitacora; calificacion; curso; docente; especialidad_tecnica; estudiante; gestion_academica; horario; inscripcion_estudiante; paralelo; personal_institucional; plan_asignatura; plan_especialidad; respaldo_gestion_academica; turno; users,,NINGUNA NUEVA,False,Reutiliza schema declarado; pruebas de persistencia siguen pendientes,Referencias/imports transitivos + enlace conceptual documentado; no certifica consulta de todas las tablas en cada acción
V005,Administrador,Estudiantes,PARTIAL,bitacora; calificacion; curso; documento_inscripcion_estudiante; especialidad_tecnica; estudiante; gestion_academica; horario; inscripcion_estudiante; institucion_procedencia; paralelo; persona; plan_asignatura; plan_especialidad; respaldo_gestion_academica; tipo_vinculacion_estudiante; turno; users,,NINGUNA NUEVA,False,Reutiliza schema declarado; pruebas de persistencia siguen pendientes,Referencias/imports transitivos + enlace conceptual documentado; no certifica consulta de todas las tablas en cada acción
V006,Administrador,Docentes,PARTIAL,asignatura; curso; docente; gestion_academica; paralelo; personal_institucional; plan_asignatura; plan_especialidad; turno,,NINGUNA NUEVA,False,Reutiliza schema declarado; pruebas de persistencia siguen pendientes,Referencias/imports transitivos + enlace conceptual documentado; no certifica consulta de todas las tablas en cada acción
V007,Administrador,Gestión académica,PARTIAL,asistencia_clase; bitacora; clase_virtual; gestion_academica; horario; inscripcion_estudiante; periodo_evaluacion; plan_asignatura; plan_especialidad; respaldo_gestion_academica; tarea,,NINGUNA NUEVA,False,Reutiliza schema declarado; pruebas de persistencia siguen pendientes,Referencias/imports transitivos + enlace conceptual documentado; no certifica consulta de todas las tablas en cada acción
V008,Administrador,Cursos,PARTIAL,asignatura; bitacora; curso; docente; gestion_academica; horario; horario_bloque; horario_detalle; inscripcion_estudiante; paralelo; persona; personal_institucional; plan_asignatura; plan_especialidad; plantilla_horaria; turno,,NINGUNA NUEVA,False,Reutiliza schema declarado; pruebas de persistencia siguen pendientes,Referencias/imports transitivos + enlace conceptual documentado; no certifica consulta de todas las tablas en cada acción
V009,Administrador,Asignaturas,PARTIAL,asignatura; bitacora; calificacion; horario_detalle; plan_asignatura; users,,NINGUNA NUEVA,False,Reutiliza schema declarado; pruebas de persistencia siguen pendientes,Referencias/imports transitivos + enlace conceptual documentado; no certifica consulta de todas las tablas en cada acción
V010,Administrador,Paralelos,PARTIAL,bitacora; curso; horario_detalle; inscripcion_estudiante; paralelo; plan_asignatura; plan_especialidad; users,,NINGUNA NUEVA,False,Reutiliza schema declarado; pruebas de persistencia siguen pendientes,Referencias/imports transitivos + enlace conceptual documentado; no certifica consulta de todas las tablas en cada acción
V011,Administrador,Turnos,PARTIAL,bitacora; gestion_academica; horario; horario_bloque; horario_detalle; plantilla_horaria; turno,,NINGUNA NUEVA,False,Reutiliza schema declarado; pruebas de persistencia siguen pendientes,Referencias/imports transitivos + enlace conceptual documentado; no certifica consulta de todas las tablas en cada acción
V012,Administrador,Inscripciones,PARTIAL,bitacora; curso; documento_inscripcion_estudiante; especialidad_tecnica; estudiante; gestion_academica; horario; inscripcion_estudiante; paralelo; persona; plantilla_horaria; turno; users,,NINGUNA NUEVA,False,Reutiliza schema declarado; pruebas de persistencia siguen pendientes,Referencias/imports transitivos + enlace conceptual documentado; no certifica consulta de todas las tablas en cada acción
V013,Administrador,Especialidades,PARTIAL,especialidad_tecnica; estudiante; plan_especialidad,,NINGUNA NUEVA,False,Reutiliza schema declarado; pruebas de persistencia siguen pendientes,Referencias/imports transitivos + enlace conceptual documentado; no certifica consulta de todas las tablas en cada acción
V014,Administrador,Planes de asignatura,PARTIAL,asignatura; bitacora; calificacion; curso; docente; gestion_academica; horario; inscripcion_estudiante; paralelo; personal_institucional; plan_asignatura; plan_especialidad; respaldo_gestion_academica; turno; users,,NINGUNA NUEVA,False,Reutiliza schema declarado; pruebas de persistencia siguen pendientes,Referencias/imports transitivos + enlace conceptual documentado; no certifica consulta de todas las tablas en cada acción
V015,Administrador,Períodos de evaluación,PARTIAL,calificacion; periodo_evaluacion,,NINGUNA NUEVA,False,Reutiliza schema declarado; pruebas de persistencia siguen pendientes,Referencias/imports transitivos + enlace conceptual documentado; no certifica consulta de todas las tablas en cada acción
V016,Administrador,Calendario,PARTIAL,actividad_clase; administrador; asignatura; asistencia_clase; asistencia_estudiante; calendario_evento; calendario_evento_revisiones; calificacion; calificacion_tarea; clase_estudiante; clase_virtual; curso; director; docente; entrega_archivo; entrega_tarea; especialidad_tecnica; estado_asistencia; estudiante; gestion_academica; horario_bloque; inscripcion_estudiante; institucion_procedencia; material_clase; orientacion_actividades; orientacion_respuestas; orientacion_resultados; paralelo; persona; personal_institucional; plan_asignatura; plan_especialidad; publicacion_clase; regente; roles; tarea; tarea_material; tipo_vinculacion_estudiante; turno; users,calendario_evento; calendario_evento_revisiones,MIG-005 revisada (solo eventos),False,"Retira precondición de schema solo después de aprobación/aplicación aislada; reglas, escritores, RBAC y QA pendientes",Referencias/imports transitivos + enlace conceptual documentado; no certifica consulta de todas las tablas en cada acción
V017,Administrador,Calificaciones institucionales,PARTIAL,actividad_clase; administrador; asignatura; asistencia_clase; asistencia_estudiante; calificacion; calificacion_tarea; clase_estudiante; clase_virtual; curso; director; docente; documento_inscripcion_estudiante; entrega_archivo; entrega_tarea; especialidad_tecnica; estado_asistencia; estudiante; gestion_academica; horario; horario_bloque; inscripcion_estudiante; institucion_procedencia; material_clase; orientacion_actividades; orientacion_respuestas; orientacion_resultados; paralelo; periodo_evaluacion; persona; personal_institucional; plan_asignatura; plan_especialidad; publicacion_clase; regente; respaldo_gestion_academica; roles; tarea; tarea_material; tipo_vinculacion_estudiante; turno; users,,"NINGUNA NUEVA; MIG-006 integridad (ALTER, no ejecutada)",False,Reutiliza schema declarado; pruebas de persistencia siguen pendientes,Referencias/imports transitivos + enlace conceptual documentado; no certifica consulta de todas las tablas en cada acción
V018,Administrador,Reportes académicos,PARTIAL,asignatura; calificacion; especialidad_tecnica; estudiante; inscripcion_estudiante; institucion_procedencia; periodo_evaluacion; persona; plan_asignatura; plan_especialidad; tipo_vinculacion_estudiante,,NINGUNA NUEVA,False,Reutiliza schema declarado; pruebas de persistencia siguen pendientes,Referencias/imports transitivos + enlace conceptual documentado; no certifica consulta de todas las tablas en cada acción
V019,Administrador,Reportes administrativos,PARTIAL,asignatura; bitacora; calificacion; curso; docente; documento_inscripcion_estudiante; especialidad_tecnica; estudiante; gestion_academica; inscripcion_estudiante; institucion_procedencia; paralelo; periodo_evaluacion; persona; personal_institucional; plan_asignatura; plan_especialidad; tipo_vinculacion_estudiante; turno; users,,NINGUNA NUEVA,False,Reutiliza schema declarado; pruebas de persistencia siguen pendientes,Referencias/imports transitivos + enlace conceptual documentado; no certifica consulta de todas las tablas en cada acción
V020,Administrador,Roles y permisos,PARTIAL,administrador; bitacora; calificacion; director; docente; especialidad_tecnica; estudiante; inscripcion_estudiante; institucion_procedencia; persona; personal_institucional; plan_asignatura; plan_especialidad; regente; role_requests; roles; tipo_vinculacion_estudiante; users,,NINGUNA NUEVA,False,Reutiliza schema declarado; pruebas de persistencia siguen pendientes,Referencias/imports transitivos + enlace conceptual documentado; no certifica consulta de todas las tablas en cada acción
V021,Administrador,Bitácora,PARTIAL,bitacora; curso; paralelo; persona; users,,NINGUNA NUEVA,False,Reutiliza schema declarado; pruebas de persistencia siguen pendientes,Referencias/imports transitivos + enlace conceptual documentado; no certifica consulta de todas las tablas en cada acción
V022,Administrador,Kardex parámetros/auditoría,BLOCKED_EXTERNALLY_DB,actividad_clase; administrador; asignatura; asistencia_clase; asistencia_estudiante; calificacion; calificacion_tarea; clase_estudiante; clase_virtual; curso; director; docente; documento_inscripcion_estudiante; entrega_archivo; entrega_tarea; especialidad_tecnica; estado_asistencia; estudiante; gestion_academica; horario_bloque; inscripcion_estudiante; institucion_procedencia; kardex_categorias; kardex_estados; kardex_medidas; kardex_niveles; kardex_tipos; material_clase; orientacion_actividades; orientacion_respuestas; orientacion_resultados; paralelo; periodo_evaluacion; persona; personal_institucional; plan_asignatura; plan_especialidad; publicacion_clase; regente; roles; seguimiento_academico; seguimiento_evidencias; seguimiento_revisiones; tarea; tarea_material; tipo_vinculacion_estudiante; turno; users,kardex_categorias; kardex_estados; kardex_medidas; kardex_niveles; kardex_tipos; seguimiento_academico; seguimiento_evidencias; seguimiento_revisiones,MIG-001 revisada,True,"Retira precondición de schema solo después de aprobación/aplicación aislada; reglas, escritores, RBAC y QA pendientes",Referencias/imports transitivos + enlace conceptual documentado; no certifica consulta de todas las tablas en cada acción
V023,Administrador,LMS institucional/supervisión,PARTIAL,actividad_clase; administrador; asignatura; asistencia_clase; asistencia_estudiante; calificacion; clase_estudiante; clase_virtual; curso; director; docente; documento_inscripcion_estudiante; entrega_tarea; especialidad_tecnica; estado_asistencia; estudiante; gestion_academica; horario; horario_bloque; inscripcion_estudiante; institucion_procedencia; material_clase; orientacion_actividades; orientacion_carreras_sugeridas; orientacion_resultados; paralelo; periodo_evaluacion; persona; personal_institucional; plan_asignatura; plan_especialidad; plantilla_horaria; publicacion_clase; regente; reportes_generados; respaldo_gestion_academica; tarea; tipo_vinculacion_estudiante; turno; users,,NINGUNA NUEVA,False,Reutiliza schema declarado; pruebas de persistencia siguen pendientes,Referencias/imports transitivos + enlace conceptual documentado; no certifica consulta de todas las tablas en cada acción
V024,Administrador,Configuración LMS,BLOCKED_EXTERNALLY_INSTITUTIONAL,actividad_clase; administrador; asignatura; asistencia_clase; asistencia_estudiante; calificacion; calificacion_tarea; clase_estudiante; clase_virtual; curso; director; docente; documento_inscripcion_estudiante; entrega_archivo; entrega_tarea; especialidad_tecnica; estado_asistencia; estudiante; gestion_academica; horario_bloque; inscripcion_estudiante; institucion_procedencia; material_clase; orientacion_actividades; orientacion_respuestas; orientacion_resultados; paralelo; periodo_evaluacion; persona; personal_institucional; plan_asignatura; plan_especialidad; publicacion_clase; regente; roles; tarea; tarea_material; tipo_vinculacion_estudiante; turno; users,,NINGUNA: definición pendiente,False,Reutiliza schema declarado; pruebas de persistencia siguen pendientes,Referencias/imports transitivos + enlace conceptual documentado; no certifica consulta de todas las tablas en cada acción
V025,Administrador,Configuración,BLOCKED_EXTERNALLY_INSTITUTIONAL,actividad_clase; administrador; asignatura; asistencia_clase; asistencia_estudiante; calificacion; calificacion_tarea; clase_estudiante; clase_virtual; curso; director; docente; documento_inscripcion_estudiante; entrega_archivo; entrega_tarea; especialidad_tecnica; estado_asistencia; estudiante; gestion_academica; horario_bloque; inscripcion_estudiante; institucion_procedencia; material_clase; orientacion_actividades; orientacion_respuestas; orientacion_resultados; paralelo; periodo_evaluacion; persona; personal_institucional; plan_asignatura; plan_especialidad; publicacion_clase; regente; roles; tarea; tarea_material; tipo_vinculacion_estudiante; turno; users,,NINGUNA: definición pendiente,False,Reutiliza schema declarado; pruebas de persistencia siguen pendientes,Referencias/imports transitivos + enlace conceptual documentado; no certifica consulta de todas las tablas en cada acción
V026,Administrador,Mi perfil,PARTIAL,No dependencia inferida; revisar feature institucional,,NINGUNA NUEVA,False,Reutiliza schema declarado; pruebas de persistencia siguen pendientes,Referencias/imports transitivos + enlace conceptual documentado; no certifica consulta de todas las tablas en cada acción
V027,Director,Inicio,PARTIAL,actividad_clase; administrador; asignatura; asistencia_clase; asistencia_estudiante; bitacora; calificacion; calificacion_tarea; clase_estudiante; clase_virtual; curso; director; docente; documento_inscripcion_estudiante; entrega_archivo; entrega_tarea; especialidad_tecnica; estado_asistencia; estudiante; gestion_academica; horario; horario_bloque; inscripcion_estudiante; institucion_procedencia; material_clase; notifications; orientacion_actividades; orientacion_respuestas; orientacion_resultados; paralelo; periodo_evaluacion; persona; personal_institucional; plan_asignatura; plan_especialidad; publicacion_clase; regente; respaldo_gestion_academica; roles; tarea; tarea_material; tipo_vinculacion_estudiante; turno; users,notifications,MIG-003 revisada (shell),False,"Retira precondición de schema solo después de aprobación/aplicación aislada; reglas, escritores, RBAC y QA pendientes",Referencias/imports transitivos + enlace conceptual documentado; no certifica consulta de todas las tablas en cada acción
V028,Director,Panorama institucional,PARTIAL,actividad_clase; administrador; asignatura; asistencia_clase; asistencia_estudiante; bitacora; calificacion; calificacion_tarea; clase_estudiante; clase_virtual; curso; director; docente; documento_inscripcion_estudiante; entrega_archivo; entrega_tarea; especialidad_tecnica; estado_asistencia; estudiante; gestion_academica; horario; horario_bloque; inscripcion_estudiante; institucion_procedencia; material_clase; orientacion_actividades; orientacion_respuestas; orientacion_resultados; paralelo; periodo_evaluacion; persona; personal_institucional; plan_asignatura; plan_especialidad; publicacion_clase; regente; respaldo_gestion_academica; roles; tarea; tarea_material; tipo_vinculacion_estudiante; turno; users,,NINGUNA NUEVA,False,Reutiliza schema declarado; pruebas de persistencia siguen pendientes,Referencias/imports transitivos + enlace conceptual documentado; no certifica consulta de todas las tablas en cada acción
V029,Director,Gestión académica,PARTIAL,actividad_clase; administrador; asignatura; asistencia_clase; asistencia_estudiante; calificacion; clase_estudiante; clase_virtual; curso; director; docente; documento_inscripcion_estudiante; entrega_tarea; especialidad_tecnica; estado_asistencia; estudiante; gestion_academica; horario; horario_bloque; inscripcion_estudiante; institucion_procedencia; material_clase; orientacion_actividades; orientacion_carreras_sugeridas; orientacion_resultados; paralelo; periodo_evaluacion; persona; personal_institucional; plan_asignatura; plan_especialidad; plantilla_horaria; publicacion_clase; regente; reportes_generados; respaldo_gestion_academica; tarea; tipo_vinculacion_estudiante; turno; users,,NINGUNA NUEVA,False,Reutiliza schema declarado; pruebas de persistencia siguen pendientes,Referencias/imports transitivos + enlace conceptual documentado; no certifica consulta de todas las tablas en cada acción
V030,Director,Rendimiento,PARTIAL,actividad_clase; administrador; asignatura; asistencia_clase; asistencia_estudiante; calificacion; clase_estudiante; clase_virtual; curso; director; docente; documento_inscripcion_estudiante; entrega_tarea; especialidad_tecnica; estado_asistencia; estudiante; gestion_academica; horario; horario_bloque; inscripcion_estudiante; institucion_procedencia; material_clase; orientacion_actividades; orientacion_carreras_sugeridas; orientacion_resultados; paralelo; periodo_evaluacion; persona; personal_institucional; plan_asignatura; plan_especialidad; plantilla_horaria; publicacion_clase; regente; reportes_generados; respaldo_gestion_academica; tarea; tipo_vinculacion_estudiante; turno; users,,"NINGUNA NUEVA; MIG-006 integridad (ALTER, no ejecutada)",False,Reutiliza schema declarado; pruebas de persistencia siguen pendientes,Referencias/imports transitivos + enlace conceptual documentado; no certifica consulta de todas las tablas en cada acción
V031,Director,Cursos,PARTIAL,actividad_clase; administrador; asignatura; asistencia_clase; asistencia_estudiante; calificacion; clase_estudiante; clase_virtual; curso; director; docente; documento_inscripcion_estudiante; entrega_tarea; especialidad_tecnica; estado_asistencia; estudiante; gestion_academica; horario; horario_bloque; inscripcion_estudiante; institucion_procedencia; material_clase; orientacion_actividades; orientacion_carreras_sugeridas; orientacion_resultados; paralelo; periodo_evaluacion; persona; personal_institucional; plan_asignatura; plan_especialidad; plantilla_horaria; publicacion_clase; regente; reportes_generados; respaldo_gestion_academica; tarea; tipo_vinculacion_estudiante; turno; users,,NINGUNA NUEVA,False,Reutiliza schema declarado; pruebas de persistencia siguen pendientes,Referencias/imports transitivos + enlace conceptual documentado; no certifica consulta de todas las tablas en cada acción
V032,Director,Estudiantes,PARTIAL,actividad_clase; administrador; asignatura; asistencia_clase; asistencia_estudiante; calificacion; clase_estudiante; clase_virtual; curso; director; docente; documento_inscripcion_estudiante; entrega_tarea; especialidad_tecnica; estado_asistencia; estudiante; gestion_academica; horario; horario_bloque; inscripcion_estudiante; institucion_procedencia; material_clase; orientacion_actividades; orientacion_carreras_sugeridas; orientacion_resultados; paralelo; periodo_evaluacion; persona; personal_institucional; plan_asignatura; plan_especialidad; plantilla_horaria; publicacion_clase; regente; reportes_generados; respaldo_gestion_academica; tarea; tipo_vinculacion_estudiante; turno; users,,NINGUNA NUEVA,False,Reutiliza schema declarado; pruebas de persistencia siguen pendientes,Referencias/imports transitivos + enlace conceptual documentado; no certifica consulta de todas las tablas en cada acción
V033,Director,Docentes,PARTIAL,actividad_clase; administrador; asignatura; asistencia_clase; asistencia_estudiante; calificacion; clase_estudiante; clase_virtual; curso; director; docente; documento_inscripcion_estudiante; entrega_tarea; especialidad_tecnica; estado_asistencia; estudiante; gestion_academica; horario; horario_bloque; inscripcion_estudiante; institucion_procedencia; material_clase; orientacion_actividades; orientacion_carreras_sugeridas; orientacion_resultados; paralelo; periodo_evaluacion; persona; personal_institucional; plan_asignatura; plan_especialidad; plantilla_horaria; publicacion_clase; regente; reportes_generados; respaldo_gestion_academica; tarea; tipo_vinculacion_estudiante; turno; users,,NINGUNA NUEVA,False,Reutiliza schema declarado; pruebas de persistencia siguen pendientes,Referencias/imports transitivos + enlace conceptual documentado; no certifica consulta de todas las tablas en cada acción
V034,Director,Asistencia del alcance,PARTIAL,actividad_clase; administrador; asignatura; asistencia_clase; asistencia_estudiante; calificacion; clase_estudiante; clase_virtual; curso; director; docente; documento_inscripcion_estudiante; entrega_tarea; especialidad_tecnica; estado_asistencia; estudiante; gestion_academica; horario; horario_bloque; inscripcion_estudiante; institucion_procedencia; material_clase; orientacion_actividades; orientacion_carreras_sugeridas; orientacion_resultados; paralelo; periodo_evaluacion; persona; personal_institucional; plan_asignatura; plan_especialidad; plantilla_horaria; publicacion_clase; regente; reportes_generados; respaldo_gestion_academica; tarea; tipo_vinculacion_estudiante; turno; users,,NINGUNA NUEVA,False,Reutiliza schema declarado; pruebas de persistencia siguen pendientes,Referencias/imports transitivos + enlace conceptual documentado; no certifica consulta de todas las tablas en cada acción
V035,Director,Kardex,BLOCKED_EXTERNALLY_DB,actividad_clase; administrador; asignatura; asistencia_clase; asistencia_estudiante; calificacion; calificacion_tarea; clase_estudiante; clase_virtual; curso; director; docente; documento_inscripcion_estudiante; entrega_archivo; entrega_tarea; especialidad_tecnica; estado_asistencia; estudiante; gestion_academica; horario_bloque; inscripcion_estudiante; institucion_procedencia; kardex_categorias; kardex_estados; kardex_medidas; kardex_niveles; kardex_tipos; material_clase; orientacion_actividades; orientacion_respuestas; orientacion_resultados; paralelo; periodo_evaluacion; persona; personal_institucional; plan_asignatura; plan_especialidad; publicacion_clase; regente; roles; seguimiento_academico; seguimiento_evidencias; seguimiento_revisiones; tarea; tarea_material; tipo_vinculacion_estudiante; turno; users,kardex_categorias; kardex_estados; kardex_medidas; kardex_niveles; kardex_tipos; seguimiento_academico; seguimiento_evidencias; seguimiento_revisiones,MIG-001 revisada,True,"Retira precondición de schema solo después de aprobación/aplicación aislada; reglas, escritores, RBAC y QA pendientes",Referencias/imports transitivos + enlace conceptual documentado; no certifica consulta de todas las tablas en cada acción
V036,Director,Prevención,BLOCKED_EXTERNALLY_INSTITUTIONAL,actividad_clase; administrador; asignatura; asistencia_clase; asistencia_estudiante; calificacion; calificacion_tarea; clase_estudiante; clase_virtual; curso; director; docente; documento_inscripcion_estudiante; entrega_archivo; entrega_tarea; especialidad_tecnica; estado_asistencia; estudiante; gestion_academica; horario_bloque; inscripcion_estudiante; institucion_procedencia; kardex_categorias; kardex_estados; kardex_medidas; kardex_niveles; kardex_tipos; material_clase; orientacion_actividades; orientacion_respuestas; orientacion_resultados; paralelo; periodo_evaluacion; persona; personal_institucional; plan_asignatura; plan_especialidad; publicacion_clase; regente; roles; seguimiento_academico; seguimiento_evidencias; seguimiento_revisiones; tarea; tarea_material; tipo_vinculacion_estudiante; turno; users,kardex_categorias; kardex_estados; kardex_medidas; kardex_niveles; kardex_tipos; seguimiento_academico; seguimiento_evidencias; seguimiento_revisiones,MIG-001 revisada,False,"Retira precondición de schema solo después de aprobación/aplicación aislada; reglas, escritores, RBAC y QA pendientes",Referencias/imports transitivos + enlace conceptual documentado; no certifica consulta de todas las tablas en cada acción
V037,Director,Orientación,PARTIAL,actividad_clase; administrador; asignatura; asistencia_clase; asistencia_estudiante; calificacion; clase_estudiante; clase_virtual; curso; director; docente; documento_inscripcion_estudiante; entrega_tarea; especialidad_tecnica; estado_asistencia; estudiante; gestion_academica; horario; horario_bloque; inscripcion_estudiante; institucion_procedencia; material_clase; orientacion_actividades; orientacion_carreras_sugeridas; orientacion_resultados; paralelo; periodo_evaluacion; persona; personal_institucional; plan_asignatura; plan_especialidad; plantilla_horaria; publicacion_clase; regente; reportes_generados; respaldo_gestion_academica; tarea; tipo_vinculacion_estudiante; turno; users,,NINGUNA NUEVA,False,Reutiliza schema declarado; pruebas de persistencia siguen pendientes,Referencias/imports transitivos + enlace conceptual documentado; no certifica consulta de todas las tablas en cada acción
V038,Director,Seguimientos,BLOCKED_EXTERNALLY_DB,actividad_clase; administrador; asignatura; asistencia_clase; asistencia_estudiante; calificacion; calificacion_tarea; clase_estudiante; clase_virtual; curso; director; docente; documento_inscripcion_estudiante; entrega_archivo; entrega_tarea; especialidad_tecnica; estado_asistencia; estudiante; gestion_academica; horario_bloque; inscripcion_estudiante; institucion_procedencia; kardex_categorias; kardex_estados; kardex_medidas; kardex_niveles; kardex_tipos; material_clase; orientacion_actividades; orientacion_respuestas; orientacion_resultados; paralelo; periodo_evaluacion; persona; personal_institucional; plan_asignatura; plan_especialidad; publicacion_clase; regente; roles; seguimiento_academico; seguimiento_evidencias; seguimiento_revisiones; tarea; tarea_material; tipo_vinculacion_estudiante; turno; users,kardex_categorias; kardex_estados; kardex_medidas; kardex_niveles; kardex_tipos; seguimiento_academico; seguimiento_evidencias; seguimiento_revisiones,MIG-001 revisada,True,"Retira precondición de schema solo después de aprobación/aplicación aislada; reglas, escritores, RBAC y QA pendientes",Referencias/imports transitivos + enlace conceptual documentado; no certifica consulta de todas las tablas en cada acción
V039,Director,LMS institucional/supervisión,PARTIAL,actividad_clase; administrador; asignatura; asistencia_clase; asistencia_estudiante; calificacion; clase_estudiante; clase_virtual; curso; director; docente; documento_inscripcion_estudiante; entrega_tarea; especialidad_tecnica; estado_asistencia; estudiante; gestion_academica; horario; horario_bloque; inscripcion_estudiante; institucion_procedencia; material_clase; orientacion_actividades; orientacion_carreras_sugeridas; orientacion_resultados; paralelo; periodo_evaluacion; persona; personal_institucional; plan_asignatura; plan_especialidad; plantilla_horaria; publicacion_clase; regente; reportes_generados; respaldo_gestion_academica; tarea; tipo_vinculacion_estudiante; turno; users,,NINGUNA NUEVA,False,Reutiliza schema declarado; pruebas de persistencia siguen pendientes,Referencias/imports transitivos + enlace conceptual documentado; no certifica consulta de todas las tablas en cada acción
V040,Director,Reportes académicos,PARTIAL,actividad_clase; administrador; asignatura; asistencia_clase; asistencia_estudiante; calificacion; clase_estudiante; clase_virtual; curso; director; docente; documento_inscripcion_estudiante; entrega_tarea; especialidad_tecnica; estado_asistencia; estudiante; gestion_academica; horario; horario_bloque; inscripcion_estudiante; institucion_procedencia; material_clase; orientacion_actividades; orientacion_carreras_sugeridas; orientacion_resultados; paralelo; periodo_evaluacion; persona; personal_institucional; plan_asignatura; plan_especialidad; plantilla_horaria; publicacion_clase; regente; reportes_generados; respaldo_gestion_academica; tarea; tipo_vinculacion_estudiante; turno; users,,NINGUNA NUEVA,False,Reutiliza schema declarado; pruebas de persistencia siguen pendientes,Referencias/imports transitivos + enlace conceptual documentado; no certifica consulta de todas las tablas en cada acción
V041,Director,Reportes administrativos,PARTIAL,actividad_clase; administrador; asignatura; asistencia_clase; asistencia_estudiante; calificacion; clase_estudiante; clase_virtual; curso; director; docente; documento_inscripcion_estudiante; entrega_tarea; especialidad_tecnica; estado_asistencia; estudiante; gestion_academica; horario; horario_bloque; inscripcion_estudiante; institucion_procedencia; material_clase; orientacion_actividades; orientacion_carreras_sugeridas; orientacion_resultados; paralelo; periodo_evaluacion; persona; personal_institucional; plan_asignatura; plan_especialidad; plantilla_horaria; publicacion_clase; regente; reportes_generados; respaldo_gestion_academica; tarea; tipo_vinculacion_estudiante; turno; users,,NINGUNA NUEVA,False,Reutiliza schema declarado; pruebas de persistencia siguen pendientes,Referencias/imports transitivos + enlace conceptual documentado; no certifica consulta de todas las tablas en cada acción
V042,Director,Calendario,PARTIAL,actividad_clase; administrador; asignatura; asistencia_clase; asistencia_estudiante; calendario_evento; calendario_evento_revisiones; calificacion; calificacion_tarea; clase_estudiante; clase_virtual; curso; director; docente; entrega_archivo; entrega_tarea; especialidad_tecnica; estado_asistencia; estudiante; gestion_academica; horario_bloque; inscripcion_estudiante; institucion_procedencia; material_clase; orientacion_actividades; orientacion_respuestas; orientacion_resultados; paralelo; persona; personal_institucional; plan_asignatura; plan_especialidad; publicacion_clase; regente; roles; tarea; tarea_material; tipo_vinculacion_estudiante; turno; users,calendario_evento; calendario_evento_revisiones,MIG-005 revisada (solo eventos),False,"Retira precondición de schema solo después de aprobación/aplicación aislada; reglas, escritores, RBAC y QA pendientes",Referencias/imports transitivos + enlace conceptual documentado; no certifica consulta de todas las tablas en cada acción
V043,Director,Mi perfil,PARTIAL,No dependencia inferida; revisar feature institucional,,NINGUNA NUEVA,False,Reutiliza schema declarado; pruebas de persistencia siguen pendientes,Referencias/imports transitivos + enlace conceptual documentado; no certifica consulta de todas las tablas en cada acción
V044,Secretaria,Inicio,PARTIAL,actividad_clase; administrador; asignatura; asistencia_clase; asistencia_estudiante; bitacora; calificacion; calificacion_tarea; clase_estudiante; clase_virtual; curso; director; docente; documento_inscripcion_estudiante; entrega_archivo; entrega_tarea; especialidad_tecnica; estado_asistencia; estudiante; gestion_academica; horario; horario_bloque; inscripcion_estudiante; institucion_procedencia; material_clase; notifications; orientacion_actividades; orientacion_respuestas; orientacion_resultados; paralelo; periodo_evaluacion; persona; personal_institucional; plan_asignatura; plan_especialidad; publicacion_clase; regente; respaldo_gestion_academica; roles; tarea; tarea_material; tipo_vinculacion_estudiante; turno; users,notifications,MIG-003 revisada (shell),False,"Retira precondición de schema solo después de aprobación/aplicación aislada; reglas, escritores, RBAC y QA pendientes",Referencias/imports transitivos + enlace conceptual documentado; no certifica consulta de todas las tablas en cada acción
V045,Secretaria,Personas,PARTIAL,administrador; bitacora; director; docente; estudiante; persona; regente; users,,NINGUNA NUEVA,False,Reutiliza schema declarado; pruebas de persistencia siguen pendientes,Referencias/imports transitivos + enlace conceptual documentado; no certifica consulta de todas las tablas en cada acción
V046,Secretaria,Estudiantes,PARTIAL,bitacora; calificacion; curso; documento_inscripcion_estudiante; especialidad_tecnica; estudiante; gestion_academica; horario; inscripcion_estudiante; institucion_procedencia; paralelo; persona; plan_asignatura; plan_especialidad; respaldo_gestion_academica; tipo_vinculacion_estudiante; turno; users,,NINGUNA NUEVA,False,Reutiliza schema declarado; pruebas de persistencia siguen pendientes,Referencias/imports transitivos + enlace conceptual documentado; no certifica consulta de todas las tablas en cada acción
V047,Secretaria,Inscripciones,PARTIAL,bitacora; curso; documento_inscripcion_estudiante; especialidad_tecnica; estudiante; gestion_academica; horario; inscripcion_estudiante; paralelo; persona; plantilla_horaria; turno; users,,NINGUNA NUEVA,False,Reutiliza schema declarado; pruebas de persistencia siguen pendientes,Referencias/imports transitivos + enlace conceptual documentado; no certifica consulta de todas las tablas en cada acción
V048,Secretaria,Documentación,PARTIAL,administrador; bitacora; director; docente; documento_inscripcion_estudiante; estudiante; inscripcion_estudiante; persona; regente; roles; users,,NINGUNA NUEVA,False,Reutiliza schema declarado; pruebas de persistencia siguen pendientes,Referencias/imports transitivos + enlace conceptual documentado; no certifica consulta de todas las tablas en cada acción
V049,Secretaria,Institución de procedencia,PARTIAL,estudiante; institucion_procedencia,,NINGUNA NUEVA,False,Reutiliza schema declarado; pruebas de persistencia siguen pendientes,Referencias/imports transitivos + enlace conceptual documentado; no certifica consulta de todas las tablas en cada acción
V050,Secretaria,Tipo de vinculación,PARTIAL,estudiante; tipo_vinculacion_estudiante,,NINGUNA NUEVA,False,Reutiliza schema declarado; pruebas de persistencia siguen pendientes,Referencias/imports transitivos + enlace conceptual documentado; no certifica consulta de todas las tablas en cada acción
V051,Secretaria,Cursos,PARTIAL,actividad_clase; administrador; asignatura; asistencia_clase; asistencia_estudiante; calificacion; clase_estudiante; clase_virtual; curso; director; docente; documento_inscripcion_estudiante; entrega_tarea; especialidad_tecnica; estado_asistencia; estudiante; gestion_academica; horario; horario_bloque; inscripcion_estudiante; institucion_procedencia; material_clase; orientacion_actividades; orientacion_carreras_sugeridas; orientacion_resultados; paralelo; periodo_evaluacion; persona; personal_institucional; plan_asignatura; plan_especialidad; plantilla_horaria; publicacion_clase; regente; reportes_generados; respaldo_gestion_academica; tarea; tipo_vinculacion_estudiante; turno; users,,NINGUNA NUEVA,False,Reutiliza schema declarado; pruebas de persistencia siguen pendientes,Referencias/imports transitivos + enlace conceptual documentado; no certifica consulta de todas las tablas en cada acción
V052,Secretaria,Paralelos,PARTIAL,bitacora; curso; horario_detalle; inscripcion_estudiante; paralelo; plan_asignatura; plan_especialidad; users,,NINGUNA NUEVA,False,Reutiliza schema declarado; pruebas de persistencia siguen pendientes,Referencias/imports transitivos + enlace conceptual documentado; no certifica consulta de todas las tablas en cada acción
V053,Secretaria,Turnos,PARTIAL,actividad_clase; administrador; asignatura; asistencia_clase; asistencia_estudiante; calificacion; clase_estudiante; clase_virtual; curso; director; docente; documento_inscripcion_estudiante; entrega_tarea; especialidad_tecnica; estado_asistencia; estudiante; gestion_academica; horario; horario_bloque; inscripcion_estudiante; institucion_procedencia; material_clase; orientacion_actividades; orientacion_carreras_sugeridas; orientacion_resultados; paralelo; periodo_evaluacion; persona; personal_institucional; plan_asignatura; plan_especialidad; plantilla_horaria; publicacion_clase; regente; reportes_generados; respaldo_gestion_academica; tarea; tipo_vinculacion_estudiante; turno; users,,NINGUNA NUEVA,False,Reutiliza schema declarado; pruebas de persistencia siguen pendientes,Referencias/imports transitivos + enlace conceptual documentado; no certifica consulta de todas las tablas en cada acción
V054,Secretaria,Calendario,PARTIAL,actividad_clase; administrador; asignatura; asistencia_clase; asistencia_estudiante; calendario_evento; calendario_evento_revisiones; calificacion; calificacion_tarea; clase_estudiante; clase_virtual; curso; director; docente; entrega_archivo; entrega_tarea; especialidad_tecnica; estado_asistencia; estudiante; gestion_academica; horario_bloque; inscripcion_estudiante; institucion_procedencia; material_clase; orientacion_actividades; orientacion_respuestas; orientacion_resultados; paralelo; persona; personal_institucional; plan_asignatura; plan_especialidad; publicacion_clase; regente; roles; tarea; tarea_material; tipo_vinculacion_estudiante; turno; users,calendario_evento; calendario_evento_revisiones,MIG-005 revisada (solo eventos),False,"Retira precondición de schema solo después de aprobación/aplicación aislada; reglas, escritores, RBAC y QA pendientes",Referencias/imports transitivos + enlace conceptual documentado; no certifica consulta de todas las tablas en cada acción
V055,Secretaria,Kardex,BLOCKED_EXTERNALLY_DB,actividad_clase; administrador; asignatura; asistencia_clase; asistencia_estudiante; calificacion; calificacion_tarea; clase_estudiante; clase_virtual; curso; director; docente; documento_inscripcion_estudiante; entrega_archivo; entrega_tarea; especialidad_tecnica; estado_asistencia; estudiante; gestion_academica; horario_bloque; inscripcion_estudiante; institucion_procedencia; kardex_categorias; kardex_estados; kardex_medidas; kardex_niveles; kardex_tipos; material_clase; orientacion_actividades; orientacion_respuestas; orientacion_resultados; paralelo; periodo_evaluacion; persona; personal_institucional; plan_asignatura; plan_especialidad; publicacion_clase; regente; roles; seguimiento_academico; seguimiento_evidencias; seguimiento_revisiones; tarea; tarea_material; tipo_vinculacion_estudiante; turno; users,kardex_categorias; kardex_estados; kardex_medidas; kardex_niveles; kardex_tipos; seguimiento_academico; seguimiento_evidencias; seguimiento_revisiones,MIG-001 revisada,True,"Retira precondición de schema solo después de aprobación/aplicación aislada; reglas, escritores, RBAC y QA pendientes",Referencias/imports transitivos + enlace conceptual documentado; no certifica consulta de todas las tablas en cada acción
V056,Secretaria,Reportes administrativos,PARTIAL,administrador; bitacora; director; persona; reportes_generados; users,,NINGUNA NUEVA,False,Reutiliza schema declarado; pruebas de persistencia siguen pendientes,Referencias/imports transitivos + enlace conceptual documentado; no certifica consulta de todas las tablas en cada acción
V057,Secretaria,Mi perfil,PARTIAL,No dependencia inferida; revisar feature institucional,,NINGUNA NUEVA,False,Reutiliza schema declarado; pruebas de persistencia siguen pendientes,Referencias/imports transitivos + enlace conceptual documentado; no certifica consulta de todas las tablas en cada acción
V058,Regente,Inicio,PARTIAL,actividad_clase; administrador; asignatura; asistencia_clase; asistencia_estudiante; bitacora; calificacion; calificacion_tarea; clase_estudiante; clase_virtual; curso; director; docente; documento_inscripcion_estudiante; entrega_archivo; entrega_tarea; especialidad_tecnica; estado_asistencia; estudiante; gestion_academica; horario; horario_bloque; inscripcion_estudiante; institucion_procedencia; material_clase; notifications; orientacion_actividades; orientacion_respuestas; orientacion_resultados; paralelo; periodo_evaluacion; persona; personal_institucional; plan_asignatura; plan_especialidad; publicacion_clase; regente; respaldo_gestion_academica; roles; tarea; tarea_material; tipo_vinculacion_estudiante; turno; users,notifications,MIG-003 revisada (shell),False,"Retira precondición de schema solo después de aprobación/aplicación aislada; reglas, escritores, RBAC y QA pendientes",Referencias/imports transitivos + enlace conceptual documentado; no certifica consulta de todas las tablas en cada acción
V059,Regente,Mis grados,PARTIAL,administrador; curso; gestion_academica; inscripcion_estudiante; persona; personal_institucional; plan_asignatura; plan_especialidad; regente; regente_asignaciones; users,,NINGUNA NUEVA,False,Reutiliza schema declarado; pruebas de persistencia siguen pendientes,Referencias/imports transitivos + enlace conceptual documentado; no certifica consulta de todas las tablas en cada acción
V060,Regente,Cursos,PARTIAL,actividad_clase; administrador; asignatura; asistencia_clase; asistencia_estudiante; calificacion; clase_estudiante; clase_virtual; curso; director; docente; documento_inscripcion_estudiante; entrega_tarea; especialidad_tecnica; estado_asistencia; estudiante; gestion_academica; horario; horario_bloque; inscripcion_estudiante; institucion_procedencia; material_clase; orientacion_actividades; orientacion_carreras_sugeridas; orientacion_resultados; paralelo; periodo_evaluacion; persona; personal_institucional; plan_asignatura; plan_especialidad; plantilla_horaria; publicacion_clase; regente; reportes_generados; respaldo_gestion_academica; tarea; tipo_vinculacion_estudiante; turno; users,,NINGUNA NUEVA,False,Reutiliza schema declarado; pruebas de persistencia siguen pendientes,Referencias/imports transitivos + enlace conceptual documentado; no certifica consulta de todas las tablas en cada acción
V061,Regente,Estudiantes,PARTIAL,actividad_clase; administrador; asignatura; asistencia_clase; asistencia_estudiante; calificacion; clase_estudiante; clase_virtual; curso; director; docente; documento_inscripcion_estudiante; entrega_tarea; especialidad_tecnica; estado_asistencia; estudiante; gestion_academica; horario; horario_bloque; inscripcion_estudiante; institucion_procedencia; material_clase; orientacion_actividades; orientacion_carreras_sugeridas; orientacion_resultados; paralelo; periodo_evaluacion; persona; personal_institucional; plan_asignatura; plan_especialidad; plantilla_horaria; publicacion_clase; regente; reportes_generados; respaldo_gestion_academica; tarea; tipo_vinculacion_estudiante; turno; users,,NINGUNA NUEVA,False,Reutiliza schema declarado; pruebas de persistencia siguen pendientes,Referencias/imports transitivos + enlace conceptual documentado; no certifica consulta de todas las tablas en cada acción
V062,Regente,Asistencia del alcance,PARTIAL,actividad_clase; administrador; asignatura; asistencia_clase; asistencia_estudiante; calificacion; clase_estudiante; clase_virtual; curso; director; docente; documento_inscripcion_estudiante; entrega_tarea; especialidad_tecnica; estado_asistencia; estudiante; gestion_academica; horario; horario_bloque; inscripcion_estudiante; institucion_procedencia; material_clase; orientacion_actividades; orientacion_carreras_sugeridas; orientacion_resultados; paralelo; periodo_evaluacion; persona; personal_institucional; plan_asignatura; plan_especialidad; plantilla_horaria; publicacion_clase; regente; reportes_generados; respaldo_gestion_academica; tarea; tipo_vinculacion_estudiante; turno; users,,NINGUNA NUEVA,False,Reutiliza schema declarado; pruebas de persistencia siguen pendientes,Referencias/imports transitivos + enlace conceptual documentado; no certifica consulta de todas las tablas en cada acción
V063,Regente,Kardex,BLOCKED_EXTERNALLY_DB,actividad_clase; administrador; asignatura; asistencia_clase; asistencia_estudiante; calificacion; calificacion_tarea; clase_estudiante; clase_virtual; curso; director; docente; documento_inscripcion_estudiante; entrega_archivo; entrega_tarea; especialidad_tecnica; estado_asistencia; estudiante; gestion_academica; horario_bloque; inscripcion_estudiante; institucion_procedencia; kardex_categorias; kardex_estados; kardex_medidas; kardex_niveles; kardex_tipos; material_clase; orientacion_actividades; orientacion_respuestas; orientacion_resultados; paralelo; periodo_evaluacion; persona; personal_institucional; plan_asignatura; plan_especialidad; publicacion_clase; regente; roles; seguimiento_academico; seguimiento_evidencias; seguimiento_revisiones; tarea; tarea_material; tipo_vinculacion_estudiante; turno; users,kardex_categorias; kardex_estados; kardex_medidas; kardex_niveles; kardex_tipos; seguimiento_academico; seguimiento_evidencias; seguimiento_revisiones,MIG-001 revisada,True,"Retira precondición de schema solo después de aprobación/aplicación aislada; reglas, escritores, RBAC y QA pendientes",Referencias/imports transitivos + enlace conceptual documentado; no certifica consulta de todas las tablas en cada acción
V064,Regente,Seguimientos,BLOCKED_EXTERNALLY_DB,actividad_clase; administrador; asignatura; asistencia_clase; asistencia_estudiante; calificacion; calificacion_tarea; clase_estudiante; clase_virtual; curso; director; docente; documento_inscripcion_estudiante; entrega_archivo; entrega_tarea; especialidad_tecnica; estado_asistencia; estudiante; gestion_academica; horario_bloque; inscripcion_estudiante; institucion_procedencia; kardex_categorias; kardex_estados; kardex_medidas; kardex_niveles; kardex_tipos; material_clase; orientacion_actividades; orientacion_respuestas; orientacion_resultados; paralelo; periodo_evaluacion; persona; personal_institucional; plan_asignatura; plan_especialidad; publicacion_clase; regente; roles; seguimiento_academico; seguimiento_evidencias; seguimiento_revisiones; tarea; tarea_material; tipo_vinculacion_estudiante; turno; users,kardex_categorias; kardex_estados; kardex_medidas; kardex_niveles; kardex_tipos; seguimiento_academico; seguimiento_evidencias; seguimiento_revisiones,MIG-001 revisada,True,"Retira precondición de schema solo después de aprobación/aplicación aislada; reglas, escritores, RBAC y QA pendientes",Referencias/imports transitivos + enlace conceptual documentado; no certifica consulta de todas las tablas en cada acción
V065,Regente,LMS institucional/supervisión,PARTIAL,actividad_clase; administrador; asignatura; asistencia_clase; asistencia_estudiante; calificacion; clase_estudiante; clase_virtual; curso; director; docente; documento_inscripcion_estudiante; entrega_tarea; especialidad_tecnica; estado_asistencia; estudiante; gestion_academica; horario; horario_bloque; inscripcion_estudiante; institucion_procedencia; material_clase; orientacion_actividades; orientacion_carreras_sugeridas; orientacion_resultados; paralelo; periodo_evaluacion; persona; personal_institucional; plan_asignatura; plan_especialidad; plantilla_horaria; publicacion_clase; regente; reportes_generados; respaldo_gestion_academica; tarea; tipo_vinculacion_estudiante; turno; users,,NINGUNA NUEVA,False,Reutiliza schema declarado; pruebas de persistencia siguen pendientes,Referencias/imports transitivos + enlace conceptual documentado; no certifica consulta de todas las tablas en cada acción
V066,Regente,Alertas,BLOCKED_EXTERNALLY_INSTITUTIONAL,actividad_clase; administrador; asignatura; asistencia_clase; asistencia_estudiante; calificacion; calificacion_tarea; clase_estudiante; clase_virtual; curso; director; docente; documento_inscripcion_estudiante; entrega_archivo; entrega_tarea; especialidad_tecnica; estado_asistencia; estudiante; gestion_academica; horario_bloque; inscripcion_estudiante; institucion_procedencia; kardex_categorias; kardex_estados; kardex_medidas; kardex_niveles; kardex_tipos; material_clase; orientacion_actividades; orientacion_respuestas; orientacion_resultados; paralelo; periodo_evaluacion; persona; personal_institucional; plan_asignatura; plan_especialidad; publicacion_clase; regente; roles; seguimiento_academico; seguimiento_evidencias; seguimiento_revisiones; tarea; tarea_material; tipo_vinculacion_estudiante; turno; users,kardex_categorias; kardex_estados; kardex_medidas; kardex_niveles; kardex_tipos; seguimiento_academico; seguimiento_evidencias; seguimiento_revisiones,MIG-001 revisada,False,"Retira precondición de schema solo después de aprobación/aplicación aislada; reglas, escritores, RBAC y QA pendientes",Referencias/imports transitivos + enlace conceptual documentado; no certifica consulta de todas las tablas en cada acción
V067,Regente,Calendario,PARTIAL,actividad_clase; administrador; asignatura; asistencia_clase; asistencia_estudiante; calendario_evento; calendario_evento_revisiones; calificacion; calificacion_tarea; clase_estudiante; clase_virtual; curso; director; docente; entrega_archivo; entrega_tarea; especialidad_tecnica; estado_asistencia; estudiante; gestion_academica; horario_bloque; inscripcion_estudiante; institucion_procedencia; material_clase; orientacion_actividades; orientacion_respuestas; orientacion_resultados; paralelo; persona; personal_institucional; plan_asignatura; plan_especialidad; publicacion_clase; regente; roles; tarea; tarea_material; tipo_vinculacion_estudiante; turno; users,calendario_evento; calendario_evento_revisiones,MIG-005 revisada (solo eventos),False,"Retira precondición de schema solo después de aprobación/aplicación aislada; reglas, escritores, RBAC y QA pendientes",Referencias/imports transitivos + enlace conceptual documentado; no certifica consulta de todas las tablas en cada acción
V068,Regente,Reportes académicos,PARTIAL,asignatura; bitacora; calificacion; curso; docente; documento_inscripcion_estudiante; especialidad_tecnica; estudiante; gestion_academica; inscripcion_estudiante; paralelo; periodo_evaluacion; persona; plan_asignatura; regente; turno; users,,NINGUNA NUEVA,False,Reutiliza schema declarado; pruebas de persistencia siguen pendientes,Referencias/imports transitivos + enlace conceptual documentado; no certifica consulta de todas las tablas en cada acción
V069,Regente,Mi perfil,PARTIAL,No dependencia inferida; revisar feature institucional,,NINGUNA NUEVA,False,Reutiliza schema declarado; pruebas de persistencia siguen pendientes,Referencias/imports transitivos + enlace conceptual documentado; no certifica consulta de todas las tablas en cada acción
V070,Docente,Inicio,PARTIAL,actividad_clase; administrador; asignatura; asistencia_clase; asistencia_estudiante; bitacora; calificacion; calificacion_tarea; clase_estudiante; clase_virtual; curso; director; docente; documento_inscripcion_estudiante; entrega_archivo; entrega_tarea; especialidad_tecnica; estado_asistencia; estudiante; gestion_academica; horario; horario_bloque; inscripcion_estudiante; institucion_procedencia; material_clase; notifications; orientacion_actividades; orientacion_respuestas; orientacion_resultados; paralelo; periodo_evaluacion; persona; personal_institucional; plan_asignatura; plan_especialidad; publicacion_clase; regente; respaldo_gestion_academica; roles; tarea; tarea_material; tipo_vinculacion_estudiante; turno; users,notifications,MIG-003 revisada (shell),False,"Retira precondición de schema solo después de aprobación/aplicación aislada; reglas, escritores, RBAC y QA pendientes",Referencias/imports transitivos + enlace conceptual documentado; no certifica consulta de todas las tablas en cada acción
V071,Docente,Mis cursos/materias,PARTIAL,actividad_clase; administrador; asistencia_clase; asistencia_estudiante; calificacion; calificacion_tarea; clase_estudiante; clase_virtual; director; docente; entrega_archivo; entrega_tarea; especialidad_tecnica; estado_asistencia; estudiante; gestion_academica; horario_bloque; inscripcion_estudiante; institucion_procedencia; material_clase; orientacion_actividades; orientacion_respuestas; orientacion_resultados; persona; personal_institucional; plan_asignatura; plan_especialidad; publicacion_clase; regente; roles; tarea; tarea_material; tipo_vinculacion_estudiante; users,,NINGUNA NUEVA,False,Reutiliza schema declarado; pruebas de persistencia siguen pendientes,Referencias/imports transitivos + enlace conceptual documentado; no certifica consulta de todas las tablas en cada acción
V072,Docente,Curso: resumen,PARTIAL,actividad_clase; administrador; asignatura; asistencia_clase; asistencia_estudiante; calificacion; calificacion_tarea; clase_estudiante; clase_virtual; curso; director; docente; documento_inscripcion_estudiante; entrega_archivo; entrega_tarea; especialidad_tecnica; estado_asistencia; estudiante; gestion_academica; horario_bloque; inscripcion_estudiante; institucion_procedencia; material_clase; orientacion_actividades; orientacion_respuestas; orientacion_resultados; paralelo; periodo_evaluacion; persona; personal_institucional; plan_asignatura; plan_especialidad; publicacion_clase; regente; roles; tarea; tarea_material; tipo_vinculacion_estudiante; turno; unidades_clase; users,unidades_clase,NINGUNA NUEVA,False,"Retira precondición de schema solo después de aprobación/aplicación aislada; reglas, escritores, RBAC y QA pendientes",Referencias/imports transitivos + enlace conceptual documentado; no certifica consulta de todas las tablas en cada acción
V073,Docente,Curso: contenido/unidades,PARTIAL,actividad_clase; administrador; asignatura; asistencia_clase; asistencia_estudiante; bitacora; calificacion; calificacion_tarea; clase_estudiante; clase_virtual; curso; director; docente; documento_inscripcion_estudiante; entrega_archivo; entrega_tarea; especialidad_tecnica; estado_asistencia; estudiante; gestion_academica; horario_bloque; inscripcion_estudiante; institucion_procedencia; material_clase; orientacion_actividades; orientacion_respuestas; orientacion_resultados; paralelo; periodo_evaluacion; persona; personal_institucional; plan_asignatura; plan_especialidad; publicacion_clase; regente; roles; tarea; tarea_material; tipo_vinculacion_estudiante; turno; unidades_clase; users,unidades_clase,MIG-002,False,"Retira precondición de schema solo después de aprobación/aplicación aislada; reglas, escritores, RBAC y QA pendientes",Referencias/imports transitivos + enlace conceptual documentado; no certifica consulta de todas las tablas en cada acción
V074,Docente,Curso: materiales,PARTIAL,actividad_clase; administrador; asignatura; asistencia_clase; asistencia_estudiante; bitacora; calificacion; calificacion_tarea; clase_estudiante; clase_virtual; curso; director; docente; documento_inscripcion_estudiante; entrega_archivo; entrega_tarea; especialidad_tecnica; estado_asistencia; estudiante; gestion_academica; horario_bloque; inscripcion_estudiante; institucion_procedencia; material_clase; notifications; orientacion_actividades; orientacion_respuestas; orientacion_resultados; paralelo; periodo_evaluacion; persona; personal_institucional; plan_asignatura; plan_especialidad; publicacion_clase; regente; roles; tarea; tarea_material; tipo_vinculacion_estudiante; turno; unidades_clase; users,notifications; unidades_clase,MIG-002; MIG-003 revisada (shell),False,"Retira precondición de schema solo después de aprobación/aplicación aislada; reglas, escritores, RBAC y QA pendientes",Referencias/imports transitivos + enlace conceptual documentado; no certifica consulta de todas las tablas en cada acción
V075,Docente,Curso: actividades,PARTIAL,actividad_clase; administrador; asignatura; asistencia_clase; asistencia_estudiante; bitacora; calificacion; calificacion_tarea; clase_estudiante; clase_virtual; curso; director; docente; documento_inscripcion_estudiante; entrega_archivo; entrega_tarea; especialidad_tecnica; estado_asistencia; estudiante; gestion_academica; horario_bloque; inscripcion_estudiante; institucion_procedencia; material_clase; notifications; orientacion_actividades; orientacion_respuestas; orientacion_resultados; paralelo; periodo_evaluacion; persona; personal_institucional; plan_asignatura; plan_especialidad; publicacion_clase; regente; roles; tarea; tarea_material; tipo_vinculacion_estudiante; turno; unidades_clase; users,notifications; unidades_clase,MIG-002; MIG-003 revisada (shell),False,"Retira precondición de schema solo después de aprobación/aplicación aislada; reglas, escritores, RBAC y QA pendientes",Referencias/imports transitivos + enlace conceptual documentado; no certifica consulta de todas las tablas en cada acción
V076,Docente,Curso: tareas,PARTIAL,actividad_clase; administrador; asignatura; asistencia_clase; asistencia_estudiante; bitacora; calificacion; calificacion_tarea; clase_estudiante; clase_virtual; curso; director; docente; documento_inscripcion_estudiante; entrega_archivo; entrega_tarea; especialidad_tecnica; estado_asistencia; estudiante; gestion_academica; horario_bloque; inscripcion_estudiante; institucion_procedencia; material_clase; notifications; orientacion_actividades; orientacion_respuestas; orientacion_resultados; paralelo; periodo_evaluacion; persona; personal_institucional; plan_asignatura; plan_especialidad; publicacion_clase; regente; roles; tarea; tarea_material; tipo_vinculacion_estudiante; turno; unidades_clase; users,notifications; unidades_clase,MIG-002; MIG-003 revisada (shell),False,"Retira precondición de schema solo después de aprobación/aplicación aislada; reglas, escritores, RBAC y QA pendientes",Referencias/imports transitivos + enlace conceptual documentado; no certifica consulta de todas las tablas en cada acción
V077,Docente,Curso: entregas,PARTIAL,actividad_clase; administrador; asignatura; asistencia_clase; asistencia_estudiante; bitacora; calificacion; calificacion_tarea; clase_estudiante; clase_virtual; curso; director; docente; documento_inscripcion_estudiante; entrega_archivo; entrega_tarea; especialidad_tecnica; estado_asistencia; estudiante; gestion_academica; horario_bloque; inscripcion_estudiante; institucion_procedencia; material_clase; notifications; orientacion_actividades; orientacion_respuestas; orientacion_resultados; paralelo; periodo_evaluacion; persona; personal_institucional; plan_asignatura; plan_especialidad; publicacion_clase; regente; roles; tarea; tarea_material; tipo_vinculacion_estudiante; turno; unidades_clase; users,notifications; unidades_clase,MIG-003 revisada (shell),False,"Retira precondición de schema solo después de aprobación/aplicación aislada; reglas, escritores, RBAC y QA pendientes",Referencias/imports transitivos + enlace conceptual documentado; no certifica consulta de todas las tablas en cada acción
V078,Docente,Curso: asistencia,PARTIAL,actividad_clase; administrador; asignatura; asistencia_clase; asistencia_estudiante; bitacora; calificacion; calificacion_tarea; clase_estudiante; clase_virtual; curso; director; docente; documento_inscripcion_estudiante; entrega_archivo; entrega_tarea; especialidad_tecnica; estado_asistencia; estudiante; gestion_academica; horario_bloque; inscripcion_estudiante; institucion_procedencia; material_clase; notifications; orientacion_actividades; orientacion_respuestas; orientacion_resultados; paralelo; periodo_evaluacion; persona; personal_institucional; plan_asignatura; plan_especialidad; publicacion_clase; regente; roles; tarea; tarea_material; tipo_vinculacion_estudiante; turno; unidades_clase; users,notifications; unidades_clase,MIG-003 revisada (shell),False,"Retira precondición de schema solo después de aprobación/aplicación aislada; reglas, escritores, RBAC y QA pendientes",Referencias/imports transitivos + enlace conceptual documentado; no certifica consulta de todas las tablas en cada acción
V079,Docente,Curso: calificaciones,PARTIAL,actividad_clase; administrador; asignatura; asistencia_clase; asistencia_estudiante; calificacion; calificacion_tarea; clase_estudiante; clase_virtual; curso; director; docente; documento_inscripcion_estudiante; entrega_archivo; entrega_tarea; especialidad_tecnica; estado_asistencia; estudiante; gestion_academica; horario_bloque; inscripcion_estudiante; institucion_procedencia; material_clase; notifications; orientacion_actividades; orientacion_respuestas; orientacion_resultados; paralelo; periodo_evaluacion; persona; personal_institucional; plan_asignatura; plan_especialidad; publicacion_clase; regente; roles; tarea; tarea_material; tipo_vinculacion_estudiante; turno; unidades_clase; users,notifications; unidades_clase,MIG-003 revisada (shell),False,"Retira precondición de schema solo después de aprobación/aplicación aislada; reglas, escritores, RBAC y QA pendientes",Referencias/imports transitivos + enlace conceptual documentado; no certifica consulta de todas las tablas en cada acción
V080,Docente,Curso: estudiantes,PARTIAL,actividad_clase; administrador; asignatura; asistencia_clase; asistencia_estudiante; calificacion; calificacion_tarea; clase_estudiante; clase_virtual; curso; director; docente; documento_inscripcion_estudiante; entrega_archivo; entrega_tarea; especialidad_tecnica; estado_asistencia; estudiante; gestion_academica; horario_bloque; inscripcion_estudiante; institucion_procedencia; material_clase; orientacion_actividades; orientacion_respuestas; orientacion_resultados; paralelo; periodo_evaluacion; persona; personal_institucional; plan_asignatura; plan_especialidad; publicacion_clase; regente; roles; tarea; tarea_material; tipo_vinculacion_estudiante; turno; unidades_clase; users,unidades_clase,NINGUNA NUEVA,False,"Retira precondición de schema solo después de aprobación/aplicación aislada; reglas, escritores, RBAC y QA pendientes",Referencias/imports transitivos + enlace conceptual documentado; no certifica consulta de todas las tablas en cada acción
V081,Docente,Calendario,PARTIAL,actividad_clase; administrador; asignatura; asistencia_clase; asistencia_estudiante; calendario_evento; calendario_evento_revisiones; calificacion; calificacion_tarea; clase_estudiante; clase_virtual; curso; director; docente; entrega_archivo; entrega_tarea; especialidad_tecnica; estado_asistencia; estudiante; gestion_academica; horario_bloque; inscripcion_estudiante; institucion_procedencia; material_clase; orientacion_actividades; orientacion_respuestas; orientacion_resultados; paralelo; persona; personal_institucional; plan_asignatura; plan_especialidad; publicacion_clase; regente; roles; tarea; tarea_material; tipo_vinculacion_estudiante; turno; users,calendario_evento; calendario_evento_revisiones,MIG-005 revisada (solo eventos),False,"Retira precondición de schema solo después de aprobación/aplicación aislada; reglas, escritores, RBAC y QA pendientes",Referencias/imports transitivos + enlace conceptual documentado; no certifica consulta de todas las tablas en cada acción
V082,Docente,Kardex,BLOCKED_EXTERNALLY_DB,actividad_clase; administrador; asignatura; asistencia_clase; asistencia_estudiante; calificacion; calificacion_tarea; clase_estudiante; clase_virtual; curso; director; docente; documento_inscripcion_estudiante; entrega_archivo; entrega_tarea; especialidad_tecnica; estado_asistencia; estudiante; gestion_academica; horario_bloque; inscripcion_estudiante; institucion_procedencia; kardex_categorias; kardex_estados; kardex_medidas; kardex_niveles; kardex_tipos; material_clase; orientacion_actividades; orientacion_respuestas; orientacion_resultados; paralelo; periodo_evaluacion; persona; personal_institucional; plan_asignatura; plan_especialidad; publicacion_clase; regente; roles; seguimiento_academico; seguimiento_evidencias; seguimiento_revisiones; tarea; tarea_material; tipo_vinculacion_estudiante; turno; users,kardex_categorias; kardex_estados; kardex_medidas; kardex_niveles; kardex_tipos; seguimiento_academico; seguimiento_evidencias; seguimiento_revisiones,MIG-001 revisada,True,"Retira precondición de schema solo después de aprobación/aplicación aislada; reglas, escritores, RBAC y QA pendientes",Referencias/imports transitivos + enlace conceptual documentado; no certifica consulta de todas las tablas en cada acción
V083,Docente,Seguimientos,BLOCKED_EXTERNALLY_DB,actividad_clase; administrador; asignatura; asistencia_clase; asistencia_estudiante; calificacion; calificacion_tarea; clase_estudiante; clase_virtual; curso; director; docente; documento_inscripcion_estudiante; entrega_archivo; entrega_tarea; especialidad_tecnica; estado_asistencia; estudiante; gestion_academica; horario_bloque; inscripcion_estudiante; institucion_procedencia; kardex_categorias; kardex_estados; kardex_medidas; kardex_niveles; kardex_tipos; material_clase; orientacion_actividades; orientacion_respuestas; orientacion_resultados; paralelo; periodo_evaluacion; persona; personal_institucional; plan_asignatura; plan_especialidad; publicacion_clase; regente; roles; seguimiento_academico; seguimiento_evidencias; seguimiento_revisiones; tarea; tarea_material; tipo_vinculacion_estudiante; turno; users,kardex_categorias; kardex_estados; kardex_medidas; kardex_niveles; kardex_tipos; seguimiento_academico; seguimiento_evidencias; seguimiento_revisiones,MIG-001 revisada,True,"Retira precondición de schema solo después de aprobación/aplicación aislada; reglas, escritores, RBAC y QA pendientes",Referencias/imports transitivos + enlace conceptual documentado; no certifica consulta de todas las tablas en cada acción
V084,Docente,Orientación,PARTIAL,actividad_clase; administrador; asistencia_clase; asistencia_estudiante; bitacora; calificacion; calificacion_tarea; clase_estudiante; clase_virtual; director; docente; entrega_archivo; entrega_tarea; especialidad_tecnica; estado_asistencia; estudiante; gestion_academica; horario_bloque; inscripcion_estudiante; institucion_procedencia; material_clase; orientacion_actividades; orientacion_carreras_sugeridas; orientacion_preguntas; orientacion_respuestas; orientacion_resultados; persona; personal_institucional; plan_asignatura; plan_especialidad; publicacion_clase; regente; roles; tarea; tarea_material; tipo_vinculacion_estudiante; users,,NINGUNA NUEVA,False,Reutiliza schema declarado; pruebas de persistencia siguen pendientes,Referencias/imports transitivos + enlace conceptual documentado; no certifica consulta de todas las tablas en cada acción
V085,Docente,Reportes académicos,PARTIAL,actividad_clase; administrador; asistencia_clase; asistencia_estudiante; bitacora; calificacion; calificacion_tarea; clase_estudiante; clase_virtual; director; docente; entrega_archivo; entrega_tarea; especialidad_tecnica; estado_asistencia; estudiante; gestion_academica; horario_bloque; inscripcion_estudiante; institucion_procedencia; material_clase; orientacion_actividades; orientacion_respuestas; orientacion_resultados; persona; personal_institucional; plan_asignatura; plan_especialidad; publicacion_clase; regente; roles; tarea; tarea_material; tipo_vinculacion_estudiante; users,,NINGUNA NUEVA,False,Reutiliza schema declarado; pruebas de persistencia siguen pendientes,Referencias/imports transitivos + enlace conceptual documentado; no certifica consulta de todas las tablas en cada acción
V086,Docente,Mi perfil,PARTIAL,No dependencia inferida; revisar feature institucional,,NINGUNA NUEVA,False,Reutiliza schema declarado; pruebas de persistencia siguen pendientes,Referencias/imports transitivos + enlace conceptual documentado; no certifica consulta de todas las tablas en cada acción
V087,Estudiante,Inicio,PARTIAL,actividad_clase; administrador; asignatura; asistencia_clase; asistencia_estudiante; bitacora; calificacion; calificacion_tarea; clase_estudiante; clase_virtual; curso; director; docente; documento_inscripcion_estudiante; entrega_archivo; entrega_tarea; especialidad_tecnica; estado_asistencia; estudiante; gestion_academica; horario; horario_bloque; inscripcion_estudiante; institucion_procedencia; material_clase; notifications; orientacion_actividades; orientacion_respuestas; orientacion_resultados; paralelo; periodo_evaluacion; persona; personal_institucional; plan_asignatura; plan_especialidad; publicacion_clase; regente; respaldo_gestion_academica; roles; tarea; tarea_material; tipo_vinculacion_estudiante; turno; users,notifications,MIG-003 revisada (shell),False,"Retira precondición de schema solo después de aprobación/aplicación aislada; reglas, escritores, RBAC y QA pendientes",Referencias/imports transitivos + enlace conceptual documentado; no certifica consulta de todas las tablas en cada acción
V088,Estudiante,Mis cursos/materias,PARTIAL,actividad_clase; administrador; asistencia_clase; asistencia_estudiante; calificacion; calificacion_tarea; clase_estudiante; clase_virtual; director; docente; entrega_archivo; entrega_tarea; especialidad_tecnica; estado_asistencia; estudiante; gestion_academica; horario_bloque; inscripcion_estudiante; institucion_procedencia; material_clase; orientacion_actividades; orientacion_respuestas; orientacion_resultados; persona; personal_institucional; plan_asignatura; plan_especialidad; publicacion_clase; regente; roles; tarea; tarea_material; tipo_vinculacion_estudiante; users,,NINGUNA NUEVA,False,Reutiliza schema declarado; pruebas de persistencia siguen pendientes,Referencias/imports transitivos + enlace conceptual documentado; no certifica consulta de todas las tablas en cada acción
V089,Estudiante,Curso: resumen,PARTIAL,actividad_clase; administrador; asignatura; asistencia_clase; asistencia_estudiante; calificacion; calificacion_tarea; clase_estudiante; clase_virtual; curso; director; docente; documento_inscripcion_estudiante; entrega_archivo; entrega_tarea; especialidad_tecnica; estado_asistencia; estudiante; gestion_academica; horario_bloque; inscripcion_estudiante; institucion_procedencia; material_clase; orientacion_actividades; orientacion_respuestas; orientacion_resultados; paralelo; periodo_evaluacion; persona; personal_institucional; plan_asignatura; plan_especialidad; publicacion_clase; regente; roles; tarea; tarea_material; tipo_vinculacion_estudiante; turno; unidades_clase; users,unidades_clase,NINGUNA NUEVA,False,"Retira precondición de schema solo después de aprobación/aplicación aislada; reglas, escritores, RBAC y QA pendientes",Referencias/imports transitivos + enlace conceptual documentado; no certifica consulta de todas las tablas en cada acción
V090,Estudiante,Curso: contenido/unidades,PARTIAL,actividad_clase; administrador; asignatura; asistencia_clase; asistencia_estudiante; bitacora; calificacion; calificacion_tarea; clase_estudiante; clase_virtual; curso; director; docente; documento_inscripcion_estudiante; entrega_archivo; entrega_tarea; especialidad_tecnica; estado_asistencia; estudiante; gestion_academica; horario_bloque; inscripcion_estudiante; institucion_procedencia; material_clase; orientacion_actividades; orientacion_respuestas; orientacion_resultados; paralelo; periodo_evaluacion; persona; personal_institucional; plan_asignatura; plan_especialidad; publicacion_clase; regente; roles; tarea; tarea_material; tipo_vinculacion_estudiante; turno; unidades_clase; users,unidades_clase,MIG-002,False,"Retira precondición de schema solo después de aprobación/aplicación aislada; reglas, escritores, RBAC y QA pendientes",Referencias/imports transitivos + enlace conceptual documentado; no certifica consulta de todas las tablas en cada acción
V091,Estudiante,Curso: materiales,PARTIAL,actividad_clase; administrador; asignatura; asistencia_clase; asistencia_estudiante; bitacora; calificacion; calificacion_tarea; clase_estudiante; clase_virtual; curso; director; docente; documento_inscripcion_estudiante; entrega_archivo; entrega_tarea; especialidad_tecnica; estado_asistencia; estudiante; gestion_academica; horario_bloque; inscripcion_estudiante; institucion_procedencia; material_clase; notifications; orientacion_actividades; orientacion_respuestas; orientacion_resultados; paralelo; periodo_evaluacion; persona; personal_institucional; plan_asignatura; plan_especialidad; publicacion_clase; regente; roles; tarea; tarea_material; tipo_vinculacion_estudiante; turno; unidades_clase; users,notifications; unidades_clase,MIG-002; MIG-003 revisada (shell),False,"Retira precondición de schema solo después de aprobación/aplicación aislada; reglas, escritores, RBAC y QA pendientes",Referencias/imports transitivos + enlace conceptual documentado; no certifica consulta de todas las tablas en cada acción
V092,Estudiante,Curso: tareas,PARTIAL,actividad_clase; administrador; asignatura; asistencia_clase; asistencia_estudiante; bitacora; calificacion; calificacion_tarea; clase_estudiante; clase_virtual; curso; director; docente; documento_inscripcion_estudiante; entrega_archivo; entrega_tarea; especialidad_tecnica; estado_asistencia; estudiante; gestion_academica; horario_bloque; inscripcion_estudiante; institucion_procedencia; material_clase; notifications; orientacion_actividades; orientacion_respuestas; orientacion_resultados; paralelo; periodo_evaluacion; persona; personal_institucional; plan_asignatura; plan_especialidad; publicacion_clase; regente; roles; tarea; tarea_material; tipo_vinculacion_estudiante; turno; unidades_clase; users,notifications; unidades_clase,MIG-002; MIG-003 revisada (shell),False,"Retira precondición de schema solo después de aprobación/aplicación aislada; reglas, escritores, RBAC y QA pendientes",Referencias/imports transitivos + enlace conceptual documentado; no certifica consulta de todas las tablas en cada acción
V093,Estudiante,Curso: entregas,PARTIAL,actividad_clase; administrador; asignatura; asistencia_clase; asistencia_estudiante; bitacora; calificacion; calificacion_tarea; clase_estudiante; clase_virtual; curso; director; docente; documento_inscripcion_estudiante; entrega_archivo; entrega_tarea; especialidad_tecnica; estado_asistencia; estudiante; gestion_academica; horario_bloque; inscripcion_estudiante; institucion_procedencia; material_clase; notifications; orientacion_actividades; orientacion_respuestas; orientacion_resultados; paralelo; periodo_evaluacion; persona; personal_institucional; plan_asignatura; plan_especialidad; publicacion_clase; regente; roles; tarea; tarea_material; tipo_vinculacion_estudiante; turno; unidades_clase; users,notifications; unidades_clase,MIG-003 revisada (shell),False,"Retira precondición de schema solo después de aprobación/aplicación aislada; reglas, escritores, RBAC y QA pendientes",Referencias/imports transitivos + enlace conceptual documentado; no certifica consulta de todas las tablas en cada acción
V094,Estudiante,Curso: calificaciones,PARTIAL,actividad_clase; administrador; asignatura; asistencia_clase; asistencia_estudiante; bitacora; calificacion; calificacion_tarea; clase_estudiante; clase_virtual; curso; director; docente; documento_inscripcion_estudiante; entrega_archivo; entrega_tarea; especialidad_tecnica; estado_asistencia; estudiante; gestion_academica; horario_bloque; inscripcion_estudiante; institucion_procedencia; material_clase; notifications; orientacion_actividades; orientacion_respuestas; orientacion_resultados; paralelo; periodo_evaluacion; persona; personal_institucional; plan_asignatura; plan_especialidad; publicacion_clase; regente; roles; tarea; tarea_material; tipo_vinculacion_estudiante; turno; unidades_clase; users,notifications; unidades_clase,MIG-003 revisada (shell),False,"Retira precondición de schema solo después de aprobación/aplicación aislada; reglas, escritores, RBAC y QA pendientes",Referencias/imports transitivos + enlace conceptual documentado; no certifica consulta de todas las tablas en cada acción
V095,Estudiante,Curso: asistencia,PARTIAL,actividad_clase; administrador; asignatura; asistencia_clase; asistencia_estudiante; bitacora; calificacion; calificacion_tarea; clase_estudiante; clase_virtual; curso; director; docente; documento_inscripcion_estudiante; entrega_archivo; entrega_tarea; especialidad_tecnica; estado_asistencia; estudiante; gestion_academica; horario_bloque; inscripcion_estudiante; institucion_procedencia; material_clase; notifications; orientacion_actividades; orientacion_respuestas; orientacion_resultados; paralelo; periodo_evaluacion; persona; personal_institucional; plan_asignatura; plan_especialidad; publicacion_clase; regente; roles; tarea; tarea_material; tipo_vinculacion_estudiante; turno; unidades_clase; users,notifications; unidades_clase,MIG-003 revisada (shell),False,"Retira precondición de schema solo después de aprobación/aplicación aislada; reglas, escritores, RBAC y QA pendientes",Referencias/imports transitivos + enlace conceptual documentado; no certifica consulta de todas las tablas en cada acción
V096,Estudiante,Calendario,PARTIAL,actividad_clase; administrador; asignatura; asistencia_clase; asistencia_estudiante; calendario_evento; calendario_evento_revisiones; calificacion; calificacion_tarea; clase_estudiante; clase_virtual; curso; director; docente; entrega_archivo; entrega_tarea; especialidad_tecnica; estado_asistencia; estudiante; gestion_academica; horario_bloque; inscripcion_estudiante; institucion_procedencia; material_clase; orientacion_actividades; orientacion_respuestas; orientacion_resultados; paralelo; persona; personal_institucional; plan_asignatura; plan_especialidad; publicacion_clase; regente; roles; tarea; tarea_material; tipo_vinculacion_estudiante; turno; users,calendario_evento; calendario_evento_revisiones,MIG-005 revisada (solo eventos),False,"Retira precondición de schema solo después de aprobación/aplicación aislada; reglas, escritores, RBAC y QA pendientes",Referencias/imports transitivos + enlace conceptual documentado; no certifica consulta de todas las tablas en cada acción
V097,Estudiante,Mi progreso,PARTIAL,actividad_clase; administrador; asignatura; asistencia_clase; asistencia_estudiante; calificacion; calificacion_tarea; clase_estudiante; clase_virtual; director; docente; entrega_archivo; entrega_tarea; especialidad_tecnica; estado_asistencia; estudiante; gestion_academica; horario_bloque; inscripcion_estudiante; institucion_procedencia; material_clase; orientacion_actividades; orientacion_carreras_sugeridas; orientacion_respuestas; orientacion_resultados; periodo_evaluacion; persona; personal_institucional; plan_asignatura; plan_especialidad; publicacion_clase; regente; roles; tarea; tarea_material; tipo_vinculacion_estudiante; users,,"NINGUNA NUEVA; MIG-006 integridad (ALTER, no ejecutada)",False,Reutiliza schema declarado; pruebas de persistencia siguen pendientes,Referencias/imports transitivos + enlace conceptual documentado; no certifica consulta de todas las tablas en cada acción
V098,Estudiante,Seguimientos,BLOCKED_EXTERNALLY_DB,actividad_clase; administrador; asignatura; asistencia_clase; asistencia_estudiante; calificacion; calificacion_tarea; clase_estudiante; clase_virtual; curso; director; docente; documento_inscripcion_estudiante; entrega_archivo; entrega_tarea; especialidad_tecnica; estado_asistencia; estudiante; gestion_academica; horario_bloque; inscripcion_estudiante; institucion_procedencia; kardex_categorias; kardex_estados; kardex_medidas; kardex_niveles; kardex_tipos; material_clase; orientacion_actividades; orientacion_respuestas; orientacion_resultados; paralelo; periodo_evaluacion; persona; personal_institucional; plan_asignatura; plan_especialidad; publicacion_clase; regente; roles; seguimiento_academico; seguimiento_evidencias; seguimiento_revisiones; tarea; tarea_material; tipo_vinculacion_estudiante; turno; users,kardex_categorias; kardex_estados; kardex_medidas; kardex_niveles; kardex_tipos; seguimiento_academico; seguimiento_evidencias; seguimiento_revisiones,MIG-001 revisada,True,"Retira precondición de schema solo después de aprobación/aplicación aislada; reglas, escritores, RBAC y QA pendientes",Referencias/imports transitivos + enlace conceptual documentado; no certifica consulta de todas las tablas en cada acción
V099,Estudiante,Mis intereses,PARTIAL,actividad_clase; administrador; asistencia_clase; asistencia_estudiante; bitacora; calificacion; calificacion_tarea; clase_estudiante; clase_virtual; director; docente; entrega_archivo; entrega_tarea; especialidad_tecnica; estado_asistencia; estudiante; gestion_academica; horario_bloque; inscripcion_estudiante; institucion_procedencia; material_clase; orientacion_actividades; orientacion_carreras_sugeridas; orientacion_preguntas; orientacion_respuestas; orientacion_resultados; persona; personal_institucional; plan_asignatura; plan_especialidad; publicacion_clase; regente; roles; tarea; tarea_material; tipo_vinculacion_estudiante; users,,"NINGUNA NUEVA; MIG-006 integridad (ALTER, no ejecutada)",False,Reutiliza schema declarado; pruebas de persistencia siguen pendientes,Referencias/imports transitivos + enlace conceptual documentado; no certifica consulta de todas las tablas en cada acción
V100,Estudiante,Mi futuro académico,PARTIAL,actividad_clase; administrador; asignatura; asistencia_clase; asistencia_estudiante; calificacion; calificacion_tarea; clase_estudiante; clase_virtual; director; docente; entrega_archivo; entrega_tarea; especialidad_tecnica; estado_asistencia; estudiante; gestion_academica; horario_bloque; inscripcion_estudiante; institucion_procedencia; material_clase; orientacion_actividades; orientacion_carreras_sugeridas; orientacion_respuestas; orientacion_resultados; periodo_evaluacion; persona; personal_institucional; plan_asignatura; plan_especialidad; publicacion_clase; regente; roles; tarea; tarea_material; tipo_vinculacion_estudiante; users,,NINGUNA NUEVA,False,Reutiliza schema declarado; pruebas de persistencia siguen pendientes,Referencias/imports transitivos + enlace conceptual documentado; no certifica consulta de todas las tablas en cada acción
V101,Estudiante,Mi preparación,PARTIAL,actividad_clase; administrador; asignatura; asistencia_clase; asistencia_estudiante; calificacion; calificacion_tarea; clase_estudiante; clase_virtual; director; docente; entrega_archivo; entrega_tarea; especialidad_tecnica; estado_asistencia; estudiante; gestion_academica; horario_bloque; inscripcion_estudiante; institucion_procedencia; material_clase; orientacion_actividades; orientacion_carreras_sugeridas; orientacion_respuestas; orientacion_resultados; periodo_evaluacion; persona; personal_institucional; plan_asignatura; plan_especialidad; publicacion_clase; regente; roles; tarea; tarea_material; tipo_vinculacion_estudiante; users,,NINGUNA NUEVA,False,Reutiliza schema declarado; pruebas de persistencia siguen pendientes,Referencias/imports transitivos + enlace conceptual documentado; no certifica consulta de todas las tablas en cada acción
V102,Estudiante,Mi plan,BLOCKED_EXTERNALLY_DB,actividad_clase; administrador; asistencia_clase; asistencia_estudiante; calificacion; calificacion_tarea; clase_estudiante; clase_virtual; director; docente; entrega_archivo; entrega_tarea; especialidad_tecnica; estado_asistencia; estudiante; gestion_academica; horario_bloque; inscripcion_estudiante; institucion_procedencia; material_clase; meta_academica_revisiones; metas_academicas; orientacion_actividades; orientacion_respuestas; orientacion_resultados; persona; personal_institucional; plan_asignatura; plan_especialidad; publicacion_clase; regente; roles; tarea; tarea_material; tipo_vinculacion_estudiante; users,meta_academica_revisiones; metas_academicas,MIG-004,True,"Retira precondición de schema solo después de aprobación/aplicación aislada; reglas, escritores, RBAC y QA pendientes",Referencias/imports transitivos + enlace conceptual documentado; no certifica consulta de todas las tablas en cada acción
V103,Estudiante,Fuentes académicas,PARTIAL,actividad_clase; administrador; asistencia_clase; asistencia_estudiante; calificacion; calificacion_tarea; clase_estudiante; clase_virtual; director; docente; entrega_archivo; entrega_tarea; especialidad_tecnica; estado_asistencia; estudiante; gestion_academica; horario_bloque; inscripcion_estudiante; institucion_procedencia; material_clase; orientacion_actividades; orientacion_respuestas; orientacion_resultados; persona; personal_institucional; plan_asignatura; plan_especialidad; publicacion_clase; regente; roles; tarea; tarea_material; tipo_vinculacion_estudiante; users,,NINGUNA NUEVA,False,Reutiliza schema declarado; pruebas de persistencia siguen pendientes,Referencias/imports transitivos + enlace conceptual documentado; no certifica consulta de todas las tablas en cada acción
V104,Estudiante,Asistente de estudio,PARTIAL,actividad_clase; administrador; asistencia_clase; asistencia_estudiante; calificacion; calificacion_tarea; clase_estudiante; clase_virtual; director; docente; entrega_archivo; entrega_tarea; especialidad_tecnica; estado_asistencia; estudiante; gestion_academica; horario_bloque; inscripcion_estudiante; institucion_procedencia; material_clase; orientacion_actividades; orientacion_respuestas; orientacion_resultados; persona; personal_institucional; plan_asignatura; plan_especialidad; publicacion_clase; regente; roles; tarea; tarea_material; tipo_vinculacion_estudiante; users,,NINGUNA NUEVA,False,Reutiliza schema declarado; pruebas de persistencia siguen pendientes,Referencias/imports transitivos + enlace conceptual documentado; no certifica consulta de todas las tablas en cada acción
V105,Estudiante,Mi perfil,PARTIAL,No dependencia inferida; revisar feature institucional,,NINGUNA NUEVA,False,Reutiliza schema declarado; pruebas de persistencia siguen pendientes,Referencias/imports transitivos + enlace conceptual documentado; no certifica consulta de todas las tablas en cada acción
