file,sha256
00-LEEME.md,06b555a8cdf336e0b286d882dae5a4d24eb19b07746b81b6cc88cc7f3a5be479
01-arquitectura-maestra.md,3c550bf35a11aaf3286dda81a0ce81eadfad7bb5c4421a0893f3b8f438647250
02-actores.md,00c9eeee3d13c8ff67c1597990b1ea6b70c8b3a03765104bbaf77a93bd9c03e5
03-rutas.md,45ec67a2a18c92cfdd05bc25ca1610c977b8a562155fb609f82728b604ee163a
04-navegacion.md,9d7d30421a921a58273a120e2babe2c446bd941dd023caeff5b3a26c1789602c
05-ventanas.md,8338400cdd4bfc3dc378416b40dba1cca05f2f226964eb91021cf93f700c2f92
06-administrativo-lms.md,b64c2b6342961449255758f0af7a222c7dfad44a33dee5c4ecb6acfc3c26065a
07-datos.md,c0f9b14ab9c5483860c01b07444bcfbcef5e38f753080e754526ff102c766316
08-crud.md,77ec75de39aacf190e0dab349909d65af2dc03217f35e60c83f145ed6147366a
09-rbac.md,11dfc39cd8a2ec4cbeb498ce33e2c852fba726c014400ca6d92a292685e3d67d
10-livewire.md,a06d379878694ccb4914b6681e65d4e8439beb3bd253ec7b7ba556b1238195e6
11-modales.md,8139fd058cf7e2b80817997b5db00e709b32542b52425a7314369dba922c3916
12-mensajes.md,edb256642610619ede8cff20140f0545244402ac1dbb000adf86a21c60f642e5
13-confirmaciones.md,53f2b34a3c42b9077ec85962a8384a1e648957bb566a71437acf79cd51d4d798
14-notificaciones.md,66181ae7278584d960de28977a033feb23663c168998b63a485ed5c1dc38dcbe
15-animaciones.md,675fd2f359341db5cdb142e88a81b20c3a070cbae7330ada7e5f4768d123153f
16-design-system.md,f3d5dab6f921e59a3bcf4244dbfc5c34c7a2f67cf84f5eb621a0a71736a4bad7
17-modelo-conceptual.md,afa546ddb6e59679bc346427c730789060fea5082426ae7f176a67db136fb577
18-lms.md,135f57c754c6ab070f994e7a44d96979339b712e082febc539a09b4c3640d8b3
19-kardex.md,2692aff28d807d4df533a8c8ea3f69d83f431db7b08a717fadeebeaf39d30085
20-peter3.md,3e59cf12361d4b344fa7f7668599270751ba59b096a27f08deacfbb0af6282c8
21-backlog.md,460bfbb830c5cca590ebaaa3c167a8e0092489847f74ef01ce0df3de3b57204f
22-riesgos.md,67e30231e474b3bd5b2cdb528e8927edfec7e9fd3e8331b7daf288fa47df7f85
23-dependencias.md,26f897b722a33afa6ef686d03d411250b2e5d50b36e20299821856b701a37284
24-test-plan.md,2a92ea07f70468004b16387ae5eab18e2285214e62a35c070231dd4d15cecfa8
25-mockups.md,217583b1e14dca862412a9f1e0c148e2bca043a4c2e8f290a1f372c05d2fed13
evidencia/generar_inventarios.py,46b9e079839e65eeb5732e49e982faf52fd3db732b0a610907ab4a93dc250add
evidencia/generar_ventanas.py,7e633132656099ab7bd5abd5a34b539223f9d6b1969c942b5c8af8ff8c69aa8f
evidencia/inventario-fuentes.csv,69da23ea40a8a9784b9cc7360e24c75e930266802c4094cb5ec1d221f943aa9b
evidencia/migraciones-declaradas.csv,2a3d22427c0eef747ea586e14a0e202859b67300901898ff2dba332e0d725d5f
evidencia/policies.csv,80a701d2f29905b6ab37ea037b7a22de9f06481da0b9b96d519ae2da744d2b2c
evidencia/resumen.json,a11e5433fc8e10d76d0651c7347eed280edda9e1949e97fbbd9e280ac71379f7
evidencia/rutas-operativo.json,0f8f1af75a6929219ca93e9aee2d2b5852bcfda33d2a8f8f071bdfc6fb9c1817
evidencia/rutas_estaticas.py,b99db9a9b48981fe04d9cdc0f4136b5976aca6136736390ff9ff84c207c6612e
evidencia/verificacion.json,32863fb119d3322eb516e46c164177f43f76d02abdd2a368021ed82d4794504d
evidencia/verificar_paquete.py,796e78995f81a6a7f2366609c5a73e0b5eb9a0d068853cfa1c15cc6dab2874c4
matrices/03-rutas-actuales.csv,1da9051fcf4306285cbb888980873a8d6cab201d9a476bce8305b6c3ce5a5762
matrices/03-rutas-base-aporte-estaticas.csv,163f89ef35ef8a73aef02b130938253a9d0b01c857e7a14277e1fd52ee36061f
matrices/05-ventanas.csv,0b0c4129fcc5414e2a975c61ad987a64813222616ac08a2076bc066611a74222
matrices/07-datos-existentes.csv,557dc221fb98c69c1ddab23b11ad92ed71ca01de5147621c69103944d16cad09
matrices/09-rbac-extraido.csv,ef5390f3133e04d6ab71bf1ffb617abbf87fc77a51bb022d22a91a5cec69370d
matrices/10-livewire-existente.csv,480b9cc3515d817bfc38dfc1620e3c6d369c8891c651ff3bc52801621ea2332e
matrices/16-tokens.csv,39dea78c75aa103aebefc2b034ee8ce1a8cac69f5266675f6df913cb37b66a56
