FILE,SHA256,TITLE,SCHEMA_REFERENCES,INTERPRETATION
docs/implementacion-maestra/00-ESTADO.md,c416e66673e26dfb35fdc3ae584cc8719df4d9a0895e296855411c364ff8666b,# Estado de implementación y preparación,BLOCKED_EXTERNALLY_DB; MIG-006; MIG-007,Antecedente documental; estado de propuesta vigente en 31/35 y revisión superior de 25
docs/implementacion-maestra/01-RUTAS.md,a9fe9e89e478bfeceb328db16218df38918caa24cb3705707b01ebd59a3a0840,# Rutas actuales,,Antecedente documental; estado de propuesta vigente en 31/35 y revisión superior de 25
docs/implementacion-maestra/02-WORKSPACES.md,e0dc03c230a8f2b32e20d645121e6949b024ff08bb859d78801f798db1b7ace0,# Seis workspaces canónicos,,Antecedente documental; estado de propuesta vigente en 31/35 y revisión superior de 25
docs/implementacion-maestra/03-ADMIN.md,e0c07cc642e6e7c2a55bd475919b72551e3f14b7a37383cdf5d5e4d9f1dd53f2,# Administrador — V001–V026,MIG-001,Antecedente documental; estado de propuesta vigente en 31/35 y revisión superior de 25
docs/implementacion-maestra/04-DIRECTOR.md,b5f8b2020a04bc8f5e0bc37d2c791392c9fc610a4790a61c4c0ea9334a8e94b3,# Director — V027–V043,MIG-001; MIG-005,Antecedente documental; estado de propuesta vigente en 31/35 y revisión superior de 25
docs/implementacion-maestra/05-SECRETARIA.md,3b0507637d34bba027f812d214a9458fe32c7c399cb16555c9d7f4ed8fdfcaa5,# Secretaria — V044–V057,,Antecedente documental; estado de propuesta vigente en 31/35 y revisión superior de 25
docs/implementacion-maestra/06-REGENTE.md,17d8f24816824a03dd2e1aebb7fc45eab4d3101d7fa2a9a6126f5ba86dae7224,# Regente — V058–V069,MIG-001; MIG-005,Antecedente documental; estado de propuesta vigente en 31/35 y revisión superior de 25
docs/implementacion-maestra/07-DOCENTE.md,2fdd4999498c7002f74ba72effdd5d2b4e9cdfae937543baad6542d4863bdcc1,# Docente — V070–V086,MIG-001; MIG-002,Antecedente documental; estado de propuesta vigente en 31/35 y revisión superior de 25
docs/implementacion-maestra/08-ESTUDIANTE.md,c6a8a917fef428122056c59428158a2e7b48aab98547ccc0f9fe0fca13e8afc0,# Estudiante — V087–V105,MIG-004,Antecedente documental; estado de propuesta vigente en 31/35 y revisión superior de 25
docs/implementacion-maestra/09-LMS.md,0cb846407277847cb53faf398ea508e46128229315e313e266f6096652ef92ba,# LMS: reutilización e integridad,MIG-002; MIG-006,Antecedente documental; estado de propuesta vigente en 31/35 y revisión superior de 25
docs/implementacion-maestra/10-KARDEX.md,b5adf03116a77f1983634fa42640d90339153a2a70b90d558642ce86abec81bb,# Kardex y seguimiento — propuesta concreta,MIG-001,Antecedente documental; estado de propuesta vigente en 31/35 y revisión superior de 25
docs/implementacion-maestra/11-LIVEWIRE.md,eaad1fd1a40a53ea7f88fedf936b3f5a81c8da580cb1fc8c7316705d539630c7,# Livewire y acciones,,Antecedente documental; estado de propuesta vigente en 31/35 y revisión superior de 25
docs/implementacion-maestra/12-UX-UI.md,4c9bb2604f56cc6f83b03acfaedbc55a1703f0f5a1e8f6ae1fca752e38a91f08,# UX/UI actual,,Antecedente documental; estado de propuesta vigente en 31/35 y revisión superior de 25
docs/implementacion-maestra/13-RBAC.md,6f46b2dbc3c2cca329d5724342e09cb6f7d3927bec967cd05054172d34e6c5df,# RBAC e identidad,,Antecedente documental; estado de propuesta vigente en 31/35 y revisión superior de 25
docs/implementacion-maestra/14-DATOS.md,8bef112d82737f12556c0a59edd46cfba9e45f80b0d4d521e96cdcd85cadceee,# Auditoría del modelo y schema declarado,MIG-001; MIG-002; MIG-003; MIG-004; MIG-005; MIG-006,Antecedente documental; estado de propuesta vigente en 31/35 y revisión superior de 25
docs/implementacion-maestra/15-TESTS.md,303b2cda02bf5626996b13a08cccbf5af28cea5de88e9523b77bd4e7e7ce234d,# Validación ejecutada sin PostgreSQL,,Antecedente documental; estado de propuesta vigente en 31/35 y revisión superior de 25
docs/implementacion-maestra/16-PENDIENTES-PETER1.md,6f9774218868c2faf68efe8f366fb89c206a5a9429ede4649f43480560f5cd85,# Revisión requerida de Peter 1,,Antecedente documental; estado de propuesta vigente en 31/35 y revisión superior de 25
docs/implementacion-maestra/17-ARCHIVOS-MODIFICADOS.md,425652903fd4ee546cda63ca570b9a3f99f5b545f986b4a9c7686d91bf288bfb,# Auditoría de archivos actuales,,Antecedente documental; estado de propuesta vigente en 31/35 y revisión superior de 25
docs/implementacion-maestra/18-CONEXIONES.md,de0e58bb7787196c94ea3b4e931fb9e65c8aa9c4555c3f0616ce9116ef6e7f9d,# Conexiones y fronteras externas,,Antecedente documental; estado de propuesta vigente en 31/35 y revisión superior de 25
docs/implementacion-maestra/19-DARK-MODE.md,9d88a9ce2c563031ab07e9365e0462a2c75862a15e84cd9013a90907c2db9fb1,# Tema claro/oscuro,,Antecedente documental; estado de propuesta vigente en 31/35 y revisión superior de 25
docs/implementacion-maestra/20-DEUDA-TECNICA.md,53d3cd6665e81787db2cfb8a4633839e3a26b4f3d50c4a379e9880c68a6b2800,# Deuda y límites verificables,,Antecedente documental; estado de propuesta vigente en 31/35 y revisión superior de 25
docs/implementacion-maestra/21-CIERRE-105-VENTANAS.md,339a232d7fd5df10f17de18dd7f5336be6311381cef43ba0c9eade578d7580c3,# Entrega de conciliación — cierre funcional pendiente,BLOCKED_EXTERNALLY_DB,Antecedente documental; estado de propuesta vigente en 31/35 y revisión superior de 25
docs/implementacion-maestra/22-ARQUITECTURA-FINAL.md,ebe6e4968ffff1969dea2202aa1c4552ee4f7e288a23655bc163dd8ca0493691,# Arquitectura conciliada con la aprobada,,Antecedente documental; estado de propuesta vigente en 31/35 y revisión superior de 25
docs/implementacion-maestra/23-CHECKLIST-FUNCIONAL.md,08f51c35d633eb35f73e66efd45b4900d207dc872d3a4e2ea72e2618f2ec4d48,# Checklist verificable,,Antecedente documental; estado de propuesta vigente en 31/35 y revisión superior de 25
docs/implementacion-maestra/24-BLOQUEOS-EXTERNOS.md,d643b6f99be37f219be553d8e34406ed618dac5b61eec8ab6ed423473b284205,# Bloqueos externos y pendientes internos,BLOCKED_EXTERNALLY_DB; MIG-001; MIG-002; MIG-003; MIG-004; MIG-005,Antecedente documental; estado de propuesta vigente en 31/35 y revisión superior de 25
docs/implementacion-maestra/25-MIGRATIONS-PROPUESTAS.md,46705ef5ecedd7ca97daad0f7eec9bc6660de9dacdc078b4c0e3cb07f0011570,# Revisión arquitectónica de migrations — 2026-10-01,MIG-001; MIG-002; MIG-003; MIG-004; MIG-005; MIG-006; MIG-006A; MIG-006B; MIG-007,Antecedente documental; estado de propuesta vigente en 31/35 y revisión superior de 25
docs/implementacion-maestra/26-TESTS-SKIPPED.md,4f714faff1ed9a2a089c35b423032772a4318c0f30f90dda6507625b6f08ec19,# Tests omitidos — revisión individual de los 45 originales,,Antecedente documental; estado de propuesta vigente en 31/35 y revisión superior de 25
docs/implementacion-maestra/27-NPM-VULNERABILITIES.md,4b5aed4ac36e5e1cee6a76ff2b12f2d3a68a7ee25860bf9f7f19db9beeb395fe,# Auditoría npm — sin modificar dependencias,,Antecedente documental; estado de propuesta vigente en 31/35 y revisión superior de 25
docs/implementacion-maestra/28-SUPPORT-INTELIGENTE.md,98af2968d53815332828e813671af014e995f463bd97a0c4db05cb31fd3e83d8,# Support inteligente local — preservación y conexiones,MIG-001; MIG-002; MIG-006,Antecedente documental; estado de propuesta vigente en 31/35 y revisión superior de 25
docs/implementacion-maestra/29-REGRESIONES-SUPPORT.md,507becb287066c0730ed342becc31f4e05da787ccd8fa9ca4e9f50c4d54e7c52,# Regresiones y defectos preventivos revisados,MIG-004,Antecedente documental; estado de propuesta vigente en 31/35 y revisión superior de 25
docs/implementacion-maestra/30-CIERRE-CORRECTIVO-SUPPORT.md,2c47d5f90bf5c5617f6e6be22136ae57a850c801d73ab7ce97a6f6ba225dc009,# Cierre de preservación Support y avance de implementación,,Antecedente documental; estado de propuesta vigente en 31/35 y revisión superior de 25
docs/implementacion-maestra/MATRIZ-105-VENTANAS.md,adba4c3b37a774841b6b1075795e40b4ff194819ed4bb1258b2ff5c2874a1dd8,# 105 ventanas — estado conciliado,BLOCKED_EXTERNALLY_DB; MIG-001; MIG-002; MIG-003; MIG-004; MIG-005; MIG-006,Antecedente documental; estado de propuesta vigente en 31/35 y revisión superior de 25
