TABLE,columns,references,target,delete,update,name,source,phase
users,cod_per,cod_per,persona,CASCADE,NO ACTION,,database/migrations/0001_01_01_000001_create_users_table.php,HISTORICA_DECLARADA
user_status_logs,cod_usu,cod_usu,users,CASCADE,NO ACTION,,database/migrations/0001_01_01_000001_create_users_table.php,HISTORICA_DECLARADA
user_status_logs,cod_usu_admin,cod_usu,users,SET NULL,NO ACTION,,database/migrations/0001_01_01_000001_create_users_table.php,HISTORICA_DECLARADA
model_has_permissions,permission_id,id,permissions,CASCADE,NO ACTION,,database/migrations/2026_04_09_025343_create_permission_tables.php,HISTORICA_DECLARADA
model_has_roles,role_id,id,roles,CASCADE,NO ACTION,,database/migrations/2026_04_09_025343_create_permission_tables.php,HISTORICA_DECLARADA
role_has_permissions,permission_id,id,permissions,CASCADE,NO ACTION,,database/migrations/2026_04_09_025343_create_permission_tables.php,HISTORICA_DECLARADA
role_has_permissions,role_id,id,roles,CASCADE,NO ACTION,,database/migrations/2026_04_09_025343_create_permission_tables.php,HISTORICA_DECLARADA
personal_institucional,cod_per,cod_per,persona,CASCADE,NO ACTION,,database/migrations/2026_04_09_033042_create_personal_institucional_table.php,HISTORICA_DECLARADA
secretaria_general,cod_pin,cod_pin,personal_institucional,CASCADE,NO ACTION,,database/migrations/2026_04_09_033043_create_secretaria_general_table.php,HISTORICA_DECLARADA
bitacora,cod_usu,cod_usu,users,SET NULL,NO ACTION,,database/migrations/2026_04_09_033048_create_bitacora_table.php,HISTORICA_DECLARADA
docente,cod_pin,cod_pin,personal_institucional,CASCADE,NO ACTION,,database/migrations/2026_04_09_033050_create_docente_table.php,HISTORICA_DECLARADA
estudiante,cod_per,cod_per,persona,CASCADE,NO ACTION,,database/migrations/2026_04_09_033060_create_estudiante_table.php,HISTORICA_DECLARADA
estudiante,cod_tve,cod_tve,tipo_vinculacion_estudiante,NO ACTION,NO ACTION,,database/migrations/2026_04_09_033060_create_estudiante_table.php,HISTORICA_DECLARADA
estudiante,cod_ipe,cod_ipe,institucion_procedencia,NO ACTION,NO ACTION,,database/migrations/2026_04_09_033060_create_estudiante_table.php,HISTORICA_DECLARADA
estudiante,cod_esp,cod_esp,especialidad_tecnica,NO ACTION,NO ACTION,,database/migrations/2026_04_09_033060_create_estudiante_table.php,HISTORICA_DECLARADA
plan_asignatura,cod_asi,cod_asi,asignatura,NO ACTION,NO ACTION,,database/migrations/2026_04_09_033070_create_plan_asignatura_table.php,HISTORICA_DECLARADA
plan_asignatura,cod_doc,cod_doc,docente,NO ACTION,NO ACTION,,database/migrations/2026_04_09_033070_create_plan_asignatura_table.php,HISTORICA_DECLARADA
plan_asignatura,cod_cur,cod_cur,curso,NO ACTION,NO ACTION,,database/migrations/2026_04_09_033070_create_plan_asignatura_table.php,HISTORICA_DECLARADA
plan_asignatura,cod_par,cod_par,paralelo,NO ACTION,NO ACTION,,database/migrations/2026_04_09_033070_create_plan_asignatura_table.php,HISTORICA_DECLARADA
plan_asignatura,cod_tur,cod_tur,turno,NO ACTION,NO ACTION,,database/migrations/2026_04_09_033070_create_plan_asignatura_table.php,HISTORICA_DECLARADA
plan_asignatura,cod_gea,cod_gea,gestion_academica,NO ACTION,NO ACTION,,database/migrations/2026_04_09_033070_create_plan_asignatura_table.php,HISTORICA_DECLARADA
inscripcion_estudiante,cod_est,cod_est,estudiante,RESTRICT,CASCADE,inscripcion_cod_est_foreign,database/migrations/2026_04_09_033080_create_inscripcion_estudiante_table.php,HISTORICA_DECLARADA
inscripcion_estudiante,cod_gea,cod_gea,gestion_academica,RESTRICT,CASCADE,inscripcion_cod_gea_foreign,database/migrations/2026_04_09_033080_create_inscripcion_estudiante_table.php,HISTORICA_DECLARADA
inscripcion_estudiante,cod_cur,cod_cur,curso,RESTRICT,CASCADE,inscripcion_cod_cur_foreign,database/migrations/2026_04_09_033080_create_inscripcion_estudiante_table.php,HISTORICA_DECLARADA
inscripcion_estudiante,cod_par,cod_par,paralelo,RESTRICT,CASCADE,inscripcion_cod_par_foreign,database/migrations/2026_04_09_033080_create_inscripcion_estudiante_table.php,HISTORICA_DECLARADA
inscripcion_estudiante,cod_tur,cod_tur,turno,RESTRICT,CASCADE,inscripcion_cod_tur_foreign,database/migrations/2026_04_09_033080_create_inscripcion_estudiante_table.php,HISTORICA_DECLARADA
inscripcion_estudiante,cod_esp_tec,cod_esp,especialidad_tecnica,SET NULL,CASCADE,inscripcion_cod_esp_tec_foreign,database/migrations/2026_04_09_033080_create_inscripcion_estudiante_table.php,HISTORICA_DECLARADA
calificacion,cod_asi,cod_asi,asignatura,NO ACTION,NO ACTION,,database/migrations/2026_04_09_033090_create_calificacion_table.php,HISTORICA_DECLARADA
calificacion,cod_pev,cod_pev,periodo_evaluacion,NO ACTION,NO ACTION,,database/migrations/2026_04_09_033090_create_calificacion_table.php,HISTORICA_DECLARADA
calificacion,cod_pas,cod_pas,plan_asignatura,RESTRICT,NO ACTION,,database/migrations/2026_09_28_000001_add_reestructuracion_academic_context.php,HISTORICA_DECLARADA
calificacion,cod_est,cod_est,estudiante,RESTRICT,CASCADE,,database/migrations/2026_09_30_100006_prepare_academic_integrity_checks.php,PROPUESTA_NO_EJECUTADA
regente,cod_pin,cod_pin,personal_institucional,CASCADE,NO ACTION,,database/migrations/2026_04_26_183020_create_regente_table.php,HISTORICA_DECLARADA
director,cod_pin,cod_pin,personal_institucional,CASCADE,NO ACTION,,database/migrations/2026_04_26_183034_create_director_table.php,HISTORICA_DECLARADA
administrador,cod_pin,cod_pin,personal_institucional,CASCADE,NO ACTION,,database/migrations/2026_04_26_183048_create_administrador_table.php,HISTORICA_DECLARADA
plan_especialidad,cod_esp,cod_esp,especialidad_tecnica,RESTRICT,CASCADE,,database/migrations/2026_05_01_233339_create_plan_especialidad_table.php,HISTORICA_DECLARADA
plan_especialidad,cod_doc,cod_doc,docente,RESTRICT,CASCADE,,database/migrations/2026_05_01_233339_create_plan_especialidad_table.php,HISTORICA_DECLARADA
plan_especialidad,cod_cur,cod_cur,curso,RESTRICT,CASCADE,,database/migrations/2026_05_01_233339_create_plan_especialidad_table.php,HISTORICA_DECLARADA
plan_especialidad,cod_par,cod_par,paralelo,RESTRICT,CASCADE,,database/migrations/2026_05_01_233339_create_plan_especialidad_table.php,HISTORICA_DECLARADA
plan_especialidad,cod_tur,cod_tur,turno,RESTRICT,CASCADE,,database/migrations/2026_05_01_233339_create_plan_especialidad_table.php,HISTORICA_DECLARADA
plan_especialidad,cod_gea,cod_gea,gestion_academica,RESTRICT,CASCADE,,database/migrations/2026_05_01_233339_create_plan_especialidad_table.php,HISTORICA_DECLARADA
plantilla_horaria,cod_tur,cod_tur,turno,RESTRICT,CASCADE,,database/migrations/2026_05_04_000000_create_plantilla_horaria_table.php,HISTORICA_DECLARADA
horario,cod_gea,cod_gea,gestion_academica,RESTRICT,CASCADE,horario_cod_gea_foreign,database/migrations/2026_05_05_201751_create_horarios_tables.php,HISTORICA_DECLARADA
horario,cod_cur,cod_cur,curso,RESTRICT,CASCADE,horario_cod_cur_foreign,database/migrations/2026_05_05_201751_create_horarios_tables.php,HISTORICA_DECLARADA
horario,cod_par,cod_par,paralelo,RESTRICT,CASCADE,horario_cod_par_foreign,database/migrations/2026_05_05_201751_create_horarios_tables.php,HISTORICA_DECLARADA
horario,cod_pho,cod_pho,plantilla_horaria,RESTRICT,CASCADE,horario_cod_pho_foreign,database/migrations/2026_05_05_201751_create_horarios_tables.php,HISTORICA_DECLARADA
horario_bloque,cod_pho,cod_pho,plantilla_horaria,RESTRICT,CASCADE,horario_bloque_cod_pho_foreign,database/migrations/2026_05_05_201751_create_horarios_tables.php,HISTORICA_DECLARADA
horario_detalle,cod_hor,cod_hor,horario,CASCADE,CASCADE,horario_detalle_cod_hor_foreign,database/migrations/2026_05_05_201751_create_horarios_tables.php,HISTORICA_DECLARADA
horario_detalle,cod_hbl,cod_hbl,horario_bloque,RESTRICT,CASCADE,horario_detalle_cod_hbl_foreign,database/migrations/2026_05_05_201751_create_horarios_tables.php,HISTORICA_DECLARADA
horario_detalle,cod_pas,cod_pas,plan_asignatura,RESTRICT,CASCADE,horario_detalle_cod_pas_foreign,database/migrations/2026_05_05_201751_create_horarios_tables.php,HISTORICA_DECLARADA
horario_detalle,cod_pes,cod_pes,plan_especialidad,RESTRICT,CASCADE,horario_detalle_cod_pes_foreign,database/migrations/2026_05_05_201751_create_horarios_tables.php,HISTORICA_DECLARADA
clase_virtual,cod_pas,cod_pas,plan_asignatura,RESTRICT,CASCADE,,database/migrations/aula_virtual/2026_05_17_083823_create_clase_virtual_table.php,HISTORICA_DECLARADA
clase_estudiante,cod_cla,cod_cla,clase_virtual,RESTRICT,CASCADE,,database/migrations/aula_virtual/2026_05_17_083824_create_clase_estudiante_table.php,HISTORICA_DECLARADA
clase_estudiante,cod_est,cod_est,estudiante,RESTRICT,CASCADE,,database/migrations/aula_virtual/2026_05_17_083824_create_clase_estudiante_table.php,HISTORICA_DECLARADA
publicacion_clase,cod_cla,cod_cla,clase_virtual,RESTRICT,CASCADE,,database/migrations/aula_virtual/2026_05_17_083825_create_publicacion_clase_table.php,HISTORICA_DECLARADA
publicacion_clase,cod_usu,cod_usu,users,RESTRICT,CASCADE,,database/migrations/aula_virtual/2026_05_17_083825_create_publicacion_clase_table.php,HISTORICA_DECLARADA
publicacion_clase,unidad_id; cod_cla,id; cod_cla,unidades_clase,RESTRICT,CASCADE,publicacion_clase'.'_unit_context_fk,database/migrations/2026_09_30_100002_prepare_lms_units_structure.php,PROPUESTA_NO_EJECUTADA
material_clase,cod_cla,cod_cla,clase_virtual,RESTRICT,CASCADE,,database/migrations/aula_virtual/2026_05_17_083826_create_material_clase_table.php,HISTORICA_DECLARADA
material_clase,cod_pub,cod_pub,publicacion_clase,SET NULL,CASCADE,,database/migrations/aula_virtual/2026_05_17_083826_create_material_clase_table.php,HISTORICA_DECLARADA
material_clase,cod_usu,cod_usu,users,RESTRICT,CASCADE,,database/migrations/aula_virtual/2026_05_17_083826_create_material_clase_table.php,HISTORICA_DECLARADA
material_clase,unidad_id; cod_cla,id; cod_cla,unidades_clase,RESTRICT,CASCADE,material_clase'.'_unit_context_fk,database/migrations/2026_09_30_100002_prepare_lms_units_structure.php,PROPUESTA_NO_EJECUTADA
tarea,cod_cla,cod_cla,clase_virtual,RESTRICT,CASCADE,,database/migrations/aula_virtual/2026_05_17_083827_create_tarea_table.php,HISTORICA_DECLARADA
tarea,cod_doc,cod_doc,docente,RESTRICT,CASCADE,,database/migrations/aula_virtual/2026_05_17_083827_create_tarea_table.php,HISTORICA_DECLARADA
tarea,unidad_id; cod_cla,id; cod_cla,unidades_clase,RESTRICT,CASCADE,tarea'.'_unit_context_fk,database/migrations/2026_09_30_100002_prepare_lms_units_structure.php,PROPUESTA_NO_EJECUTADA
tarea_material,cod_tar,cod_tar,tarea,RESTRICT,CASCADE,,database/migrations/aula_virtual/2026_05_17_083828_create_tarea_material_table.php,HISTORICA_DECLARADA
entrega_tarea,cod_tar,cod_tar,tarea,RESTRICT,CASCADE,,database/migrations/aula_virtual/2026_05_17_083829_create_entrega_tarea_table.php,HISTORICA_DECLARADA
entrega_tarea,cod_est,cod_est,estudiante,RESTRICT,CASCADE,,database/migrations/aula_virtual/2026_05_17_083829_create_entrega_tarea_table.php,HISTORICA_DECLARADA
entrega_archivo,cod_ent,cod_ent,entrega_tarea,RESTRICT,CASCADE,,database/migrations/aula_virtual/2026_05_17_083830_create_entrega_archivo_table.php,HISTORICA_DECLARADA
calificacion_tarea,cod_ent,cod_ent,entrega_tarea,RESTRICT,CASCADE,,database/migrations/aula_virtual/2026_05_17_083831_create_calificacion_tarea_table.php,HISTORICA_DECLARADA
calificacion_tarea,cod_tar,cod_tar,tarea,RESTRICT,CASCADE,,database/migrations/aula_virtual/2026_05_17_083831_create_calificacion_tarea_table.php,HISTORICA_DECLARADA
calificacion_tarea,cod_est,cod_est,estudiante,RESTRICT,CASCADE,,database/migrations/aula_virtual/2026_05_17_083831_create_calificacion_tarea_table.php,HISTORICA_DECLARADA
calificacion_tarea,cod_doc,cod_doc,docente,RESTRICT,CASCADE,,database/migrations/aula_virtual/2026_05_17_083831_create_calificacion_tarea_table.php,HISTORICA_DECLARADA
asistencia_clase,cod_cla,cod_cla,clase_virtual,RESTRICT,CASCADE,,database/migrations/aula_virtual/2026_05_17_083833_create_asistencia_clase_table.php,HISTORICA_DECLARADA
asistencia_clase,cod_doc,cod_doc,docente,RESTRICT,CASCADE,,database/migrations/aula_virtual/2026_05_17_083833_create_asistencia_clase_table.php,HISTORICA_DECLARADA
asistencia_clase,cod_hbl,cod_hbl,horario_bloque,SET NULL,CASCADE,,database/migrations/aula_virtual/2026_05_17_083833_create_asistencia_clase_table.php,HISTORICA_DECLARADA
asistencia_clase,cod_usu_reg,cod_usu,users,RESTRICT,CASCADE,,database/migrations/aula_virtual/2026_05_17_083833_create_asistencia_clase_table.php,HISTORICA_DECLARADA
asistencia_estudiante,cod_asi_cla,cod_asi_cla,asistencia_clase,RESTRICT,CASCADE,,database/migrations/aula_virtual/2026_05_17_083834_create_asistencia_estudiante_table.php,HISTORICA_DECLARADA
asistencia_estudiante,cod_est,cod_est,estudiante,RESTRICT,CASCADE,,database/migrations/aula_virtual/2026_05_17_083834_create_asistencia_estudiante_table.php,HISTORICA_DECLARADA
asistencia_estudiante,cod_est_asi,cod_est_asi,estado_asistencia,RESTRICT,CASCADE,,database/migrations/aula_virtual/2026_05_17_083834_create_asistencia_estudiante_table.php,HISTORICA_DECLARADA
asistencia_estudiante,cod_usu_reg,cod_usu,users,RESTRICT,CASCADE,,database/migrations/aula_virtual/2026_05_17_083834_create_asistencia_estudiante_table.php,HISTORICA_DECLARADA
actividad_clase,cod_cla,cod_cla,clase_virtual,RESTRICT,CASCADE,,database/migrations/aula_virtual/2026_05_17_083835_create_actividad_clase_table.php,HISTORICA_DECLARADA
actividad_clase,cod_est,cod_est,estudiante,SET NULL,CASCADE,,database/migrations/aula_virtual/2026_05_17_083835_create_actividad_clase_table.php,HISTORICA_DECLARADA
actividad_clase,cod_usu,cod_usu,users,RESTRICT,CASCADE,,database/migrations/aula_virtual/2026_05_17_083835_create_actividad_clase_table.php,HISTORICA_DECLARADA
documento_inscripcion_estudiante,cod_ins,cod_ins,inscripcion_estudiante,RESTRICT,CASCADE,,database/migrations/2026_05_19_001028_create_documento_inscripcion_estudiante_table.php,HISTORICA_DECLARADA
respaldo_gestion_academica,cod_gea,cod_gea,gestion_academica,RESTRICT,CASCADE,,database/migrations/2026_05_24_051142_create_respaldo_gestion_academicas_table.php,HISTORICA_DECLARADA
orientacion_actividades,cod_est,cod_est,estudiante,RESTRICT,CASCADE,,database/migrations/2026_06_20_130000_create_aula_virtual_orientacion_tables.php,HISTORICA_DECLARADA
orientacion_actividades,cod_gea,cod_gea,gestion_academica,SET NULL,CASCADE,,database/migrations/2026_06_20_130000_create_aula_virtual_orientacion_tables.php,HISTORICA_DECLARADA
orientacion_actividades,revisado_por,cod_usu,users,SET NULL,CASCADE,,database/migrations/2026_06_20_130000_create_aula_virtual_orientacion_tables.php,HISTORICA_DECLARADA
orientacion_respuestas,orientacion_actividad_id,id,orientacion_actividades,CASCADE,NO ACTION,,database/migrations/2026_06_20_130000_create_aula_virtual_orientacion_tables.php,HISTORICA_DECLARADA
orientacion_respuestas,orientacion_pregunta_id,id,orientacion_preguntas,RESTRICT,NO ACTION,,database/migrations/2026_06_20_130000_create_aula_virtual_orientacion_tables.php,HISTORICA_DECLARADA
orientacion_respuestas,cod_est,cod_est,estudiante,RESTRICT,CASCADE,,database/migrations/2026_06_20_130000_create_aula_virtual_orientacion_tables.php,HISTORICA_DECLARADA
orientacion_resultados,orientacion_actividad_id,id,orientacion_actividades,CASCADE,NO ACTION,,database/migrations/2026_06_20_130000_create_aula_virtual_orientacion_tables.php,HISTORICA_DECLARADA
orientacion_resultados,cod_est,cod_est,estudiante,RESTRICT,CASCADE,,database/migrations/2026_06_20_130000_create_aula_virtual_orientacion_tables.php,HISTORICA_DECLARADA
orientacion_carreras_sugeridas,orientacion_resultado_id,id,orientacion_resultados,CASCADE,NO ACTION,,database/migrations/2026_06_20_130000_create_aula_virtual_orientacion_tables.php,HISTORICA_DECLARADA
regente_asignaciones,cod_reg,cod_reg,regente,RESTRICT,NO ACTION,,database/migrations/2026_09_28_000001_add_reestructuracion_academic_context.php,HISTORICA_DECLARADA
regente_asignaciones,cod_gea,cod_gea,gestion_academica,RESTRICT,NO ACTION,,database/migrations/2026_09_28_000001_add_reestructuracion_academic_context.php,HISTORICA_DECLARADA
regente_asignaciones,cod_cur,cod_cur,curso,RESTRICT,NO ACTION,,database/migrations/2026_09_28_000001_add_reestructuracion_academic_context.php,HISTORICA_DECLARADA
role_requests,requested_by,cod_usu,users,NO ACTION,NO ACTION,,database/migrations/2026_09_28_000001_create_role_requests_table.php,HISTORICA_DECLARADA
role_requests,reviewed_by,cod_usu,users,NO ACTION,NO ACTION,,database/migrations/2026_09_28_000001_create_role_requests_table.php,HISTORICA_DECLARADA
role_requests,director_id,cod_dir,director,NO ACTION,NO ACTION,,database/migrations/2026_09_28_000001_create_role_requests_table.php,HISTORICA_DECLARADA
seguimiento_academico,cod_est,cod_est,estudiante,RESTRICT,CASCADE,,database/migrations/2026_09_30_100001_prepare_kardex_seguimiento_structure.php,PROPUESTA_NO_EJECUTADA
seguimiento_academico,cod_pas; cod_gea; cod_cur,cod_pas; cod_gea; cod_cur,plan_asignatura,RESTRICT,CASCADE,seguimiento_plan_context_fk,database/migrations/2026_09_30_100001_prepare_kardex_seguimiento_structure.php,PROPUESTA_NO_EJECUTADA
seguimiento_academico,cod_usu_aut,cod_usu,users,RESTRICT,CASCADE,,database/migrations/2026_09_30_100001_prepare_kardex_seguimiento_structure.php,PROPUESTA_NO_EJECUTADA
seguimiento_academico,cod_usu_res,cod_usu,users,RESTRICT,CASCADE,,database/migrations/2026_09_30_100001_prepare_kardex_seguimiento_structure.php,PROPUESTA_NO_EJECUTADA
seguimiento_academico,tip_seg; version_catalogo,codigo; version,kardex_tipos,RESTRICT,RESTRICT,,database/migrations/2026_09_30_100001_prepare_kardex_seguimiento_structure.php,PROPUESTA_NO_EJECUTADA
seguimiento_academico,niv_ape_seg; version_catalogo,codigo; version,kardex_niveles,RESTRICT,RESTRICT,,database/migrations/2026_09_30_100001_prepare_kardex_seguimiento_structure.php,PROPUESTA_NO_EJECUTADA
seguimiento_academico,est_seg; version_catalogo,codigo; version,kardex_estados,RESTRICT,RESTRICT,,database/migrations/2026_09_30_100001_prepare_kardex_seguimiento_structure.php,PROPUESTA_NO_EJECUTADA
seguimiento_academico,cod_categoria; version_catalogo,codigo; version,kardex_categorias,RESTRICT,RESTRICT,,database/migrations/2026_09_30_100001_prepare_kardex_seguimiento_structure.php,PROPUESTA_NO_EJECUTADA
seguimiento_academico,cod_medida; version_catalogo,codigo; version,kardex_medidas,RESTRICT,RESTRICT,,database/migrations/2026_09_30_100001_prepare_kardex_seguimiento_structure.php,PROPUESTA_NO_EJECUTADA
seguimiento_revisiones,cod_seg,cod_seg,seguimiento_academico,RESTRICT,CASCADE,,database/migrations/2026_09_30_100001_prepare_kardex_seguimiento_structure.php,PROPUESTA_NO_EJECUTADA
seguimiento_revisiones,cod_usu,cod_usu,users,RESTRICT,CASCADE,,database/migrations/2026_09_30_100001_prepare_kardex_seguimiento_structure.php,PROPUESTA_NO_EJECUTADA
seguimiento_evidencias,cod_seg,cod_seg,seguimiento_academico,RESTRICT,CASCADE,,database/migrations/2026_09_30_100001_prepare_kardex_seguimiento_structure.php,PROPUESTA_NO_EJECUTADA
seguimiento_evidencias,cod_usu,cod_usu,users,RESTRICT,CASCADE,,database/migrations/2026_09_30_100001_prepare_kardex_seguimiento_structure.php,PROPUESTA_NO_EJECUTADA
unidades_clase,cod_cla,cod_cla,clase_virtual,RESTRICT,CASCADE,,database/migrations/2026_09_30_100002_prepare_lms_units_structure.php,PROPUESTA_NO_EJECUTADA
unidades_clase,created_by,cod_usu,users,RESTRICT,CASCADE,,database/migrations/2026_09_30_100002_prepare_lms_units_structure.php,PROPUESTA_NO_EJECUTADA
notifications,notifiable_id,cod_usu,users,RESTRICT,CASCADE,,database/migrations/2026_09_30_100003_prepare_database_notifications.php,PROPUESTA_NO_EJECUTADA
metas_academicas,cod_est,cod_est,estudiante,RESTRICT,CASCADE,,database/migrations/2026_09_30_100004_prepare_student_academic_goals.php,PROPUESTA_NO_EJECUTADA
metas_academicas,cod_gea,cod_gea,gestion_academica,RESTRICT,CASCADE,,database/migrations/2026_09_30_100004_prepare_student_academic_goals.php,PROPUESTA_NO_EJECUTADA
metas_academicas,created_by,cod_usu,users,RESTRICT,CASCADE,,database/migrations/2026_09_30_100004_prepare_student_academic_goals.php,PROPUESTA_NO_EJECUTADA
meta_academica_revisiones,meta_id,id,metas_academicas,RESTRICT,CASCADE,,database/migrations/2026_09_30_100004_prepare_student_academic_goals.php,PROPUESTA_NO_EJECUTADA
meta_academica_revisiones,cod_usu,cod_usu,users,RESTRICT,CASCADE,,database/migrations/2026_09_30_100004_prepare_student_academic_goals.php,PROPUESTA_NO_EJECUTADA
calendario_evento,cod_tur,cod_tur,turno,RESTRICT,CASCADE,,database/migrations/2026_09_30_100005_prepare_institutional_calendar.php,PROPUESTA_NO_EJECUTADA
calendario_evento,cod_cur,cod_cur,curso,RESTRICT,CASCADE,,database/migrations/2026_09_30_100005_prepare_institutional_calendar.php,PROPUESTA_NO_EJECUTADA
calendario_evento,cod_par,cod_par,paralelo,RESTRICT,CASCADE,,database/migrations/2026_09_30_100005_prepare_institutional_calendar.php,PROPUESTA_NO_EJECUTADA
calendario_evento,cod_gea,cod_gea,gestion_academica,RESTRICT,CASCADE,,database/migrations/2026_09_30_100005_prepare_institutional_calendar.php,PROPUESTA_NO_EJECUTADA
calendario_evento,created_by,cod_usu,users,RESTRICT,CASCADE,,database/migrations/2026_09_30_100005_prepare_institutional_calendar.php,PROPUESTA_NO_EJECUTADA
calendario_evento,cod_cae_ori,cod_cae,calendario_evento,RESTRICT,CASCADE,,database/migrations/2026_09_30_100005_prepare_institutional_calendar.php,PROPUESTA_NO_EJECUTADA
calendario_evento_revisiones,cod_cae,cod_cae,calendario_evento,RESTRICT,CASCADE,,database/migrations/2026_09_30_100005_prepare_institutional_calendar.php,PROPUESTA_NO_EJECUTADA
calendario_evento_revisiones,cod_usu,cod_usu,users,RESTRICT,CASCADE,,database/migrations/2026_09_30_100005_prepare_institutional_calendar.php,PROPUESTA_NO_EJECUTADA
