ID,TABLE,KEYS,QUERY_SOURCE,JUSTIFICATION,CONSUMER,STATUS
IDX-001,inscripcion_estudiante,"cod_gea,cod_cur,cod_par,cod_tur,est_ins,cod_est",GradeService.teacherContext/save; CursoVirtualService; InscripcionAcademica,Grupo anual vigente; UNIQUE estudiante/gestión no sustituye orden del filtro por grupo,SUPPORT_DIRECT,PROPUESTO; no creado ni medido; comparar índices y EXPLAIN aislado
IDX-002,plan_asignatura,"cod_doc,est_pas,cod_gea,cod_cur,cod_par,cod_tur",CursoVirtualService.teacherQuery; CalendarService,Actualmente solo PK; consultar asignación de docente y alcance,SERVICE,PROPUESTO; no creado ni medido; comparar índices y EXPLAIN aislado
IDX-003,calificacion,"cod_pas,est_cal,cod_pev,cod_est",GradeService.gradesForTeacherCourse; InstitutionalQueryService,Índice cod_pas actual y UNIQUE de otra dirección; justificar extensión frente al índice simple,SERVICE,PROPUESTO; no creado ni medido; comparar índices y EXPLAIN aislado
IDX-004,orientacion_actividades,"cod_est,created_at DESC",OrientacionService.resumen/actividadExistente,"Último intento por estudiante; el compuesto actual incluye estado, no orden temporal",SERVICE,PROPUESTO; no creado ni medido; comparar índices y EXPLAIN aislado
IDX-005,persona,LOWER(ema_per),PersonaInteligente.buscarCoincidencias,Igualdad case-insensitive; UNIQUE original ema_per no aplica a LOWER; no UNIQUE nuevo sin perfilado,SUPPORT_DIRECT,PROPUESTO; no creado ni medido; comparar índices y EXPLAIN aislado
IDX-006,tarea,"cod_cla,est_tar,fec_lim_tar",CalendarService.query,Agenda con deadline y estado; compuesto clase/estado existente puede bastar: medir diferencia,SERVICE,PROPUESTO; no creado ni medido; comparar índices y EXPLAIN aislado
IDX-007,personal_institucional,"cod_per,est_pin",RolePermissionService.assignActor; CursoVirtualService.docenteDeUsuario,Vínculo laboral activo; FK no indexa automáticamente el lado referente,SERVICE,PROPUESTO; no creado ni medido; comparar índices y EXPLAIN aislado
IDX-008,docente,"cod_pin,est_doc",RolePermissionService.assignActor; CursoVirtualService.docenteDeUsuario,Perfil docente vigente; no forzar UNIQUE porque cardinalidad no se concilió,SERVICE,PROPUESTO; no creado ni medido; comparar índices y EXPLAIN aislado
IDX-009,gestion_academica,ani_gea,GestionAcademicaInteligente.existeAnioGestion/existeGestionAnteriorSinCerrar; Gestión Académica,Búsqueda/año y orden; no UNIQUE anual sin regla aprobada,SUPPORT_DIRECT,PROPUESTO; no creado ni medido; comparar índices y EXPLAIN aislado
IDX-010,plan_asignatura,"cod_gea,cod_cur,cod_par,cod_tur,cod_asi,cod_doc",PlanAsignaturaInteligente.analizar; InstitutionalQueryService,"Existe combinación de seis FK; candidato clave natural, solo index por ahora",SUPPORT_DIRECT,PROPUESTO; no creado ni medido; comparar índices y EXPLAIN aislado
