TABLE,kind,columns,name,source,phase
persona,PRIMARY,cod_per,,database/migrations/0001_01_01_000000_create_persona_table.php,HISTORICA_DECLARADA
persona,UNIQUE,ci_per,,database/migrations/0001_01_01_000000_create_persona_table.php,HISTORICA_DECLARADA
persona,UNIQUE,ema_per,,database/migrations/0001_01_01_000000_create_persona_table.php,HISTORICA_DECLARADA
cache,PRIMARY,key,,database/migrations/0001_01_01_000001_create_cache_table.php,HISTORICA_DECLARADA
cache,INDEX,expiration,,database/migrations/0001_01_01_000001_create_cache_table.php,HISTORICA_DECLARADA
cache_locks,PRIMARY,key,,database/migrations/0001_01_01_000001_create_cache_table.php,HISTORICA_DECLARADA
cache_locks,INDEX,expiration,,database/migrations/0001_01_01_000001_create_cache_table.php,HISTORICA_DECLARADA
users,PRIMARY,cod_usu,,database/migrations/0001_01_01_000001_create_users_table.php,HISTORICA_DECLARADA
users,UNIQUE,cod_per,,database/migrations/0001_01_01_000001_create_users_table.php,HISTORICA_DECLARADA
users,UNIQUE,email,,database/migrations/0001_01_01_000001_create_users_table.php,HISTORICA_DECLARADA
users,UNIQUE,google_id,,database/migrations/2026_06_02_022909_add_google_auth_fields_to_users_table.php,HISTORICA_DECLARADA
password_reset_tokens,PRIMARY,email,,database/migrations/0001_01_01_000001_create_users_table.php,HISTORICA_DECLARADA
sessions,PRIMARY,id,,database/migrations/0001_01_01_000001_create_users_table.php,HISTORICA_DECLARADA
sessions,INDEX,user_id,,database/migrations/0001_01_01_000001_create_users_table.php,HISTORICA_DECLARADA
sessions,INDEX,last_activity,,database/migrations/0001_01_01_000001_create_users_table.php,HISTORICA_DECLARADA
user_status_logs,PRIMARY,id,,database/migrations/0001_01_01_000001_create_users_table.php,HISTORICA_DECLARADA
jobs,PRIMARY,id,,database/migrations/0001_01_01_000002_create_jobs_table.php,HISTORICA_DECLARADA
jobs,INDEX,queue,,database/migrations/0001_01_01_000002_create_jobs_table.php,HISTORICA_DECLARADA
job_batches,PRIMARY,id,,database/migrations/0001_01_01_000002_create_jobs_table.php,HISTORICA_DECLARADA
failed_jobs,PRIMARY,id,,database/migrations/0001_01_01_000002_create_jobs_table.php,HISTORICA_DECLARADA
failed_jobs,UNIQUE,uuid,,database/migrations/0001_01_01_000002_create_jobs_table.php,HISTORICA_DECLARADA
personal_access_tokens,PRIMARY,id,,database/migrations/2026_04_09_025308_create_personal_access_tokens_table.php,HISTORICA_DECLARADA
personal_access_tokens,INDEX,tokenable_type; tokenable_id,,database/migrations/2026_04_09_025308_create_personal_access_tokens_table.php,HISTORICA_DECLARADA
personal_access_tokens,UNIQUE,token,,database/migrations/2026_04_09_025308_create_personal_access_tokens_table.php,HISTORICA_DECLARADA
personal_access_tokens,INDEX,expires_at,,database/migrations/2026_04_09_025308_create_personal_access_tokens_table.php,HISTORICA_DECLARADA
permissions,PRIMARY,id,,database/migrations/2026_04_09_025343_create_permission_tables.php,HISTORICA_DECLARADA
permissions,UNIQUE,name; guard_name,,database/migrations/2026_04_09_025343_create_permission_tables.php,HISTORICA_DECLARADA
roles,PRIMARY,id,,database/migrations/2026_04_09_025343_create_permission_tables.php,HISTORICA_DECLARADA
roles,UNIQUE,name; guard_name,,database/migrations/2026_04_09_025343_create_permission_tables.php,HISTORICA_DECLARADA
model_has_permissions,INDEX,cod_usu; model_type,model_has_permissions_model_id_model_type_index,database/migrations/2026_04_09_025343_create_permission_tables.php,HISTORICA_DECLARADA
model_has_permissions,PRIMARY,permission_id; cod_usu; model_type,,database/migrations/2026_04_09_025343_create_permission_tables.php,HISTORICA_DECLARADA
model_has_roles,INDEX,cod_usu; model_type,model_has_roles_model_id_model_type_index,database/migrations/2026_04_09_025343_create_permission_tables.php,HISTORICA_DECLARADA
model_has_roles,PRIMARY,role_id; cod_usu; model_type,model_has_roles_role_model_type_primary,database/migrations/2026_04_09_025343_create_permission_tables.php,HISTORICA_DECLARADA
role_has_permissions,PRIMARY,permission_id; role_id,role_has_permissions_permission_id_role_id_primary,database/migrations/2026_04_09_025343_create_permission_tables.php,HISTORICA_DECLARADA
personal_institucional,PRIMARY,cod_pin,,database/migrations/2026_04_09_033042_create_personal_institucional_table.php,HISTORICA_DECLARADA
institucion_procedencia,PRIMARY,cod_ipe,,database/migrations/2026_04_09_033043_create_institucion_procedencia_table.php,HISTORICA_DECLARADA
secretaria_general,PRIMARY,cod_sge,,database/migrations/2026_04_09_033043_create_secretaria_general_table.php,HISTORICA_DECLARADA
tipo_vinculacion_estudiante,PRIMARY,cod_tve,,database/migrations/2026_04_09_033043_create_tipo_vinculacion_estudiante_table.php,HISTORICA_DECLARADA
gestion_academica,PRIMARY,cod_gea,,database/migrations/2026_04_09_033044_create_gestion_academica_table.php,HISTORICA_DECLARADA
curso,PRIMARY,cod_cur,,database/migrations/2026_04_09_033045_create_curso_table.php,HISTORICA_DECLARADA
paralelo,PRIMARY,cod_par,,database/migrations/2026_04_09_033045_create_paralelo_table.php,HISTORICA_DECLARADA
turno,PRIMARY,cod_tur,,database/migrations/2026_04_09_033045_create_turno_table.php,HISTORICA_DECLARADA
asignatura,PRIMARY,cod_asi,,database/migrations/2026_04_09_033046_create_asignatura_table.php,HISTORICA_DECLARADA
especialidad_tecnica,PRIMARY,cod_esp,,database/migrations/2026_04_09_033046_create_especialidad_tecnica_table.php,HISTORICA_DECLARADA
periodo_evaluacion,PRIMARY,cod_pev,,database/migrations/2026_04_09_033047_create_periodo_evaluacion_table.php,HISTORICA_DECLARADA
bitacora,PRIMARY,cod_bit,,database/migrations/2026_04_09_033048_create_bitacora_table.php,HISTORICA_DECLARADA
docente,PRIMARY,cod_doc,,database/migrations/2026_04_09_033050_create_docente_table.php,HISTORICA_DECLARADA
estudiante,PRIMARY,cod_est,,database/migrations/2026_04_09_033060_create_estudiante_table.php,HISTORICA_DECLARADA
estudiante,UNIQUE,rud_est,,database/migrations/2026_04_09_033060_create_estudiante_table.php,HISTORICA_DECLARADA
plan_asignatura,PRIMARY,cod_pas,,database/migrations/2026_04_09_033070_create_plan_asignatura_table.php,HISTORICA_DECLARADA
plan_asignatura,UNIQUE,cod_pas; cod_gea; cod_cur,plan_kardex_context_unique,database/migrations/2026_09_30_100001_prepare_kardex_seguimiento_structure.php,PROPUESTA_NO_EJECUTADA
inscripcion_estudiante,PRIMARY,cod_ins,,database/migrations/2026_04_09_033080_create_inscripcion_estudiante_table.php,HISTORICA_DECLARADA
inscripcion_estudiante,UNIQUE,cod_est; cod_gea,uq_inscripcion_estudiante_por_gestion,database/migrations/2026_04_09_033080_create_inscripcion_estudiante_table.php,HISTORICA_DECLARADA
inscripcion_estudiante,INDEX,cod_est,inscripcion_cod_est_index,database/migrations/2026_04_09_033080_create_inscripcion_estudiante_table.php,HISTORICA_DECLARADA
inscripcion_estudiante,INDEX,cod_gea,inscripcion_cod_gea_index,database/migrations/2026_04_09_033080_create_inscripcion_estudiante_table.php,HISTORICA_DECLARADA
inscripcion_estudiante,INDEX,cod_cur,inscripcion_cod_cur_index,database/migrations/2026_04_09_033080_create_inscripcion_estudiante_table.php,HISTORICA_DECLARADA
inscripcion_estudiante,INDEX,cod_par,inscripcion_cod_par_index,database/migrations/2026_04_09_033080_create_inscripcion_estudiante_table.php,HISTORICA_DECLARADA
inscripcion_estudiante,INDEX,cod_tur,inscripcion_cod_tur_index,database/migrations/2026_04_09_033080_create_inscripcion_estudiante_table.php,HISTORICA_DECLARADA
inscripcion_estudiante,INDEX,cod_esp_tec,inscripcion_cod_esp_tec_index,database/migrations/2026_04_09_033080_create_inscripcion_estudiante_table.php,HISTORICA_DECLARADA
inscripcion_estudiante,INDEX,tip_ins,inscripcion_tip_ins_index,database/migrations/2026_04_09_033080_create_inscripcion_estudiante_table.php,HISTORICA_DECLARADA
inscripcion_estudiante,INDEX,con_ins,inscripcion_con_ins_index,database/migrations/2026_04_09_033080_create_inscripcion_estudiante_table.php,HISTORICA_DECLARADA
inscripcion_estudiante,INDEX,est_ins,inscripcion_est_ins_index,database/migrations/2026_04_09_033080_create_inscripcion_estudiante_table.php,HISTORICA_DECLARADA
inscripcion_estudiante,INDEX,fei_ins,inscripcion_fei_ins_index,database/migrations/2026_04_09_033080_create_inscripcion_estudiante_table.php,HISTORICA_DECLARADA
inscripcion_estudiante,INDEX,sie_ins,inscripcion_sie_ins_index,database/migrations/2026_04_09_033080_create_inscripcion_estudiante_table.php,HISTORICA_DECLARADA
calificacion,PRIMARY,cod_cal,,database/migrations/2026_04_09_033090_create_calificacion_table.php,HISTORICA_DECLARADA
calificacion,INDEX,cod_pas,calificacion_plan_index,database/migrations/2026_09_28_000001_add_reestructuracion_academic_context.php,HISTORICA_DECLARADA
calificacion,UNIQUE,cod_est; cod_pas; cod_pev,calificacion_estudiante_plan_periodo_unique,database/migrations/2026_09_28_000001_add_reestructuracion_academic_context.php,HISTORICA_DECLARADA
calificacion,INDEX,cod_est; est_cal,calificacion_student_state_idx,database/migrations/2026_09_30_100006_prepare_academic_integrity_checks.php,PROPUESTA_NO_EJECUTADA
regente,PRIMARY,cod_reg,,database/migrations/2026_04_26_183020_create_regente_table.php,HISTORICA_DECLARADA
director,PRIMARY,cod_dir,,database/migrations/2026_04_26_183034_create_director_table.php,HISTORICA_DECLARADA
administrador,PRIMARY,cod_adm,,database/migrations/2026_04_26_183048_create_administrador_table.php,HISTORICA_DECLARADA
plan_especialidad,PRIMARY,cod_pes,,database/migrations/2026_05_01_233339_create_plan_especialidad_table.php,HISTORICA_DECLARADA
plan_especialidad,UNIQUE,cod_esp; cod_doc; cod_cur; cod_par; cod_tur; cod_gea,uq_plan_especialidad_contexto,database/migrations/2026_05_01_233339_create_plan_especialidad_table.php,HISTORICA_DECLARADA
plantilla_horaria,PRIMARY,cod_pho,,database/migrations/2026_05_04_000000_create_plantilla_horaria_table.php,HISTORICA_DECLARADA
plantilla_horaria,UNIQUE,cod_tur; tip_pho; nom_pho,plantilla_horaria_turno_tipo_nombre_unique,database/migrations/2026_05_04_000000_create_plantilla_horaria_table.php,HISTORICA_DECLARADA
plantilla_horaria,INDEX,cod_tur,plantilla_horaria_cod_tur_index,database/migrations/2026_05_04_000000_create_plantilla_horaria_table.php,HISTORICA_DECLARADA
plantilla_horaria,INDEX,tip_pho,plantilla_horaria_tip_pho_index,database/migrations/2026_05_04_000000_create_plantilla_horaria_table.php,HISTORICA_DECLARADA
plantilla_horaria,INDEX,act_pho,plantilla_horaria_act_pho_index,database/migrations/2026_05_04_000000_create_plantilla_horaria_table.php,HISTORICA_DECLARADA
plantilla_horaria,INDEX,est_pho,plantilla_horaria_est_pho_index,database/migrations/2026_05_04_000000_create_plantilla_horaria_table.php,HISTORICA_DECLARADA
plantilla_horaria,INDEX,fec_ini_pho; fec_fin_pho,plantilla_horaria_fechas_index,database/migrations/2026_05_04_000000_create_plantilla_horaria_table.php,HISTORICA_DECLARADA
horario,PRIMARY,cod_hor,,database/migrations/2026_05_05_201751_create_horarios_tables.php,HISTORICA_DECLARADA
horario,UNIQUE,cod_gea; cod_cur; cod_par; cod_pho,horario_gea_cur_par_pho_unique,database/migrations/2026_05_05_201751_create_horarios_tables.php,HISTORICA_DECLARADA
horario,INDEX,cod_gea,horario_cod_gea_index,database/migrations/2026_05_05_201751_create_horarios_tables.php,HISTORICA_DECLARADA
horario,INDEX,cod_cur,horario_cod_cur_index,database/migrations/2026_05_05_201751_create_horarios_tables.php,HISTORICA_DECLARADA
horario,INDEX,cod_par,horario_cod_par_index,database/migrations/2026_05_05_201751_create_horarios_tables.php,HISTORICA_DECLARADA
horario,INDEX,cod_pho,horario_cod_pho_index,database/migrations/2026_05_05_201751_create_horarios_tables.php,HISTORICA_DECLARADA
horario,INDEX,est_hor,horario_est_hor_index,database/migrations/2026_05_05_201751_create_horarios_tables.php,HISTORICA_DECLARADA
horario_bloque,PRIMARY,cod_hbl,,database/migrations/2026_05_05_201751_create_horarios_tables.php,HISTORICA_DECLARADA
horario_bloque,UNIQUE,cod_pho; num_hbl,horario_bloque_pho_num_unique,database/migrations/2026_05_05_201751_create_horarios_tables.php,HISTORICA_DECLARADA
horario_bloque,UNIQUE,cod_pho; hor_ini_hbl; hor_fin_hbl,horario_bloque_pho_horas_unique,database/migrations/2026_05_05_201751_create_horarios_tables.php,HISTORICA_DECLARADA
horario_bloque,INDEX,cod_pho,horario_bloque_cod_pho_index,database/migrations/2026_05_05_201751_create_horarios_tables.php,HISTORICA_DECLARADA
horario_bloque,INDEX,num_hbl,horario_bloque_num_hbl_index,database/migrations/2026_05_05_201751_create_horarios_tables.php,HISTORICA_DECLARADA
horario_bloque,INDEX,tip_hbl,horario_bloque_tip_hbl_index,database/migrations/2026_05_05_201751_create_horarios_tables.php,HISTORICA_DECLARADA
horario_bloque,INDEX,est_hbl,horario_bloque_est_hbl_index,database/migrations/2026_05_05_201751_create_horarios_tables.php,HISTORICA_DECLARADA
horario_detalle,PRIMARY,cod_hde,,database/migrations/2026_05_05_201751_create_horarios_tables.php,HISTORICA_DECLARADA
horario_detalle,UNIQUE,cod_hor; cod_hbl; dia_hde,horario_detalle_hor_bloque_dia_unique,database/migrations/2026_05_05_201751_create_horarios_tables.php,HISTORICA_DECLARADA
horario_detalle,INDEX,cod_hor,horario_detalle_cod_hor_index,database/migrations/2026_05_05_201751_create_horarios_tables.php,HISTORICA_DECLARADA
horario_detalle,INDEX,cod_hbl,horario_detalle_cod_hbl_index,database/migrations/2026_05_05_201751_create_horarios_tables.php,HISTORICA_DECLARADA
horario_detalle,INDEX,dia_hde,horario_detalle_dia_hde_index,database/migrations/2026_05_05_201751_create_horarios_tables.php,HISTORICA_DECLARADA
horario_detalle,INDEX,cod_pas,horario_detalle_cod_pas_index,database/migrations/2026_05_05_201751_create_horarios_tables.php,HISTORICA_DECLARADA
horario_detalle,INDEX,cod_pes,horario_detalle_cod_pes_index,database/migrations/2026_05_05_201751_create_horarios_tables.php,HISTORICA_DECLARADA
horario_detalle,INDEX,est_hde,horario_detalle_est_hde_index,database/migrations/2026_05_05_201751_create_horarios_tables.php,HISTORICA_DECLARADA
clase_virtual,PRIMARY,cod_cla,,database/migrations/aula_virtual/2026_05_17_083823_create_clase_virtual_table.php,HISTORICA_DECLARADA
clase_virtual,INDEX,cod_pas,,database/migrations/aula_virtual/2026_05_17_083823_create_clase_virtual_table.php,HISTORICA_DECLARADA
clase_virtual,INDEX,est_cla,,database/migrations/aula_virtual/2026_05_17_083823_create_clase_virtual_table.php,HISTORICA_DECLARADA
clase_virtual,INDEX,cod_pas; est_cla,,database/migrations/aula_virtual/2026_05_17_083823_create_clase_virtual_table.php,HISTORICA_DECLARADA
clase_virtual,INDEX,fec_ini_cla; fec_fin_cla,,database/migrations/aula_virtual/2026_05_17_083823_create_clase_virtual_table.php,HISTORICA_DECLARADA
clase_estudiante,PRIMARY,cod_cla_est,,database/migrations/aula_virtual/2026_05_17_083824_create_clase_estudiante_table.php,HISTORICA_DECLARADA
clase_estudiante,UNIQUE,cod_cla; cod_est,uq_clase_estudiante_unico,database/migrations/aula_virtual/2026_05_17_083824_create_clase_estudiante_table.php,HISTORICA_DECLARADA
clase_estudiante,INDEX,cod_cla,,database/migrations/aula_virtual/2026_05_17_083824_create_clase_estudiante_table.php,HISTORICA_DECLARADA
clase_estudiante,INDEX,cod_est,,database/migrations/aula_virtual/2026_05_17_083824_create_clase_estudiante_table.php,HISTORICA_DECLARADA
clase_estudiante,INDEX,est_cla_est,,database/migrations/aula_virtual/2026_05_17_083824_create_clase_estudiante_table.php,HISTORICA_DECLARADA
clase_estudiante,INDEX,ult_acc_cla_est,,database/migrations/aula_virtual/2026_05_17_083824_create_clase_estudiante_table.php,HISTORICA_DECLARADA
clase_estudiante,INDEX,cod_cla; est_cla_est,,database/migrations/aula_virtual/2026_05_17_083824_create_clase_estudiante_table.php,HISTORICA_DECLARADA
clase_estudiante,INDEX,cod_est; est_cla_est,,database/migrations/aula_virtual/2026_05_17_083824_create_clase_estudiante_table.php,HISTORICA_DECLARADA
publicacion_clase,PRIMARY,cod_pub,,database/migrations/aula_virtual/2026_05_17_083825_create_publicacion_clase_table.php,HISTORICA_DECLARADA
publicacion_clase,INDEX,cod_cla,,database/migrations/aula_virtual/2026_05_17_083825_create_publicacion_clase_table.php,HISTORICA_DECLARADA
publicacion_clase,INDEX,cod_usu,,database/migrations/aula_virtual/2026_05_17_083825_create_publicacion_clase_table.php,HISTORICA_DECLARADA
publicacion_clase,INDEX,tip_pub,,database/migrations/aula_virtual/2026_05_17_083825_create_publicacion_clase_table.php,HISTORICA_DECLARADA
publicacion_clase,INDEX,est_pub,,database/migrations/aula_virtual/2026_05_17_083825_create_publicacion_clase_table.php,HISTORICA_DECLARADA
publicacion_clase,INDEX,fec_pub,,database/migrations/aula_virtual/2026_05_17_083825_create_publicacion_clase_table.php,HISTORICA_DECLARADA
publicacion_clase,INDEX,cod_cla; est_pub,,database/migrations/aula_virtual/2026_05_17_083825_create_publicacion_clase_table.php,HISTORICA_DECLARADA
publicacion_clase,INDEX,cod_cla; tip_pub,,database/migrations/aula_virtual/2026_05_17_083825_create_publicacion_clase_table.php,HISTORICA_DECLARADA
publicacion_clase,INDEX,unidad_id; cod_cla,publicacion_clase'.'_unit_context_idx,database/migrations/2026_09_30_100002_prepare_lms_units_structure.php,PROPUESTA_NO_EJECUTADA
material_clase,PRIMARY,cod_mat,,database/migrations/aula_virtual/2026_05_17_083826_create_material_clase_table.php,HISTORICA_DECLARADA
material_clase,INDEX,cod_cla,,database/migrations/aula_virtual/2026_05_17_083826_create_material_clase_table.php,HISTORICA_DECLARADA
material_clase,INDEX,cod_pub,,database/migrations/aula_virtual/2026_05_17_083826_create_material_clase_table.php,HISTORICA_DECLARADA
material_clase,INDEX,cod_usu,,database/migrations/aula_virtual/2026_05_17_083826_create_material_clase_table.php,HISTORICA_DECLARADA
material_clase,INDEX,tip_mat,,database/migrations/aula_virtual/2026_05_17_083826_create_material_clase_table.php,HISTORICA_DECLARADA
material_clase,INDEX,est_mat,,database/migrations/aula_virtual/2026_05_17_083826_create_material_clase_table.php,HISTORICA_DECLARADA
material_clase,INDEX,cod_cla; est_mat,,database/migrations/aula_virtual/2026_05_17_083826_create_material_clase_table.php,HISTORICA_DECLARADA
material_clase,INDEX,cod_cla; tip_mat,,database/migrations/aula_virtual/2026_05_17_083826_create_material_clase_table.php,HISTORICA_DECLARADA
material_clase,INDEX,unidad_id; cod_cla,material_clase'.'_unit_context_idx,database/migrations/2026_09_30_100002_prepare_lms_units_structure.php,PROPUESTA_NO_EJECUTADA
tarea,PRIMARY,cod_tar,,database/migrations/aula_virtual/2026_05_17_083827_create_tarea_table.php,HISTORICA_DECLARADA
tarea,INDEX,cod_cla,,database/migrations/aula_virtual/2026_05_17_083827_create_tarea_table.php,HISTORICA_DECLARADA
tarea,INDEX,cod_doc,,database/migrations/aula_virtual/2026_05_17_083827_create_tarea_table.php,HISTORICA_DECLARADA
tarea,INDEX,tip_tar,,database/migrations/aula_virtual/2026_05_17_083827_create_tarea_table.php,HISTORICA_DECLARADA
tarea,INDEX,est_tar,,database/migrations/aula_virtual/2026_05_17_083827_create_tarea_table.php,HISTORICA_DECLARADA
tarea,INDEX,fec_pub_tar,,database/migrations/aula_virtual/2026_05_17_083827_create_tarea_table.php,HISTORICA_DECLARADA
tarea,INDEX,fec_lim_tar,,database/migrations/aula_virtual/2026_05_17_083827_create_tarea_table.php,HISTORICA_DECLARADA
tarea,INDEX,cod_cla; est_tar,,database/migrations/aula_virtual/2026_05_17_083827_create_tarea_table.php,HISTORICA_DECLARADA
tarea,INDEX,cod_cla; tip_tar,,database/migrations/aula_virtual/2026_05_17_083827_create_tarea_table.php,HISTORICA_DECLARADA
tarea,INDEX,cod_doc; est_tar,,database/migrations/aula_virtual/2026_05_17_083827_create_tarea_table.php,HISTORICA_DECLARADA
tarea,INDEX,unidad_id; cod_cla,tarea'.'_unit_context_idx,database/migrations/2026_09_30_100002_prepare_lms_units_structure.php,PROPUESTA_NO_EJECUTADA
tarea_material,PRIMARY,cod_tar_mat,,database/migrations/aula_virtual/2026_05_17_083828_create_tarea_material_table.php,HISTORICA_DECLARADA
tarea_material,INDEX,cod_tar,,database/migrations/aula_virtual/2026_05_17_083828_create_tarea_material_table.php,HISTORICA_DECLARADA
tarea_material,INDEX,tip_tar_mat,,database/migrations/aula_virtual/2026_05_17_083828_create_tarea_material_table.php,HISTORICA_DECLARADA
tarea_material,INDEX,est_tar_mat,,database/migrations/aula_virtual/2026_05_17_083828_create_tarea_material_table.php,HISTORICA_DECLARADA
tarea_material,INDEX,cod_tar; est_tar_mat,,database/migrations/aula_virtual/2026_05_17_083828_create_tarea_material_table.php,HISTORICA_DECLARADA
tarea_material,INDEX,cod_tar; tip_tar_mat,,database/migrations/aula_virtual/2026_05_17_083828_create_tarea_material_table.php,HISTORICA_DECLARADA
entrega_tarea,PRIMARY,cod_ent,,database/migrations/aula_virtual/2026_05_17_083829_create_entrega_tarea_table.php,HISTORICA_DECLARADA
entrega_tarea,INDEX,cod_tar,,database/migrations/aula_virtual/2026_05_17_083829_create_entrega_tarea_table.php,HISTORICA_DECLARADA
entrega_tarea,INDEX,cod_est,,database/migrations/aula_virtual/2026_05_17_083829_create_entrega_tarea_table.php,HISTORICA_DECLARADA
entrega_tarea,INDEX,fec_ent,,database/migrations/aula_virtual/2026_05_17_083829_create_entrega_tarea_table.php,HISTORICA_DECLARADA
entrega_tarea,INDEX,est_ent,,database/migrations/aula_virtual/2026_05_17_083829_create_entrega_tarea_table.php,HISTORICA_DECLARADA
entrega_tarea,INDEX,cod_tar; cod_est,,database/migrations/aula_virtual/2026_05_17_083829_create_entrega_tarea_table.php,HISTORICA_DECLARADA
entrega_tarea,INDEX,cod_tar; est_ent,,database/migrations/aula_virtual/2026_05_17_083829_create_entrega_tarea_table.php,HISTORICA_DECLARADA
entrega_tarea,INDEX,cod_est; est_ent,,database/migrations/aula_virtual/2026_05_17_083829_create_entrega_tarea_table.php,HISTORICA_DECLARADA
entrega_tarea,UNIQUE,cod_tar; cod_est,uq_entrega_tarea_estudiante,database/migrations/2026_06_20_144115_add_unique_constraint_to_entrega_tarea_table.php,HISTORICA_DECLARADA
entrega_archivo,PRIMARY,cod_ent_arc,,database/migrations/aula_virtual/2026_05_17_083830_create_entrega_archivo_table.php,HISTORICA_DECLARADA
entrega_archivo,INDEX,cod_ent,,database/migrations/aula_virtual/2026_05_17_083830_create_entrega_archivo_table.php,HISTORICA_DECLARADA
entrega_archivo,INDEX,mime_arc,,database/migrations/aula_virtual/2026_05_17_083830_create_entrega_archivo_table.php,HISTORICA_DECLARADA
entrega_archivo,INDEX,est_arc,,database/migrations/aula_virtual/2026_05_17_083830_create_entrega_archivo_table.php,HISTORICA_DECLARADA
entrega_archivo,INDEX,cod_ent; est_arc,,database/migrations/aula_virtual/2026_05_17_083830_create_entrega_archivo_table.php,HISTORICA_DECLARADA
calificacion_tarea,PRIMARY,cod_cal_tar,,database/migrations/aula_virtual/2026_05_17_083831_create_calificacion_tarea_table.php,HISTORICA_DECLARADA
calificacion_tarea,UNIQUE,cod_ent,uq_calificacion_por_entrega,database/migrations/aula_virtual/2026_05_17_083831_create_calificacion_tarea_table.php,HISTORICA_DECLARADA
calificacion_tarea,INDEX,cod_tar,,database/migrations/aula_virtual/2026_05_17_083831_create_calificacion_tarea_table.php,HISTORICA_DECLARADA
calificacion_tarea,INDEX,cod_est,,database/migrations/aula_virtual/2026_05_17_083831_create_calificacion_tarea_table.php,HISTORICA_DECLARADA
calificacion_tarea,INDEX,cod_doc,,database/migrations/aula_virtual/2026_05_17_083831_create_calificacion_tarea_table.php,HISTORICA_DECLARADA
calificacion_tarea,INDEX,fec_cal,,database/migrations/aula_virtual/2026_05_17_083831_create_calificacion_tarea_table.php,HISTORICA_DECLARADA
calificacion_tarea,INDEX,est_cal,,database/migrations/aula_virtual/2026_05_17_083831_create_calificacion_tarea_table.php,HISTORICA_DECLARADA
calificacion_tarea,INDEX,cod_tar; cod_est,,database/migrations/aula_virtual/2026_05_17_083831_create_calificacion_tarea_table.php,HISTORICA_DECLARADA
calificacion_tarea,INDEX,cod_doc; est_cal,,database/migrations/aula_virtual/2026_05_17_083831_create_calificacion_tarea_table.php,HISTORICA_DECLARADA
estado_asistencia,PRIMARY,cod_est_asi,,database/migrations/aula_virtual/2026_05_17_083832_create_estado_asistencia_table.php,HISTORICA_DECLARADA
estado_asistencia,UNIQUE,nom_est_asi,uq_estado_asistencia_nombre,database/migrations/aula_virtual/2026_05_17_083832_create_estado_asistencia_table.php,HISTORICA_DECLARADA
estado_asistencia,UNIQUE,abr_est_asi,uq_estado_asistencia_abreviatura,database/migrations/aula_virtual/2026_05_17_083832_create_estado_asistencia_table.php,HISTORICA_DECLARADA
estado_asistencia,INDEX,est_est_asi,,database/migrations/aula_virtual/2026_05_17_083832_create_estado_asistencia_table.php,HISTORICA_DECLARADA
estado_asistencia,INDEX,afecta_asistencia,,database/migrations/aula_virtual/2026_05_17_083832_create_estado_asistencia_table.php,HISTORICA_DECLARADA
estado_asistencia,INDEX,requiere_observacion,,database/migrations/aula_virtual/2026_05_17_083832_create_estado_asistencia_table.php,HISTORICA_DECLARADA
asistencia_clase,PRIMARY,cod_asi_cla,,database/migrations/aula_virtual/2026_05_17_083833_create_asistencia_clase_table.php,HISTORICA_DECLARADA
asistencia_clase,INDEX,cod_cla,,database/migrations/aula_virtual/2026_05_17_083833_create_asistencia_clase_table.php,HISTORICA_DECLARADA
asistencia_clase,INDEX,cod_doc,,database/migrations/aula_virtual/2026_05_17_083833_create_asistencia_clase_table.php,HISTORICA_DECLARADA
asistencia_clase,INDEX,cod_hbl,,database/migrations/aula_virtual/2026_05_17_083833_create_asistencia_clase_table.php,HISTORICA_DECLARADA
asistencia_clase,INDEX,cod_usu_reg,,database/migrations/aula_virtual/2026_05_17_083833_create_asistencia_clase_table.php,HISTORICA_DECLARADA
asistencia_clase,INDEX,fec_asi_cla,,database/migrations/aula_virtual/2026_05_17_083833_create_asistencia_clase_table.php,HISTORICA_DECLARADA
asistencia_clase,INDEX,tip_asi_cla,,database/migrations/aula_virtual/2026_05_17_083833_create_asistencia_clase_table.php,HISTORICA_DECLARADA
asistencia_clase,INDEX,ori_asi_cla,,database/migrations/aula_virtual/2026_05_17_083833_create_asistencia_clase_table.php,HISTORICA_DECLARADA
asistencia_clase,INDEX,est_asi_cla,,database/migrations/aula_virtual/2026_05_17_083833_create_asistencia_clase_table.php,HISTORICA_DECLARADA
asistencia_clase,INDEX,cod_cla; fec_asi_cla,,database/migrations/aula_virtual/2026_05_17_083833_create_asistencia_clase_table.php,HISTORICA_DECLARADA
asistencia_clase,INDEX,cod_cla; est_asi_cla,,database/migrations/aula_virtual/2026_05_17_083833_create_asistencia_clase_table.php,HISTORICA_DECLARADA
asistencia_clase,INDEX,cod_doc; fec_asi_cla,,database/migrations/aula_virtual/2026_05_17_083833_create_asistencia_clase_table.php,HISTORICA_DECLARADA
asistencia_clase,UNIQUE,cod_cla; cod_hbl; fec_asi_cla; est_asi_cla,uq_asistencia_clase_bloque_estado,database/migrations/aula_virtual/2026_05_17_083833_create_asistencia_clase_table.php,HISTORICA_DECLARADA
asistencia_estudiante,PRIMARY,cod_asi_est,,database/migrations/aula_virtual/2026_05_17_083834_create_asistencia_estudiante_table.php,HISTORICA_DECLARADA
asistencia_estudiante,UNIQUE,cod_asi_cla; cod_est,uq_asistencia_estudiante_unico,database/migrations/aula_virtual/2026_05_17_083834_create_asistencia_estudiante_table.php,HISTORICA_DECLARADA
asistencia_estudiante,INDEX,cod_asi_cla,,database/migrations/aula_virtual/2026_05_17_083834_create_asistencia_estudiante_table.php,HISTORICA_DECLARADA
asistencia_estudiante,INDEX,cod_est,,database/migrations/aula_virtual/2026_05_17_083834_create_asistencia_estudiante_table.php,HISTORICA_DECLARADA
asistencia_estudiante,INDEX,cod_est_asi,,database/migrations/aula_virtual/2026_05_17_083834_create_asistencia_estudiante_table.php,HISTORICA_DECLARADA
asistencia_estudiante,INDEX,cod_usu_reg,,database/migrations/aula_virtual/2026_05_17_083834_create_asistencia_estudiante_table.php,HISTORICA_DECLARADA
asistencia_estudiante,INDEX,fec_reg_asi_est,,database/migrations/aula_virtual/2026_05_17_083834_create_asistencia_estudiante_table.php,HISTORICA_DECLARADA
asistencia_estudiante,INDEX,est_asi_est,,database/migrations/aula_virtual/2026_05_17_083834_create_asistencia_estudiante_table.php,HISTORICA_DECLARADA
asistencia_estudiante,INDEX,cod_asi_cla; est_asi_est,,database/migrations/aula_virtual/2026_05_17_083834_create_asistencia_estudiante_table.php,HISTORICA_DECLARADA
asistencia_estudiante,INDEX,cod_est; est_asi_est,,database/migrations/aula_virtual/2026_05_17_083834_create_asistencia_estudiante_table.php,HISTORICA_DECLARADA
asistencia_estudiante,INDEX,cod_est_asi; est_asi_est,,database/migrations/aula_virtual/2026_05_17_083834_create_asistencia_estudiante_table.php,HISTORICA_DECLARADA
actividad_clase,PRIMARY,cod_act_cla,,database/migrations/aula_virtual/2026_05_17_083835_create_actividad_clase_table.php,HISTORICA_DECLARADA
actividad_clase,INDEX,cod_cla,,database/migrations/aula_virtual/2026_05_17_083835_create_actividad_clase_table.php,HISTORICA_DECLARADA
actividad_clase,INDEX,cod_est,,database/migrations/aula_virtual/2026_05_17_083835_create_actividad_clase_table.php,HISTORICA_DECLARADA
actividad_clase,INDEX,cod_usu,,database/migrations/aula_virtual/2026_05_17_083835_create_actividad_clase_table.php,HISTORICA_DECLARADA
actividad_clase,INDEX,tip_act,,database/migrations/aula_virtual/2026_05_17_083835_create_actividad_clase_table.php,HISTORICA_DECLARADA
actividad_clase,INDEX,fec_act,,database/migrations/aula_virtual/2026_05_17_083835_create_actividad_clase_table.php,HISTORICA_DECLARADA
actividad_clase,INDEX,cod_cla; tip_act,,database/migrations/aula_virtual/2026_05_17_083835_create_actividad_clase_table.php,HISTORICA_DECLARADA
actividad_clase,INDEX,cod_cla; fec_act,,database/migrations/aula_virtual/2026_05_17_083835_create_actividad_clase_table.php,HISTORICA_DECLARADA
actividad_clase,INDEX,cod_est; fec_act,,database/migrations/aula_virtual/2026_05_17_083835_create_actividad_clase_table.php,HISTORICA_DECLARADA
actividad_clase,INDEX,ref_tab; ref_cod,,database/migrations/aula_virtual/2026_05_17_083835_create_actividad_clase_table.php,HISTORICA_DECLARADA
documento_inscripcion_estudiante,PRIMARY,cod_die,,database/migrations/2026_05_19_001028_create_documento_inscripcion_estudiante_table.php,HISTORICA_DECLARADA
documento_inscripcion_estudiante,INDEX,cod_ins,idx_documento_inscripcion_cod_ins,database/migrations/2026_05_19_001028_create_documento_inscripcion_estudiante_table.php,HISTORICA_DECLARADA
documento_inscripcion_estudiante,INDEX,tip_die,idx_documento_inscripcion_tip_die,database/migrations/2026_05_19_001028_create_documento_inscripcion_estudiante_table.php,HISTORICA_DECLARADA
documento_inscripcion_estudiante,INDEX,est_die,idx_documento_inscripcion_est_die,database/migrations/2026_05_19_001028_create_documento_inscripcion_estudiante_table.php,HISTORICA_DECLARADA
documento_inscripcion_estudiante,INDEX,obl_die,idx_documento_inscripcion_obl_die,database/migrations/2026_05_19_001028_create_documento_inscripcion_estudiante_table.php,HISTORICA_DECLARADA
documento_inscripcion_estudiante,INDEX,fec_lim_die,idx_documento_inscripcion_fec_lim_die,database/migrations/2026_05_19_001028_create_documento_inscripcion_estudiante_table.php,HISTORICA_DECLARADA
documento_inscripcion_estudiante,INDEX,fec_pre_die,idx_documento_inscripcion_fec_pre_die,database/migrations/2026_05_19_001028_create_documento_inscripcion_estudiante_table.php,HISTORICA_DECLARADA
respaldo_gestion_academica,PRIMARY,cod_rga,,database/migrations/2026_05_24_051142_create_respaldo_gestion_academicas_table.php,HISTORICA_DECLARADA
respaldo_gestion_academica,INDEX,cod_gea,respaldo_gestion_cod_gea_index,database/migrations/2026_05_24_051142_create_respaldo_gestion_academicas_table.php,HISTORICA_DECLARADA
respaldo_gestion_academica,INDEX,tip_rga,respaldo_gestion_tip_rga_index,database/migrations/2026_05_24_051142_create_respaldo_gestion_academicas_table.php,HISTORICA_DECLARADA
respaldo_gestion_academica,INDEX,for_rga,respaldo_gestion_for_rga_index,database/migrations/2026_05_24_051142_create_respaldo_gestion_academicas_table.php,HISTORICA_DECLARADA
respaldo_gestion_academica,INDEX,est_rga,respaldo_gestion_est_rga_index,database/migrations/2026_05_24_051142_create_respaldo_gestion_academicas_table.php,HISTORICA_DECLARADA
respaldo_gestion_academica,INDEX,fec_rga,respaldo_gestion_fec_rga_index,database/migrations/2026_05_24_051142_create_respaldo_gestion_academicas_table.php,HISTORICA_DECLARADA
reportes_generados,PRIMARY,id,,database/migrations/2026_06_20_101359_create_reportes_generados_table.php,HISTORICA_DECLARADA
reportes_generados,UNIQUE,codigo,,database/migrations/2026_06_20_101359_create_reportes_generados_table.php,HISTORICA_DECLARADA
reportes_generados,INDEX,tipo_reporte,,database/migrations/2026_06_20_101359_create_reportes_generados_table.php,HISTORICA_DECLARADA
reportes_generados,INDEX,formato,,database/migrations/2026_06_20_101359_create_reportes_generados_table.php,HISTORICA_DECLARADA
reportes_generados,INDEX,created_at,,database/migrations/2026_06_20_101359_create_reportes_generados_table.php,HISTORICA_DECLARADA
orientacion_actividades,PRIMARY,id,,database/migrations/2026_06_20_130000_create_aula_virtual_orientacion_tables.php,HISTORICA_DECLARADA
orientacion_actividades,INDEX,cod_est; estado,,database/migrations/2026_06_20_130000_create_aula_virtual_orientacion_tables.php,HISTORICA_DECLARADA
orientacion_preguntas,PRIMARY,id,,database/migrations/2026_06_20_130000_create_aula_virtual_orientacion_tables.php,HISTORICA_DECLARADA
orientacion_preguntas,UNIQUE,codigo,,database/migrations/2026_06_20_130000_create_aula_virtual_orientacion_tables.php,HISTORICA_DECLARADA
orientacion_preguntas,INDEX,visible; orden,,database/migrations/2026_06_20_130000_create_aula_virtual_orientacion_tables.php,HISTORICA_DECLARADA
orientacion_preguntas,INDEX,dimension,,database/migrations/2026_06_20_130000_create_aula_virtual_orientacion_tables.php,HISTORICA_DECLARADA
orientacion_respuestas,PRIMARY,id,,database/migrations/2026_06_20_130000_create_aula_virtual_orientacion_tables.php,HISTORICA_DECLARADA
orientacion_respuestas,UNIQUE,orientacion_actividad_id; orientacion_pregunta_id,uq_orientacion_respuesta_pregunta,database/migrations/2026_06_20_130000_create_aula_virtual_orientacion_tables.php,HISTORICA_DECLARADA
orientacion_respuestas,INDEX,cod_est; orientacion_actividad_id,,database/migrations/2026_06_20_130000_create_aula_virtual_orientacion_tables.php,HISTORICA_DECLARADA
orientacion_resultados,PRIMARY,id,,database/migrations/2026_06_20_130000_create_aula_virtual_orientacion_tables.php,HISTORICA_DECLARADA
orientacion_resultados,UNIQUE,orientacion_actividad_id,uq_orientacion_resultado_actividad,database/migrations/2026_06_20_130000_create_aula_virtual_orientacion_tables.php,HISTORICA_DECLARADA
orientacion_resultados,INDEX,cod_est; estado,,database/migrations/2026_06_20_130000_create_aula_virtual_orientacion_tables.php,HISTORICA_DECLARADA
orientacion_carreras_sugeridas,PRIMARY,id,,database/migrations/2026_06_20_130000_create_aula_virtual_orientacion_tables.php,HISTORICA_DECLARADA
orientacion_carreras_sugeridas,INDEX,orientacion_resultado_id; orden,,database/migrations/2026_06_20_130000_create_aula_virtual_orientacion_tables.php,HISTORICA_DECLARADA
regente_asignaciones,PRIMARY,id,,database/migrations/2026_09_28_000001_add_reestructuracion_academic_context.php,HISTORICA_DECLARADA
regente_asignaciones,UNIQUE,cod_reg; cod_gea; cod_cur,regente_gestion_grado_unique,database/migrations/2026_09_28_000001_add_reestructuracion_academic_context.php,HISTORICA_DECLARADA
regente_asignaciones,INDEX,cod_gea; cod_cur; activa,regente_gestion_grado_activa_index,database/migrations/2026_09_28_000001_add_reestructuracion_academic_context.php,HISTORICA_DECLARADA
role_requests,PRIMARY,id,,database/migrations/2026_09_28_000001_create_role_requests_table.php,HISTORICA_DECLARADA
role_requests,INDEX,document_hash,,database/migrations/2026_09_28_000001_create_role_requests_table.php,HISTORICA_DECLARADA
kardex_tipos,PRIMARY,codigo; version,,database/migrations/2026_09_30_100001_prepare_kardex_seguimiento_structure.php,PROPUESTA_NO_EJECUTADA
kardex_tipos,INDEX,version; activo,,database/migrations/2026_09_30_100001_prepare_kardex_seguimiento_structure.php,PROPUESTA_NO_EJECUTADA
kardex_categorias,PRIMARY,codigo; version,,database/migrations/2026_09_30_100001_prepare_kardex_seguimiento_structure.php,PROPUESTA_NO_EJECUTADA
kardex_categorias,INDEX,version; activo,,database/migrations/2026_09_30_100001_prepare_kardex_seguimiento_structure.php,PROPUESTA_NO_EJECUTADA
kardex_niveles,PRIMARY,codigo; version,,database/migrations/2026_09_30_100001_prepare_kardex_seguimiento_structure.php,PROPUESTA_NO_EJECUTADA
kardex_niveles,INDEX,version; activo,,database/migrations/2026_09_30_100001_prepare_kardex_seguimiento_structure.php,PROPUESTA_NO_EJECUTADA
kardex_estados,PRIMARY,codigo; version,,database/migrations/2026_09_30_100001_prepare_kardex_seguimiento_structure.php,PROPUESTA_NO_EJECUTADA
kardex_estados,INDEX,version; activo,,database/migrations/2026_09_30_100001_prepare_kardex_seguimiento_structure.php,PROPUESTA_NO_EJECUTADA
kardex_medidas,PRIMARY,codigo; version,,database/migrations/2026_09_30_100001_prepare_kardex_seguimiento_structure.php,PROPUESTA_NO_EJECUTADA
kardex_medidas,INDEX,version; activo,,database/migrations/2026_09_30_100001_prepare_kardex_seguimiento_structure.php,PROPUESTA_NO_EJECUTADA
seguimiento_academico,PRIMARY,cod_seg,,database/migrations/2026_09_30_100001_prepare_kardex_seguimiento_structure.php,PROPUESTA_NO_EJECUTADA
seguimiento_academico,INDEX,cod_est; cod_gea; fec_ape_seg,seguimiento_student_timeline_idx,database/migrations/2026_09_30_100001_prepare_kardex_seguimiento_structure.php,PROPUESTA_NO_EJECUTADA
seguimiento_academico,INDEX,cod_gea; cod_cur; est_seg; fec_pro_seg,seguimiento_regency_review_idx,database/migrations/2026_09_30_100001_prepare_kardex_seguimiento_structure.php,PROPUESTA_NO_EJECUTADA
seguimiento_academico,INDEX,cod_pas,,database/migrations/2026_09_30_100001_prepare_kardex_seguimiento_structure.php,PROPUESTA_NO_EJECUTADA
seguimiento_academico,INDEX,cod_usu_aut,,database/migrations/2026_09_30_100001_prepare_kardex_seguimiento_structure.php,PROPUESTA_NO_EJECUTADA
seguimiento_academico,INDEX,cod_usu_res,,database/migrations/2026_09_30_100001_prepare_kardex_seguimiento_structure.php,PROPUESTA_NO_EJECUTADA
seguimiento_academico,INDEX,tip_seg; version_catalogo,,database/migrations/2026_09_30_100001_prepare_kardex_seguimiento_structure.php,PROPUESTA_NO_EJECUTADA
seguimiento_academico,INDEX,niv_ape_seg; version_catalogo,,database/migrations/2026_09_30_100001_prepare_kardex_seguimiento_structure.php,PROPUESTA_NO_EJECUTADA
seguimiento_academico,INDEX,est_seg; version_catalogo,,database/migrations/2026_09_30_100001_prepare_kardex_seguimiento_structure.php,PROPUESTA_NO_EJECUTADA
seguimiento_academico,INDEX,cod_categoria; version_catalogo,,database/migrations/2026_09_30_100001_prepare_kardex_seguimiento_structure.php,PROPUESTA_NO_EJECUTADA
seguimiento_academico,INDEX,cod_medida; version_catalogo,,database/migrations/2026_09_30_100001_prepare_kardex_seguimiento_structure.php,PROPUESTA_NO_EJECUTADA
seguimiento_revisiones,PRIMARY,id,,database/migrations/2026_09_30_100001_prepare_kardex_seguimiento_structure.php,PROPUESTA_NO_EJECUTADA
seguimiento_revisiones,INDEX,cod_seg; created_at,,database/migrations/2026_09_30_100001_prepare_kardex_seguimiento_structure.php,PROPUESTA_NO_EJECUTADA
seguimiento_revisiones,INDEX,cod_usu,,database/migrations/2026_09_30_100001_prepare_kardex_seguimiento_structure.php,PROPUESTA_NO_EJECUTADA
seguimiento_evidencias,PRIMARY,id,,database/migrations/2026_09_30_100001_prepare_kardex_seguimiento_structure.php,PROPUESTA_NO_EJECUTADA
seguimiento_evidencias,INDEX,cod_seg; created_at,,database/migrations/2026_09_30_100001_prepare_kardex_seguimiento_structure.php,PROPUESTA_NO_EJECUTADA
seguimiento_evidencias,INDEX,cod_usu,,database/migrations/2026_09_30_100001_prepare_kardex_seguimiento_structure.php,PROPUESTA_NO_EJECUTADA
unidades_clase,PRIMARY,id,,database/migrations/2026_09_30_100002_prepare_lms_units_structure.php,PROPUESTA_NO_EJECUTADA
unidades_clase,UNIQUE,id; cod_cla,units_class_context_unique,database/migrations/2026_09_30_100002_prepare_lms_units_structure.php,PROPUESTA_NO_EJECUTADA
unidades_clase,UNIQUE,cod_cla; orden,units_class_order_unique,database/migrations/2026_09_30_100002_prepare_lms_units_structure.php,PROPUESTA_NO_EJECUTADA
unidades_clase,INDEX,cod_cla; publicada; archivada_at,,database/migrations/2026_09_30_100002_prepare_lms_units_structure.php,PROPUESTA_NO_EJECUTADA
unidades_clase,INDEX,created_by,,database/migrations/2026_09_30_100002_prepare_lms_units_structure.php,PROPUESTA_NO_EJECUTADA
notifications,PRIMARY,id,,database/migrations/2026_09_30_100003_prepare_database_notifications.php,PROPUESTA_NO_EJECUTADA
notifications,INDEX,notifiable_type; notifiable_id; read_at; created_at,notifications_recipient_unread_idx,database/migrations/2026_09_30_100003_prepare_database_notifications.php,PROPUESTA_NO_EJECUTADA
notifications,UNIQUE,notifiable_id; event_key,notifications_recipient_event_unique,database/migrations/2026_09_30_100003_prepare_database_notifications.php,PROPUESTA_NO_EJECUTADA
metas_academicas,PRIMARY,id,,database/migrations/2026_09_30_100004_prepare_student_academic_goals.php,PROPUESTA_NO_EJECUTADA
metas_academicas,INDEX,cod_est; estado; fecha_objetivo,,database/migrations/2026_09_30_100004_prepare_student_academic_goals.php,PROPUESTA_NO_EJECUTADA
metas_academicas,INDEX,cod_gea,,database/migrations/2026_09_30_100004_prepare_student_academic_goals.php,PROPUESTA_NO_EJECUTADA
metas_academicas,INDEX,created_by,,database/migrations/2026_09_30_100004_prepare_student_academic_goals.php,PROPUESTA_NO_EJECUTADA
meta_academica_revisiones,PRIMARY,id,,database/migrations/2026_09_30_100004_prepare_student_academic_goals.php,PROPUESTA_NO_EJECUTADA
meta_academica_revisiones,INDEX,meta_id; created_at,,database/migrations/2026_09_30_100004_prepare_student_academic_goals.php,PROPUESTA_NO_EJECUTADA
meta_academica_revisiones,INDEX,cod_usu,,database/migrations/2026_09_30_100004_prepare_student_academic_goals.php,PROPUESTA_NO_EJECUTADA
calendario_evento,PRIMARY,cod_cae,,database/migrations/2026_09_30_100005_prepare_institutional_calendar.php,PROPUESTA_NO_EJECUTADA
calendario_evento,INDEX,cod_tur,,database/migrations/2026_09_30_100005_prepare_institutional_calendar.php,PROPUESTA_NO_EJECUTADA
calendario_evento,INDEX,cod_cur,,database/migrations/2026_09_30_100005_prepare_institutional_calendar.php,PROPUESTA_NO_EJECUTADA
calendario_evento,INDEX,cod_par,,database/migrations/2026_09_30_100005_prepare_institutional_calendar.php,PROPUESTA_NO_EJECUTADA
calendario_evento,INDEX,cod_gea; fii_cae; ffi_cae,,database/migrations/2026_09_30_100005_prepare_institutional_calendar.php,PROPUESTA_NO_EJECUTADA
calendario_evento,INDEX,cod_gea; cod_cur; est_cae,,database/migrations/2026_09_30_100005_prepare_institutional_calendar.php,PROPUESTA_NO_EJECUTADA
calendario_evento,INDEX,created_by,,database/migrations/2026_09_30_100005_prepare_institutional_calendar.php,PROPUESTA_NO_EJECUTADA
calendario_evento_revisiones,PRIMARY,id,,database/migrations/2026_09_30_100005_prepare_institutional_calendar.php,PROPUESTA_NO_EJECUTADA
calendario_evento_revisiones,INDEX,cod_cae; created_at,,database/migrations/2026_09_30_100005_prepare_institutional_calendar.php,PROPUESTA_NO_EJECUTADA
calendario_evento_revisiones,INDEX,cod_usu,,database/migrations/2026_09_30_100005_prepare_institutional_calendar.php,PROPUESTA_NO_EJECUTADA
