file,sha256,bytes
app/Contracts/KardexRepository.php,2626fbeedd5857c246e7ebaf1c586ffe5b05e366651bd4af2b91ede3061fad9e,315
app/Contracts/SpecializedAcademicClient.php,337eb84b7ff756729241df7b7d50dc33ec3a682b9190e2ff3893bcebb123aaaa,361
app/Livewire/InstitutionalAuthorization.php,e9641d7a07113b64e987a66bd2a3d6187864679882d5898eb08d12c22b4949c5,4473
app/Models/Administrador.php,ea1c96cde756b110a9eee7dc9f9afa3be4228ca38a88b4c12e14968d9e2c6483,1152
app/Models/Asignatura.php,2fdc8df9f078c4a6f8a484eb386f6e1b3251853fabe1fc489ba6d99415c51dfc,1304
app/Models/Bitacora.php,f614e748ea8ca41a4ddabc48693f87e46f835687180237a838d1ae18f34ddd6f,1655
app/Models/CalendarioEvento.php,a39c653f8baa11f67cfe750067831eebca7e3a5f41518c2cb02775c039834c78,909
app/Models/Calificacion.php,b0d684ee6bffcb057952076f35f187a4f013dcd23a87899ca0439ac2282c5b7f,1816
app/Models/Curso.php,21d1e428dcdfbacf7571de119015f5f4844eaceb0eced80298b6917d771c6dcf,1362
app/Models/Director.php,f428455b6ed7aed63c01122bd0d3405a54b7e558daab0be7d563cb1238f87e19,1117
app/Models/Docente.php,de12dd3c75f0aaba1e2a13459eb306bddf06bd400cfdf7d78286ba38f51069d1,1462
app/Models/DocumentoInscripcionEstudiante.php,2e153c36ef9a0b2a0e8f8dba2f647d3da42be8166d68cf12a299fb683e936348,5278
app/Models/EspecialidadTecnica.php,5450ec0736f44f40af49a71b327cb1f8906f4681c930a051e2b4e68f0aeab0ca,1180
app/Models/Estudiante.php,008f4fab6af0317fa7b134a6b12ff4f910149f9264a655f5d1cabb294153fb78,1772
app/Models/GestionAcademica.php,72dd3d33d6e2be8018f2f6e2413bd30ef963e9b0d38045f524599931bf909f52,1593
app/Models/Horario.php,e511ba0675707c11479c87ec0c2c6a770b11a70cb0311659aa95de0d2ff2999a,5732
app/Models/HorarioBloque.php,19e3cc8cc9eac0ef9e2ec98766cec0f88ac3c960257e888dddaee0663e0395b1,5551
app/Models/HorarioDetalle.php,d72d895226e91bddddbb8ffaa30188b02977d7be7ac0287647390977d8011805,4992
app/Models/InscripcionEstudiante.php,9d5e227131b3ea87edc68a4bbd231f7a553cdf1fce3da0bc42186d1669ef64bc,8563
app/Models/InstitucionProcedencia.php,1dccc8b0ed114e80770009d08dd9e41c95e3029dc036666ef7e13c4acc99f5f5,1223
app/Models/MetaAcademica.php,6f553c33439ade6b51a32db73924352392ec26bac698e7b1c4cdd5bd5e849841,875
app/Models/Paralelo.php,9b01464a835ec145a6ebee310713b5409ed3978a2deca51da53a253a65a94cde,1269
app/Models/PeriodoEvaluacion.php,6665371d86ec86b3448d3bc237c1ce7d356c1a416e88a81c270a581558e56cf8,1181
app/Models/Persona.php,f37a8441794cf96eb99d199589f4e3b3049f2d02b3d2e08dc0d56c97ee5ff333,1219
app/Models/PersonalInstitucional.php,7c1627255fa45fee58d5a286d5deff46b57ae9434a61f1f30792c536c613e6fa,1869
app/Models/PlanAsignatura.php,bb09000ef9af202bc9f4a79cacd59e926fcb322d38a13202bf4f4e7f133fcfda,1916
app/Models/PlanEspecialidad.php,5530cbdf496dae48c24e0bd9a5bdfdcd070fbf16384220e1c63c90bb6f0080e4,1709
app/Models/PlantillaHoraria.php,d173f137b1a7807cafc1c36a21076b3b834f50dd0869640022965bf5cb8c0e9e,5671
app/Models/Regente.php,82e377a8b72e73292b27adcb9a68c9c5d03b60fa1deac0ecdb79c12a1e7babc9,1110
app/Models/RegenteAsignacion.php,648458d70121fde3ca0e69b80fb6365aaa51772849192c505effe7f5d057c1db,576
app/Models/ReporteGenerado.php,9ebb409069610e3152aa03c580df812a79f3b6250ef211a9f8e3280bef7366d1,2093
app/Models/RespaldoGestionAcademica.php,1b5f7add499b810c2d229d0cf7381edf4cb55233924d11b438b6818a6ff91e71,3842
app/Models/Role.php,84706a4488e252fca69bcc8c56a3c1ec11ac3d738fdbe269694c946b4810d550,317
app/Models/RoleRequest.php,7b6b577e2ec2480cb745b36189a3a016876113942d0d032939e2f3a4156f02d8,730
app/Models/SecretariaGeneral.php,b5bbd8a8dbcca5aa33d588cffec5de503d0d49b883b2fb5eb10b5945084ff436,1162
app/Models/SeguimientoAcademico.php,39b3f4918c0d2d75e2d8e4abfc7c9179adc136e389487ae2a7c85c60fb77396a,1347
app/Models/TipoVinculacionEstudiante.php,ea0453e6cf0c0b088be3043580abab09213e8164424349f494b8071dfcb07ee8,1194
app/Models/Turno.php,97986eb34b0362f58298b44a3d5c84019bc563ec709072688f3abe72496a296a,1149
app/Models/User.php,296cb1a2710abfc67bfedb43177aba78d46620fa1917c6d2a5fa5a6efa555dd8,1952
app/Notifications/CustomResetPasswordNotification.php,623db2bb6db1d6ad929847e47ce64e44607f68f8a93f733d1e5a7db382211ced,1092
app/Policies/AulaVirtualAsistenciaPolicy.php,969fddf08c0eca06c3b9fa2f9c5056ffbd0f82a79eb594c129a5d72e190d3e04,836
app/Policies/AulaVirtualCursoPolicy.php,b052ddeb044f738316d1d350cd056589cda4b03065c00a271474d307b0c00fa7,715
app/Policies/AulaVirtualEntregaPolicy.php,f92b77762e9710690c8857eeb6b659d67d3d34ce364fbff53cf6d6063667cd67,1550
app/Policies/AulaVirtualMaterialPolicy.php,9d29333920576c5b41971fba44e1fc011861b5cddb5310acfe67a3a4d9477af8,767
app/Policies/AulaVirtualTareaPolicy.php,43936834ef787f5d9afca92256a4a004e975c47a6405823dbbebf216f74da249,680
app/Policies/CalificacionPolicy.php,a13c560d838a802673c190c4331116aae42a48808983234298542f2447592557,510
app/Policies/CursoPolicy.php,fe527207656352bb8b034909bb1689dd2700a9c18abe57e67151cf2959a5bdbf,544
app/Policies/DocumentoInscripcionEstudiantePolicy.php,9ad9f8f8a806c83c0b9fa7a287c33e25d7296ae6ec49f7b7e1fe5da66d24c11a,648
app/Policies/EstudiantePolicy.php,e67d84721370d4a8b0fbf144a6d6bef7f16d798d5617c77fd9e447e0e31421fa,594
app/Policies/InscripcionEstudiantePolicy.php,1c2d67587a9f03e01e0a9d2964119cd4e0aa67a6afd3d12f89f5a7d0a8794a0b,1211
app/Policies/KardexPolicy.php,bb53a6aeb3570c8cc9911805089e9e8b5cbf90e62264e7939dbd959550e839b2,1126
app/Policies/MetaAcademicaPolicy.php,8d9adcd5c8cb683b652decb28bf5cfdf983017ef42d1b82f559577bc6d567f95,622
app/Policies/OrientacionResultadoPolicy.php,fb7fca8ea8c87c376f062357a8076074f77eefd9c893662076ab6451146e457d,1403
app/Policies/PersonaPolicy.php,bc83b9878647e891762bd86c13d2806127564546e61eee6615043900e8e09698,684
app/Policies/ReporteGeneradoPolicy.php,b675d241bd71f15bc2e55c334c00b812d86654890e89da0bde2d7d42a6797421,676
app/Policies/UserPolicy.php,8ccaf54676774b1474a8e4654a3d534040224bdf886edc38166ce554d0e077ff,1090
app/Providers/AppServiceProvider.php,2c9082132691c166f3f2b14224f39b98476842aa91fd88f4783a19b9d2fda10e,3184
app/Providers/FortifyServiceProvider.php,8a731e40bbf22204755f25fda9c0c78c477cf90d528897010a92f5ca2b23a3f7,2186
app/Providers/JetstreamServiceProvider.php,97757e039ac331ebf2466720b7dba79e99e0419e31d0b06e3bf9b5136f5e852f,869
app/Services/AcademicAccessService.php,e670d6f72d36f79a458aff1e63c93cd7b3a6903b58c8fb8ff514aee39d993abc,5741
app/Services/AcademicGoalService.php,c90aead9a112bc308455d0529c5974791a27f9f593719af133d78598e49550db,4547
app/Services/BitacoraService.php,a9cf1bcb67a6bf38b28485b339fbb02c6f80c99e041f52a562384f585dfc99c9,1485
app/Services/CalendarService.php,18d96550b9471b56e3ca8f1e072783cf229a7c443219d85066a44a3c3a848b3e,3096
app/Services/DomainReadinessService.php,4b3d77948873b379c0c0f708535b6795c5b6f685efa34e3bd76efc323f880e71,2608
app/Services/GradeService.php,a26b2fe6231e7a84326a1644b8c71bd77a585f7e44fb057ecad51225b1c97f40,10979
app/Services/HistoricalReportAccessService.php,ad41cd7a1e7d69f25118f9fa9eaddc517379201a5fad1075497808c5a0da27a3,1974
app/Services/InstitutionalAuthorityService.php,88fb52da0e9b6f5cd01a46d364bd103639dc97d0791d3df9054e391c593dcee3,1550
app/Services/InstitutionalDashboardService.php,0598d9e2ac4470c3d5fb88331a02ed93e5bb578b7d597d465c1d9859160b82ba,2910
app/Services/InstitutionalDocumentAnalyzer.php,3e7b023516eee5ba03f457281f71647dc66ae35549273fb4cba532bd425c9518,758
app/Services/InstitutionalQueryService.php,01d8575033f8dfeb06461a848a6f7fb968d83798bd81118ed5df824ed0c9a6ae,16682
app/Services/NotificationService.php,a2decdcf3173ddccfe280e47c349cc6f44a6202afdd381e72178799e55b2a33c,1875
app/Services/OperationalAccountService.php,ef1742867446c4bbb941f85ce7c928791bbdde483f4334933948a8970e7064a5,4879
app/Services/RegencyAccessService.php,ed9e1bedeb7bc8700b2aa1b9da6e33732f3a79e264b23d5cc18d5a57e7e985f2,4857
app/Services/RegencyReportService.php,5aafd43d9c2f1dfbab4fd3afb3f4b4c9d7f8a9d9449e2610204da321844118c3,1803
app/Services/ReportAccessService.php,d97b6d8a0115d6764e9e4124f9ff01ebbb81aa2b9d6301d43dfdea5ac7a25722,435
app/Services/RoleDashboardResolver.php,e73d4edc77805d6ea7ac6b0b6350f7fe682a73eb32a6797d89bc488a0ada4508,939
app/Services/RolePermissionService.php,e9cc47a1cd5ae20a2b2246d72bcfbb27c5485123fa0afa2b7b35913169fd1a03,8886
app/Services/RoleRequestService.php,e94c9c15eb4b8b87416b5cf3ba27ebab8e0af88ffb5075d5799e0f751011ff97,10904
app/Services/StudentContextService.php,6714c7e4c2aad1e3fb0cd5dd4f04d495ae96abed23b1f8c74ad9a049cae6ab56,3102
app/Support/CatalogoInteligenteBase.php,30493c29751dace5d5962e772003ac8f7b586460b672d93d76194683f83dead9,2281
app/Support/InstitutionalRoleGovernance.php,2ac9cd0e4734500b2a64598587643487c2b6dccde4f825382be1fafc0e899409,8643
app/Support/PermissionLabel.php,be5e5eba3b34711ba76176db8c72f7de662283fe45b9aa3785cd7d2df038165e,1407
app/Support/PrivateFilePath.php,52472f8ea9f729a8934bcf4ada79c68cefa215146945f23ca58b15e22256f26c,411
app/Support/WorkspaceNavigation.php,0145f60f6a2601d191418f706665ae896ce7b21986d7ff2b4723a750b1c56225,7521
app/View/Components/AppLayout.php,c57c4ac36e5603ca09b66674a3a01b427528948ecf1f7a93d06d52818d9319b5,296
app/View/Components/GuestLayout.php,35663740cd39dc5f726b24e402babb41d0af62e09567c0e717235586fa3d9f80,300
app/Support/Academico/AsignaturaInteligente.php,eafeac5b90c8c1f1e40ef7b9d52b91f03befe07f3c3b806186fb39a5025f12a0,81747
app/Support/Academico/CursoInteligente.php,d9593e043e4d404401d305525e84d0282db1111db0df1905db58044a4cd6c906,10453
app/Support/Academico/EspecialidadTecnicaInteligente.php,c0b50f5922fed869f3fcbe138dfceb2110b40f7572d9367f2869796782fd80d5,3536
app/Support/Academico/GestionAcademicaInteligente.php,791d6e0b10b810f8f69926752f3e96eea0c0d99b1bbd44c3a2c54bad4e9018f6,53495
app/Support/Academico/InscripcionAcademica.php,e3d8e8afb893b496a59cbeabece66a3f6aa297d80a652cf6b400e5bf1c061362,115507
app/Support/Academico/KardexInteligente.php,5804adac549e6bd8311b69654bcc1513c379ffca8d8bdba6cba54fddaedbdfc7,2214
app/Support/Academico/ParaleloInteligente.php,a84f05a47017b47bb97eee9fffab7ad4c6ad90f02b255885a76408e8a091a3d2,27615
app/Support/Academico/PeriodoEvaluacionInteligente.php,fda9f0680a9dfe875c530813eedfc62cdb6d5c4b166d8e147d8d4d2afd9c5be9,1861
app/Support/Academico/PlanAsignaturaInteligente.php,9ac0517ec0acf5b842f6d23eadd8a11aaa96025bcbd2a105cf696d27c80f5a52,1750
app/Support/Academico/TurnoInteligente.php,e2ea050cc3a957a306f613fac499b3a8675ee2e87d5b14c5bc51d0aec132341b,107142
app/Support/Comunidad/DocenteInteligente.php,1fb965585c29678bee4593ac6f0cb4361f3ee22048b04ec833f305509941bbc9,691
app/Support/Comunidad/InstitucionProcedenciaInteligente.php,9d4c796f41c37df2820c1ccc4545be4c40140113c11b0b38dbb7e54e6a1942bc,1636
app/Support/Comunidad/TipoVinculacionEstudianteInteligente.php,56517bde070ab75b85e7f31ceff6d6f4ef32c2c5ec09682c9d873bc6775001d0,1613
app/Support/Evaluacion/CalificacionInteligente.php,66aa3dd4207fd3f24cb3cdf370695667e245faff066ec45381e80b4deedb2ebd,2743
app/Support/Personas/PersonaInteligente.php,c4938d773ff51a1ea6a970995947809c450b532bce62a5f5ad4978a725fba3e7,47496
app/Support/Reportes/ReporteAcademicoInteligente.php,ded790a2f98732c956c9c89f8366ccee824f94194ba81a26ea0642f75eee0177,1458
app/Support/Reportes/ReporteAdministrativoInteligente.php,502da42df3e28c8ab9bac0a7d16008695d85dea4396907b23411f525e4a63c4d,544
app/Services/AporteIngenieril/AnalysisService.php,ad55dbcda247e10d35dd2b647a34c177eb7a0d1e5ffe13ac7b10e67f88df804f,467
app/Services/AporteIngenieril/AporteIngenierilClient.php,a0726b2ddb503fe7ce1a974dcc48bc1f41af996053f21471fea0d3f32afe94ae,3253
app/Services/AporteIngenieril/KnowledgeService.php,5af5c072e501d3f6f056b9f8435c7839001112be227977b75d871991e694fad4,497
app/Services/AporteIngenieril/TutorService.php,20adfe4fc7128673152dc205a4feaaeb2d13e12722107d203b01254db48b79ed,510
app/Services/AulaVirtual/AsistenciaService.php,dafb374cc93ce9fa4b27a8e2f1eb588f46d24ba4b6995b8806ec7395af74db0b,6012
app/Services/AulaVirtual/CursoVirtualService.php,0d95d2224838506767f5ef44c3084eb580e50daa0e9d1b90b0a95998b18431ea,14056
app/Services/AulaVirtual/EntregaService.php,46443b1d47414b2277d7d601671efc26954a435a6453ace674948bf090bb8808,7338
app/Services/AulaVirtual/MaterialService.php,14d689baf772a0623d880cbcea57c84e0fdf8dfe6155a1fffac8f80aa2a73131,5791
app/Services/AulaVirtual/OrientacionService.php,2a7db46ff3561acbc824b8b5928c60fa079cf1b9d1fd014cf069a6e5c1b53968,9951
app/Services/AulaVirtual/ProgresoCursoService.php,76f90fba9e2b01fb80e15e591e2a71add47e1e3211960e536a224047628ec560,543
app/Services/AulaVirtual/PublicacionService.php,0e4308c45e0c5e2457e3f64810332d2a4bd9a170b57b2d62823a00932e1192c1,2557
app/Services/AulaVirtual/ReporteAulaVirtualService.php,35b6f867c6527278012e4f872b6072b336b03a74bad7bce7e6dc915898e2d68a,620
app/Services/AulaVirtual/TareaService.php,568b2ae854e39c28e492d0d62b8e6168d7e19bd3eeb5a87df0cb65f889e66c18,6591
app/Services/AulaVirtual/UnitContentService.php,57b851636fd31676ae2d7926b41de612fd2b1f50c9b3906a12182bddc5ed9729,1329
app/Services/Kardex/KardexService.php,c759d44310213ff16c607bf581bd127c17d2110ef03a434a9f1a88cd0651d1d1,2038
app/Services/Kardex/ScopedKardexRepository.php,057c395ba9f0f1bd099ed5059bf5b738f2d5584b5da47f7e0e236b67919b04b1,2857
app/Services/Kardex/UnavailableKardexRepository.php,336f2026d685b1d05873ab536f5dcd74b3924add92b44caa220803a48ba3f5c9,471
app/Services/Reportes/DatosReporteAcademicoService.php,b2290f3fb1a447c026b3a2cd30fd5a904db0fa9df8ec0e28859cbb81063aba92,9380
app/Services/Reportes/DatosReporteAdministrativoService.php,1d13edcf12525de11d230352d1b1795a6e546d757ea2bde33d9cf1ae4fa67feb,6518
app/Services/Reportes/DatosReporteVocacionalService.php,f6e4758f4f25d9f8f8dc24584aadf476736a9d2730d0531072af235c017bdd6e,10269
app/Services/Reportes/GeneradorMpdfService.php,5acd278d068a8ee717203c8406eaf68f3f2795e4497ef12f9f06f247822bb276,20348
app/Services/Reportes/GeneradorSpatiePdfService.php,6a6dee49f39c7c67d9835430d439475000ca5d0b7c39f805c837970f865e6f06,1642
app/Services/Reportes/GeneradorSqlAcademicoService.php,a988c566c3415a3fc3545d1ee2e4f73d444e1a40e9ac935b5415ecb41be1d17b,4771
app/Services/Reportes/GeneradorZipReportesService.php,b6a5bc234ebf839c9dd786a9263574d075921bc09fd333fda7b3c1b115cae25f,7392
app/Services/AporteIngenieril/DTO/AcademicAnalysisData.php,7bd812296e3499eff6c6d5a952f9ffc20de71a9427dbe82bf7b20f546de47734,926
app/Services/AporteIngenieril/DTO/AporteResponse.php,ee900a0fb8f72e0a536191eb1c6d023dbaceefb29fdcb510a15ae98261fdab77,387
app/Services/AporteIngenieril/DTO/Peter3Contract.php,9a7394e0767a13c8707aaa2b4de0de151252e9ff834daebbd1e758304fe5b5fc,5458
app/Models/AulaVirtual/ActividadClase.php,0e49ced16c9e1d4a5738462257f40818dae43281cc11e60d3a39010d53447e67,3352
app/Models/AulaVirtual/AsistenciaClase.php,60c3cbc6ed044467e81739ffb7dd055e594105afc2745414375981b8634c0c61,4525
app/Models/AulaVirtual/AsistenciaEstudiante.php,8e34ad915a9dd688da4e3624a32549d2ba200f11d44934d38b057c9d4761d8ff,4218
app/Models/AulaVirtual/CalificacionTarea.php,3ad0971373dbe4ed79c575999f9c831f49555d4c35a717170ea4fcb1dbab409a,4077
app/Models/AulaVirtual/ClaseEstudiante.php,42292df33e6675a5ce54125bb757c90d07ad96b5ed5eab8f1dc6c36b6664b265,3455
app/Models/AulaVirtual/ClaseVirtual.php,976d8d01e2ecfa3196c5df67b4b8556af32eb68e8b32c80ee389e3e8fb385d2d,3129
app/Models/AulaVirtual/EntregaArchivo.php,d917b613c1e59448d26e5731b5452530f42c9e547a9ffb56dbeedf697af8f6f0,2131
app/Models/AulaVirtual/EntregaTarea.php,dc4280915ece0aadf8bd4474c6bcbf601b08138bfb9c0dc14fb4c74ff0884c9f,4490
app/Models/AulaVirtual/EstadoAsistencia.php,224f837566a0ff668caa1babe1a1401fa23e77362bdb4b6a2020b21862d0af12,3607
app/Models/AulaVirtual/MaterialClase.php,89ae5dc1cfbb2cc9582217b15feb98123791cc58cf7e96ce4e00e109111bc9b7,2938
app/Models/AulaVirtual/OrientacionActividad.php,e3e660b8304924c7096fd0df86291b0044417253fdbb2341973120d3f5afbb22,1422
app/Models/AulaVirtual/OrientacionCarreraSugerida.php,1befe7e01f713b240fa32e0b8e6a44a8dcde41f6c08a6bc6fa85cf28d192d0fb,800
app/Models/AulaVirtual/OrientacionPregunta.php,f78c998094f251dc80ca0d2dae4c36df28d67da7cbb2fd0b1af6f7e4fdfd110a,608
app/Models/AulaVirtual/OrientacionRespuesta.php,02ca85a4afb009054009bd47d0f6f4779af480915d4804d7a0b7b538133d55b1,898
app/Models/AulaVirtual/OrientacionResultado.php,85dd2eed501bdaf48dee00f3378cd1690789c5b22fd698128f4ffa12417dac33,1518
app/Models/AulaVirtual/PublicacionClase.php,3e40ee3ae42f056e6454ea93afdcd0b100eabc06fced72daf5fe59fe3fb27892,3553
app/Models/AulaVirtual/Tarea.php,b80dbca4d346056e4072b419a48be5b125b7d9f44b071e4cfba9e234d3c8fdbd,4857
app/Models/AulaVirtual/TareaMaterial.php,8884809e70cdeacd8d7a7446a8ac5f0385d1652d3829f8259baf86e403d2398a,2721
app/Models/AulaVirtual/UnidadClase.php,1d5ae0186ffd10cf95b4e167ba01df32ad52cb5555f574f332539b016baade94,960
app/Livewire/Admin/AsignacionesRegencia.php,200f4ba7897b4bc39b5cb65b6263c1eb412bef2a7999fcd46530e520ed222ded,2311
app/Livewire/Admin/Bitacora.php,62079cafc4e0587f2deea6a86e166630876ae813f7cb0d7c8f4e8a617cfcbdda,49159
app/Livewire/Admin/Calificaciones.php,3f787b7f2e105e2178afbe0091de516b10fa6b63e64fa076a322096c58f5dc63,8039
app/Livewire/Admin/CatalogoInstitucional.php,236024803f8dc4c039f7ccee09344cddb7a58fe375109c737d34f81a9d9d0c74,8484
app/Livewire/Admin/EspecialidadesTecnicas.php,f1a6425fe115e15c7523132064684a1d6461871b74916d2786f2d1d0073caced,1878
app/Livewire/Admin/GestionAcademica.php,adaeda99fa93d6439de87b47e22a29595e9b4434bd56e71cf77cb398ed33b69b,63300
app/Livewire/Admin/GestionAsignatura.php,dcde4f32909f38e6acab557e7e0aad05a22272848f7923b3407dd30e431ecd69,40898
app/Livewire/Admin/GestionCurso.php,0e5391767027fceadf750c61514278c66c36613e4d93ee4860b03b96ad9f0eae,135769
app/Livewire/Admin/GestionDocente.php,3bf0c2e5a69b123fbdcdd142a0326124428ea03d5b2617b86394262104b213d5,2611
app/Livewire/Admin/GestionEstudiantes.php,8b389758c7774c988662d85b8816bf8bbbe05572d5829fec0dd169f4a00052d1,60736
app/Livewire/Admin/GestionInscripciones.php,cf99c94e5eee1a867c9db556d1dde988b5ebe34c0707334a400ba514c806a6bc,106509
app/Livewire/Admin/GestionParalelo.php,cd5126dc4b7cc7042c3b837c05abb9088de6c26a4ed8f6bb7a58e2a8a024ccf6,55201
app/Livewire/Admin/GestionPersonas.php,1ba3d8e45da9f489756be258843b65049508efbdbc75f603d78bb68c4c90dbfb,64620
app/Livewire/Admin/GestionTurnos.php,ea3dc426d26e826a8d385a9df7d9fd4d0c8be6958b9813ad8f86bae0c5f5fcca,86138
app/Livewire/Admin/GestionUsuarios.php,c5ab85979565a173666a1317f4cc15a4018b39fdcf9732f70e1ff044708ab652,46417
app/Livewire/Admin/InstitucionProcedencia.php,d2d64db5b8990372495bb1845454aff6b2d6fc5b8c98c7d4e564068b619ce6f6,2490
app/Livewire/Admin/PeriodoEvaluacion.php,89b0318f47c9fab5b6998c85fd1952e74e9b49da89a761ee3a8e3c0d94dfc279,1911
app/Livewire/Admin/PersonalInstitucional.php,0d4a6a4d3113f1a32e4cafd05b637c20a08e438e511129acb7e1cc40f2f9a5b6,43428
app/Livewire/Admin/PlanesAsignatura.php,bc3455ac0836ff6d7d887010b01e48e9f15f0eaade4a8513e75c6f375ff16078,6880
app/Livewire/Admin/ReportesAcademicos.php,9dd259d80f9e3bf87e2671119784620d8d1eedf575965efa786d81fbed6312a1,5167
app/Livewire/Admin/ReportesAdministrativos.php,742eb7362494b39590efe15a3ffcf451bb2b725c999f1105c0e9ba3cfa68a1c8,2764
app/Livewire/Admin/RolesPermisos.php,0dca0720cb7f00c5da1d5073527f6c6520a27681f91059445a6852312a39d4b4,10855
app/Livewire/Admin/TipoVinculacionEstudiante.php,3ea162aea4cc7dc87fad1103f9debcccf2ce29a24912900b1eabe8a4c6b42be9,1916
app/Livewire/AulaVirtual/DashboardDocente.php,2188f33dae939578ca8a4d33a6595a28b82b0128516a1223db11407d367553de,339
app/Livewire/AulaVirtual/DashboardEstudiante.php,1da39b108d381be9b03c7ce8a3ca9f98867d7bea38f007360c8855ee09bf7915,348
app/Livewire/Secretaria/Cuentas.php,fefb5af690342469a4484a4bf426a722e703e47efd4be9dc1e7ee94a204fa712,1926
app/Livewire/Shared/AcademicPlan.php,171e8f7b74599df846b2650316e342d0163fe2741c83500ac46505a7eaaf14cf,2639
app/Livewire/Shared/AcademicSources.php,e8060c6cde7ff87410b778d627661cb81a5968d52b447ce6ee8cfa9e87780c31,1520
app/Livewire/Shared/CourseContent.php,8a13fd5b440fdc8387aec8d5e024addb0c768961618ced30e1152009b9c1b441,2080
app/Livewire/Shared/CourseList.php,4c8b9506048465258359e18f86e0467bb7509b02194fe7d5dcb77a11ddd94b07,1074
app/Livewire/Shared/CourseWorkspace.php,04ed1c39675e8626174c98b58a4a31372e7d14f96dc71241d0ef8cbc5e9aaa6c,10203
app/Livewire/Shared/InstitutionalQuery.php,a43043b06ec2f61eb197d28a57d4bff2f487c5a2060a9d12a79fed5eaa50e730,2495
app/Livewire/Shared/InstitutionalRecordDrawer.php,df19a1dfa8db3e916b3f1bd51fa753853aba99adad9092947e2c8593cd16db54,1436
app/Livewire/Shared/KardexDraft.php,3245a594503270183d46fd89ee6cb37241aa5d8ed35a49fd7caae9b05d877c5b,951
app/Livewire/Shared/ModuleSearch.php,ab0d7aa5b12419c1aba4c6dc22d997271268d9f30cb7aa38035dfb5049cecca4,751
app/Livewire/Shared/NotificationCenter.php,8f267c5a12da80ca9b14eefd45aa855ea72d890680d6227493e9d8be3a6660d7,748
app/Livewire/Shared/StudentDrawer.php,c4f6edb7e8c4d3115ba957f6b8a4918ad9d917fe5eee0758e2e3eb58560cf3de,1136
app/Livewire/Shared/StudyAssistant.php,daf4493c84ae6f921512d904512921759126edebcaa8c4494697e5add70d3050,1805
app/Livewire/Shared/TeacherGradeForm.php,b40a456596e505e05d20c9832226c96d53557b1fd58d1558f89279fcea996695,3602
app/Livewire/AulaVirtual/Asistencia/HistorialAsistenciaDocente.php,bf741da2612ce6e7c7ca6bad4f0ab9fde98ace6be1816e644374153cd7ea7dd4,262
app/Livewire/AulaVirtual/Asistencia/MiAsistenciaEstudiante.php,1174e2e391d0dcc74770f63e38ffee55db3e096d1d369e6914eee1b92f48f97a,254
app/Livewire/AulaVirtual/Asistencia/RegistrarAsistencia.php,8301d155f5bfaaef9cd8426c582f868660667e2a40d8bc1916f27e946b44e9b2,247
app/Livewire/AulaVirtual/Cursos/CursoDetalleDocente.php,9fc1d731d34d3a17e539ff0b8c6c67a46acb144a3e0a8c32f05f256f4e5c12f3,186
app/Livewire/AulaVirtual/Cursos/CursoDetalleEstudiante.php,6a32f78a7e3bd5ffcb3c1d73b5d526f7d65e742d12bab3c63f1164f653a734e2,192
app/Livewire/AulaVirtual/Cursos/MisAsignaturasEstudiante.php,58e3bc294405b544a3a4311e3fc3c05617377dc444cc24f7d5c0dfa38b17b29d,184
app/Livewire/AulaVirtual/Cursos/MisCursosDocente.php,e02f89d7c7dcd8a7f56c73b35863a622cbbef77a3d8716ad0ed3f1d157428677,173
app/Livewire/AulaVirtual/Materiales/CrearMaterial.php,425586753702e0f3908da5fde90fb0f8976ea614f8836e7bd33e89d895195378,1295
app/Livewire/AulaVirtual/Materiales/EditarMaterial.php,b1bf0dfb3413b829098a6bc7ead01416b3df05a1491c86d2b4a4962c8ba810ea,1275
app/Livewire/AulaVirtual/Materiales/ListaMateriales.php,4feb1b178b5d7e3cc533fb221034480894d7e31151e40744e8a09ca1d5b6c5fe,239
app/Livewire/AulaVirtual/Orientacion/ExploradorVocacional.php,ad624908c6f734f26e7b5d707bbb5517e1129487fe0c0a441ca2a23365826554,5736
app/Livewire/AulaVirtual/Orientacion/OrientacionEstudiante.php,d91129ceedb83fca4523172b684d8023d519e6df048115f40ccdf769ca42b23f,253
app/Livewire/AulaVirtual/Orientacion/ResultadoOrientacion.php,9096a376494b09df0562010e9d0f97eee7eaff82890ca7c46d3c1dd3cf38dc6a,251
app/Livewire/AulaVirtual/Orientacion/SeguimientoDocente.php,741f70aff2e332d8fb8d03562b0dc0e79385e3aa1919f326b9a78a8fb2553b02,247
app/Livewire/AulaVirtual/Tareas/CalificarEntrega.php,d66f0ad4d7d57c798f67d2a014ec31dfc0434f72d87c9b7ea33618afc5490748,233
app/Livewire/AulaVirtual/Tareas/CrearTarea.php,e07279d36796c05c827b69f270c6b8f7d2ce5d5f37af4b613ae551f74cd3e1da,2086
app/Livewire/AulaVirtual/Tareas/EditarTarea.php,b66f29a091d93d44d0d827491101068a88a4eda8f6692cce767e1c234a27df0d,1652
app/Livewire/AulaVirtual/Tareas/EntregarTarea.php,a91586ce498b2e2d54d811c8c7a8f134e7c179223f31b3ba2913b28656e4b2fa,227
app/Livewire/AulaVirtual/Tareas/RevisarEntregas.php,86ecaa8ad49695854c3ceeb58cb48c4ccad90ef1770e38b8411920356158ebf6,231
app/Http/Controllers/AdminDashboardController.php,d9953133f24e2d604be13ecb1dfb5f002b728c0498d4ba1f8649f8433a7db821,6258
app/Http/Controllers/CalendarController.php,109023f1f85774483e301546f5a1d26d10f3252271d6392ebc740e91ed81ac26,1640
app/Http/Controllers/Controller.php,25d1c1ef8e6cc8a376553faacfba2b07d9dfaee9bdbb84f14f77517580e9deb1,77
app/Http/Controllers/DashboardController.php,1d83841fb3808823939fd04545c628beba243125a6e7b9aaa14376e48a9812e1,538
app/Http/Controllers/DomainBoundaryController.php,37e1db9784fd2bedad374dc9b9ff72493c73f46dfdc727d27d6403c66494b804,1352
app/Http/Controllers/EnrollmentDocumentController.php,4dfd0576d3410fd2d47f1eced4dd8a237548a6dbbdd3ac491a9f4c422c6b66e0,2072
app/Http/Controllers/HistoricalReportController.php,407bb77ec36700cfff7427e2ec6cb239ad8663d441f9ffc911157dcbc3efe287,1578
app/Http/Controllers/InstitutionalQueryController.php,6693200ec2c82907bf8bacf789fed36ff036b83651a110b0a3af3626dc90e286,602
app/Http/Controllers/RegencyAssignmentsController.php,ac2990f357be0b2cea57661c81f4ab9288ef31928c4fc7e73b761865ad0d5493,342
app/Http/Controllers/RegencyReportController.php,933a4f89cfe13ce60987e5cbcd988eb58a77e2c806629e77de893e61c2647322,2102
app/Http/Controllers/WorkspaceController.php,12ad2242a4665318bdefd8799cbfed1d5e12b3f33f00ac3dc9a26f37cdedec11,3414
app/Http/Middleware/EnsureActorRole.php,bbc10850b6040a02a6ec7e3d138d274da25d582d4575eb54afee3407e43c0d1c,582
app/Http/Controllers/Admin/BitacoraController.php,1de489b86a471bf6487488e7c25d7a57b0bc4f241fadf79b6fc32f86baf064b2,211
app/Http/Controllers/Admin/CalificacionController.php,ddf8538dfa8c1dfd1ed12debe88fa8bf8c12e75e9aa7fd6a6db45662497b58c6,253
app/Http/Controllers/Admin/EspecialidadesTecnicasController.php,843b08c1f055ca6823feee437e3fed7157f1544e145785fde3818c0b0cc3f722,272
app/Http/Controllers/Admin/GestionAcademicaController.php,07f81225cfa6b72e40c80f280d8d6855b5ee8303ad364fbca2f663a5ecf706e0,257
app/Http/Controllers/Admin/GestionAsignaturaController.php,e65933b46c8332356357ad28f9a57912bc76dad6b252cb31a96bbc36505eb0be,259
app/Http/Controllers/Admin/GestionCursosController.php,d8833e6bf1d1be26865ee5e999f5e49fb6990ee1fe85e4bb275bc35bbdbfdb0b,254
app/Http/Controllers/Admin/GestionDocenteController.php,7b9f3c1b6503e275adac9f522eee9c561dcd5bb6889fac455cf1357c86caa178,257
app/Http/Controllers/Admin/GestionEstudiantesController.php,066e47b582fa5766301afd2fa76231c79afd4c09da14460a028f8d6ba33ae3cf,264
app/Http/Controllers/Admin/GestionInscripcionController.php,5672f2f80bf468d3fe1a424e6b2e2abc6d29176e1abd45979720d69bdb2d748f,264
app/Http/Controllers/Admin/GestionParaleloController.php,7492b6429b68179dfe4e4d87778d0d1891af1ebbca88b337a77216b2cb469334,258
app/Http/Controllers/Admin/GestionPersonaController.php,7ebe2cd70ba1b1bb4c3816c0d76990628422231cc45b96eda68618f558d27c4d,257
app/Http/Controllers/Admin/GestionPersonalInstitucional.php,a521b5e6f76d70e269ed193aca853747b78c82c304d13d39be4a769d2e25a5ec,272
app/Http/Controllers/Admin/GestionTurnoController.php,aa4b7f7959aef05de8b001b0dcf56d5a0184ceb8eb6f5f985002fc0a695d29af,221
app/Http/Controllers/Admin/GestionUsuarioController.php,b0ef4ad22b44b5869e7b9cdeba52aa07abc1ecaa65ec8d84dfd4a512f15fd72b,256
app/Http/Controllers/Admin/InstitucionProcedenciaController.php,f818c16acd24057a2d6b416ef033a3ec6f8beddb75ad867cc69380939a4b24a1,272
app/Http/Controllers/Admin/PeriodoEvaluacionController.php,5a81c1b3d32e3cd45bdfc6b4e4d4670b9d7767be8c85b677990447d769154d47,262
app/Http/Controllers/Admin/PlanesAsignaturaController.php,18f7e1db43b61a569519648c624b3b2e0f9101a771a06d8d6d5154fe7a0c1b46,260
app/Http/Controllers/Admin/ReporteAcademicoController.php,af7cb33b5233192ccb866a6c559d70685859e71a71776c4e1ce5d7c9bef8c4d4,262
app/Http/Controllers/Admin/ReporteAdministrativoController.php,51fecf69f148c006a75693d6ff50cfe07e5a773a2fe6420073f70c54a52e33a2,272
app/Http/Controllers/Admin/ReportePdfController.php,f0407b7f8f574d8c26c27b4b619180ebe8926287db0ef38262d4dad934e92742,16686
app/Http/Controllers/Admin/RoleRequestDocumentController.php,bbbc08585054aa077d3f4c160691671f3bffc4032ff41c74830f13cd860cf975,1007
app/Http/Controllers/Admin/TipoVinculacionEstudianteController.php,d07ef3dcabfefc94a2ccfcd70f745160d71b5a65c2c1b4041322c4fc2eb14aac,279
app/Http/Controllers/AulaVirtual/AsistenciaController.php,c23d0f7a18238dffa86a6fa2d66b5da2d270521b920aa6e1d11f5c23566cea8e,2589
app/Http/Controllers/AulaVirtual/AulaVirtualController.php,13bbc9aa78bd2b8bac183af7d279bed61468e87cb7e035ee0dea8ced282a387b,923
app/Http/Controllers/AulaVirtual/AuthAulaVirtualController.php,313e9e75326c9dee797deefd924ec1730a095187947a3451608ea8f334349895,400
app/Http/Controllers/AulaVirtual/CursoVirtualController.php,02fd8cc2f2f9ac8e2477429c9eb8fb5553f976d55a1a6220cc973659d1c1881c,1399
app/Http/Controllers/AulaVirtual/EntregaController.php,301ef0d3bba3d53298019b38eb9e6107514b8b2e22e4fa1c4fd1940cf1dd65fc,3481
app/Http/Controllers/AulaVirtual/MaterialController.php,3e877a1191370471db04ceea0407e1cb9fe528f04acd74ddf8a337407e85772f,3050
app/Http/Controllers/AulaVirtual/OrientacionController.php,34f389ea106804796184a3db808038def96a6721fc27fbc32232b11cc2e5b8e5,2508
app/Http/Controllers/AulaVirtual/ReporteAulaVirtualController.php,387fbedf3b46b9fe7994a8ef4307673df3b96e2003d1f2379b27588f4844dd77,2594
app/Http/Controllers/AulaVirtual/TareaController.php,447d23c12c668a675128f81280a4ae62e7fd8ea74421c573b9b500fef2c96c09,4631
app/Http/Controllers/Auth/GoogleAuthController.php,f4ef4990e53168b142842fac610c3bdba0325f8696c86c7d913ac769c7c3622b,6383
app/Http/Controllers/Docente/CalificacionCursoController.php,ff5d734798bdfedd8cf1a65a0759a1739f62e3c9cdfa6da214037688bc9847b3,1874
app/Http/Controllers/Estudiante/ExperienceController.php,15bc46fb4f5e358ee28c4c352d6eb14ef20c5a596a34e193e66b269afb6fefdc,2878
app/Actions/Fortify/CreateNewUser.php,de57e52100d4f356a8d98c9e5c56a7c93bcba0e20f8e9b782a2d5574e7249347,1012
app/Actions/Fortify/PasswordValidationRules.php,cffb686ef5ad2e1b87ac7f79d146ac04d56488afd926ca2a54707c74294637c9,424
app/Actions/Fortify/ResetUserPassword.php,fb4e481c7bcececcf37a645c0f91b3e474774662384b3a08dc74233d7076b781,782
app/Actions/Fortify/UpdateUserPassword.php,6b8322a5736adc00eea0c92a7ddc2317e6538b60b62f80a89c5b8cc2c4e85383,1591
app/Actions/Fortify/UpdateUserProfileInformation.php,5ace83e9ea965378d0c81fe3e3b49cb00d1e51cd2bd263b5ffd4b0bfc7690fe8,2110
app/Actions/Jetstream/DeleteUser.php,68a3f3e3779e483ad4e880eff8ff2b1591e02bbdbdee5fa92ad9343ade11911d,358
database/.gitignore,e758642d95e83e907e010b6e46b07b3f953c7cef11fe5ebefc2a77b9d7b4d5f7,10
database/factories/UserFactory.php,77d001a518d47ed638aa15e1af354789c803fdb0c1f0fac0fd0c66ae5bab5a70,1950
database/migrations/0001_01_01_000000_create_persona_table.php,f3bfd2942bb4d958b48d89a41fc9ffdd1cde8f621ea974cfee930caede8a7815,1613
database/migrations/0001_01_01_000001_create_cache_table.php,fbb4665e5a977e71df4e74ec75b3c06ca4f17ad0de7138fe9786639189978e77,873
database/migrations/0001_01_01_000001_create_users_table.php,33f1495813e788aa196bc24766cb55685e8843cb58f0d15bf2b433954f9e7030,2913
database/migrations/0001_01_01_000002_create_jobs_table.php,7c9c712adf4091c87bf2612f4d0dccdfa1df4501553e4ac068b83d7bd5462fa5,1812
database/migrations/2026_04_09_025251_add_two_factor_columns_to_users_table.php,f599186f5b168d4eafb9cdc19a28a3c0d68f2ddc29c77fc34faf54df52ebb0bc,1057
database/migrations/2026_04_09_025308_create_personal_access_tokens_table.php,c81ecde85ea5072188c468dcaf79776728b6eb8f684d63fc0d88a4908484ca75,863
database/migrations/2026_04_09_025343_create_permission_tables.php,35d9b3d5e131296b30026d1b782c6d3afba29a0674100ad509680cf2abf1af57,6514
database/migrations/2026_04_09_033042_create_personal_institucional_table.php,98f7b664f335c0bfa33467f01e5faa028263af94a2e7678df05b74389771eef3,944
database/migrations/2026_04_09_033043_create_institucion_procedencia_table.php,a6ad0ffb60978a603c80c07e2b9505024f4f577ab47d4396025c57efc04a1eae,886
database/migrations/2026_04_09_033043_create_secretaria_general_table.php,93fe66d31d3d33d70e71394c0a0d04f005ca114dcb658fd177bf23bc437f35ff,900
database/migrations/2026_04_09_033043_create_tipo_vinculacion_estudiante_table.php,89fc6502fd90b914dfb43491af9b2f4db062d397fde05fa978333d3cea9eeb56,844
database/migrations/2026_04_09_033044_create_gestion_academica_table.php,dac52f0f124d6ab0ee512728c65b29806323a34c075609226187bd8a10382ab5,868
database/migrations/2026_04_09_033045_create_curso_table.php,3db63973e973289a3252516f0d7255a90c1ab85d2751e47c1d5fae49a6105840,732
database/migrations/2026_04_09_033045_create_paralelo_table.php,31689d6d9abf31307f7ef0fe4e48a8db474239c6e183fd0db71a7d86f08e5b4e,646
database/migrations/2026_04_09_033045_create_turno_table.php,60213fa8e63c200bb9e1846ff44b2b5404f3c942d99b6ee485a1eaa1a9d76085,819
database/migrations/2026_04_09_033046_create_asignatura_table.php,af45a44c63b8feba8f562c97be878cab30cec7adee99ae62c211e46d4e90ab9a,836
database/migrations/2026_04_09_033046_create_especialidad_tecnica_table.php,64da7b0a2c2d68fc5d033573b6f856950fbaf1d4cb4aa562623e08f8473c58d3,834
database/migrations/2026_04_09_033047_create_periodo_evaluacion_table.php,2a397af9650b207c744b4aae367bd69b6c32386cbe77ddd2545f63f8ef08351d,812
database/migrations/2026_04_09_033048_create_bitacora_table.php,9b3bf78921d55c3fcfb2cab2e2144a757d6ee51337cb0380f4d27d42fc145d2e,6220
database/migrations/2026_04_09_033050_create_docente_table.php,a703fd76caf5d54a04a51728439f8538ef706d8eb224231fa0f77145118fe11e,1000
database/migrations/2026_04_09_033060_create_estudiante_table.php,454e5de862718ad8fe408bb1bf60dcb698bacb6dfe606db8f8951fe7748e8a6f,1616
database/migrations/2026_04_09_033070_create_plan_asignatura_table.php,4c9da1814041b777881095fb1db1ca4052621229db4ab179ab6e69ad9f31a1d4,1809
database/migrations/2026_04_09_033080_create_inscripcion_estudiante_table.php,bf8da77ef5848284beb29475ef23ebc1f749d38482b30949cd47bb9014bb46c0,6016
database/migrations/2026_04_09_033090_create_calificacion_table.php,ec00605e3d0c63576dff3565098a2741d64d0cc6c5f30e94483357b6b8ea5c84,1397
database/migrations/2026_04_26_183020_create_regente_table.php,942d5655dcc6e74fcb23e1c9d29148b48e5e2b4f7ac22a1754fc3ddccf56b766,947
database/migrations/2026_04_26_183034_create_director_table.php,cdfafc33f9c98cd9ad288e7b274ed5afb75c0273205bc5b6324179a9034a6ef6,951
database/migrations/2026_04_26_183048_create_administrador_table.php,9750ef8e46bc8274f2bb2f5362882b89c91049b58214220d86610ce1956fb2f8,970
database/migrations/2026_05_01_233339_create_plan_especialidad_table.php,541e0252ac53abc79d86df0dbdb982daa8aec91313da78de27196d4e15beb7f8,2472
database/migrations/2026_05_04_000000_create_plantilla_horaria_table.php,6a5abd71aefff21df60af63bfce7564b4b2d6069215c64ff3a256172a17fad6f,2394
database/migrations/2026_05_05_201751_create_horarios_tables.php,7633680dc63f8ee4302e3d47dd5fad3f171d22f15779b9327108496453f98fb2,12235
database/migrations/2026_05_19_001028_create_documento_inscripcion_estudiante_table.php,f3317d9e9884164bd4ea3b23d1bca708e5362e65ccea9a1ef2fba7e952c2488b,3453
database/migrations/2026_05_24_051142_create_respaldo_gestion_academicas_table.php,715080b74b8d6aee48105cfc27e5f5602124e7b25d7153f72c71d9bb7aad4390,2276
database/migrations/2026_06_02_022909_add_google_auth_fields_to_users_table.php,43f6c15fbbc704707a62567e4614b5d16bc97eadeb095407b6c015a9eb4f2c48,1639
database/migrations/2026_06_20_101359_create_reportes_generados_table.php,50dedaab7fea70afa4fd3049a6cf7e0c4e553addd7e961f5aea991e355eb0931,1196
database/migrations/2026_06_20_120000_normalize_google_auth_provider_default.php,774038310751061ce4ef43199e85acf4321e12d3d294b6dc8b4027d02231ac98,890
database/migrations/2026_06_20_130000_create_aula_virtual_orientacion_tables.php,eac446abe8d0b916bc16d72ff1c17bc6dd137374bacf409a40b1aa96345d7271,5571
database/migrations/2026_06_20_144115_add_unique_constraint_to_entrega_tarea_table.php,ef1eafb5ab562d71ff0e17b8915f09101b942632f86a4ae39505a25bf223d32d,2698
database/migrations/2026_09_28_000001_add_reestructuracion_academic_context.php,ee19eb23b6719cff13b459e7419074d1289bd1dc195bd63116dc41cd531fc322,1964
database/migrations/2026_09_28_000001_create_role_requests_table.php,26cb047d356052b3a4e3fa9f3dd1c1b3d8c20397420008b8277a22f2bfee9338,1765
database/migrations/2026_09_30_100001_prepare_kardex_seguimiento_structure.php,5d2ad522e3d29390de627bdcbc51a2636ab81b8285271ec10d65b0731eab6e55,6941
database/migrations/2026_09_30_100002_prepare_lms_units_structure.php,059d3f07c05783b4088f395ba275f67de58dc90a99c5788257d8f8ef320fdee7,2721
database/migrations/2026_09_30_100003_prepare_database_notifications.php,68d1556e93a4eedc9421193dae2aa6b809e4c97ea151a6932503cca0caf87567,1584
database/migrations/2026_09_30_100004_prepare_student_academic_goals.php,1e3bda0da6ef584699cf3f6ffe7b28deecb346ce3ef4617b4c150d4326e98929,2966
database/migrations/2026_09_30_100005_prepare_institutional_calendar.php,7c0121e71d2fe7f3a59771e4f2aa44620fe89fad4dd029b8e25ad9d1868d047a,4162
database/migrations/2026_09_30_100006_prepare_academic_integrity_checks.php,590b0cd9571d8d22fb6bd351d1d69d8a7017f37b7cef7fa671e27515a42ebbf3,2219
database/seeders/AsignaturaSeeder.php,39e2591d3ea00b8d3e7396fd0fa496ce25ae915ae4e98dfbd3a4367bd4d7f851,4566
database/seeders/AulaVirtualDatosSeeder.php,edbba6cd44eef661df7269244f28a0a96dd9a6d999730d07049a095669b17105,1724
database/seeders/AulaVirtualPermissionSeeder.php,d58fab19ef377509f0a2eb250ba3a1ed9864f7908082680866389a18f3025ec3,3447
database/seeders/CursoSeeder.php,7b130f038f69725f127ea9ccfbe17857990e4600156053bc7d091cf9835994c1,1952
database/seeders/DatabaseSeeder.php,6e666205d3bb327f92cf80e058b0fb0bcd692a8e133ee3ec06b1fa54718f3d20,768
database/seeders/EspecialidadTecnicaSeeder.php,bf6879a27b5f7a46bd7bf6a487cb58fdbeb5f37b953374ed0984d44723ccb35e,3473
database/seeders/InstitucionProcedenciaSeeder.php,6d85c39d78513104ef8529e74f1363368ed40fce5bfe3914f43433c49aace4e4,1648
database/seeders/ParaleloSeeder.php,0e78295a698c3563bc2bfdbcc746709fabc230e2d4e51a076233b2a35772a842,1348
database/seeders/PeriodoEvaluacionSeeder.php,584715b49c6e3e8581d82f8d94b7e2a3d3738fb0282e2bca30821dff37635996,1110
database/seeders/PersonalInstitucionalSeeder.php,821198d298ef87ede001cfbec26b4fbc6aefafcaaa5be5d9e01a18a9c50132ef,5322
database/seeders/PersonaSeeder.php,ade860b4e0455b7f322ae000393a8c0354ee77c0ec0735b32a9176e94f7c802e,14773
database/seeders/RolSeeder.php,14776f0d4fbac6f3cba8ee1476277c899fa61d70ade3c648cb110d19a7c08ab8,12377
database/seeders/TipoVinculacionSeeder.php,f45b083fe52a4fe9972b094f62fc668ff85e9549a7dee105a5ae03476da39232,1282
database/seeders/TurnoSeeder.php,19878de2f3516de876ef9c40e80c6f922a6150c2e3958b6f34d1a53917907c96,899
database/seeders/UsuarioAdminSeeder.php,3099c22b1faef63eca96c3757c62627ea05b6333ac9631a73796f147b6550c69,6758
database/seeders/AulaVirtual/AulaVirtualFlujoEstudianteSeeder.php,a03de43c56d1f93ef929eb769dfeaca477bda12fb5bfcf9a0e2d8ce23d54cac0,13143
database/seeders/AulaVirtual/AulaVirtualOrientacionPreguntasSeeder.php,f8b87bf1b8cd8e05eef00c468adcb0a76f452e9aeaaefad36bd97fac9618ec54,4966
database/seeders/DATOS/DatosAulaVirtualSeeder.php,125dda7c7333f5c7642cb6fa6d54a6109071cadb5b187fd790be0700b94ee936,224
database/seeders/DATOS/DatosCalificacionesSeeder.php,3a347bd4a853a96f31cbcbc1c6e54c2910d72eb42ddacefc863d49913eefa778,230
database/seeders/DATOS/DatosDocentesSeeder.php,0a2c4dc457413453f55854dc408fe92a15f5a5f552ef044a4f8f64c60fd3792a,218
database/seeders/DATOS/DatosEstudiantesSeeder.php,0171ec7f5992ca7829885c7aa16484d35a3e45ed8133e9d1c4d3509ab282b592,224
database/seeders/DATOS/DatosInscripcionesSeeder.php,c4afd679ae035dd514776046a4b66707f61d8290c7ac94e5887004f700c14bfd,228
database/seeders/DATOS/DatosOrientacionVocacionalSeeder.php,d4773561839e900b3ba53dbbee8f227188cae0aea2b765ea000d9506e1727031,244
database/seeders/DATOS/DatosPersonasSeeder.php,e0432da383caec928abd38c3f536e52fd9beeaeb77ec2a1dd99f43fcb154d5fd,222
database/seeders/DATOS/DatosPlanesAsignaturaSeeder.php,36852ce4dc2918b56c58fc40235bd39ec0fd42acf418e7dcb2ad0b517cb140a8,234
database/seeders/DATOS/DatosSAVPTIS3Seeder.php,fcc5c4d600c98a1c4517f121f4bf3993c7121547008ee877413856be8eb57228,674
database/seeders/DATOS/SoporteDatosBolivia.php,bb6d4224db79a9e99a1b32818fcce24a5e1d7f920eb8afff141b29186b1d399b,42750
database/seeders/Pruebas/CalificacionesInstitucionalesSeeder.php,7d82f3febf9ff81a74cb1a4675754a2bc09a2d54a7091b4935ed3f65503f7f4f,1926
database/seeders/Pruebas/PlanesAsignaturaInstitucionalesSeeder.php,cabcb7efbd3dbfd5bb5dc5a0cd7def6263195bf96a734f68bc30490b4252a3a9,2131
database/migrations/aula_virtual/2026_05_17_083823_create_clase_virtual_table.php,7e64ad043548ee28e49c67908acdaf36bf64d30050b004fc5112105a1114d497,1288
database/migrations/aula_virtual/2026_05_17_083824_create_clase_estudiante_table.php,b10d29aa2b66bff3fea62f55286b898703654b649ef8c787669ad9cea5761754,1843
database/migrations/aula_virtual/2026_05_17_083825_create_publicacion_clase_table.php,18e368153796e2ab9f022f41d0bdbb166d471dc863d387a475ba54f309d09850,1793
database/migrations/aula_virtual/2026_05_17_083826_create_material_clase_table.php,bbde5d2f63bc52622fde08bf5081056f8716a5bf7a1ba9a67eaf8c6958921867,2172
database/migrations/aula_virtual/2026_05_17_083827_create_tarea_table.php,6d98cbe6a120a12cc467c288bbf38211544cc2011a8cbf926d151e41be513298,2094
database/migrations/aula_virtual/2026_05_17_083828_create_tarea_material_table.php,7c278476dec0c127ed0cd345509306442ca27dea82a36c8f373c6248684a1ec9,1662
database/migrations/aula_virtual/2026_05_17_083829_create_entrega_tarea_table.php,f3a8bbb288d1975c955eee762986ff90afc4c91900e9755738f71820e547cc29,1655
database/migrations/aula_virtual/2026_05_17_083830_create_entrega_archivo_table.php,5a304c835f71356bd70f63dc7bb8ab9294261881f370bd8874cef1ad12d63aab,1229
database/migrations/aula_virtual/2026_05_17_083831_create_calificacion_tarea_table.php,e916e796f6020e31a3d83e5fc3a0ac9a7268e5a48d27ebfc2e722b1bf1e74fbe,2199
database/migrations/aula_virtual/2026_05_17_083832_create_estado_asistencia_table.php,a25405525ed5776ee2f402e90189243304e6bb057e0477c416171c6f4d742261,1360
database/migrations/aula_virtual/2026_05_17_083833_create_asistencia_clase_table.php,a4d712c802015ec79cdaf454f264cd96e9f4fca825560546c2d6065ecc025b3d,2932
database/migrations/aula_virtual/2026_05_17_083834_create_asistencia_estudiante_table.php,29d4ad1648792cccd22ee25eec70bf5ae29e273c197b3410f781e457229afc0b,2342
database/migrations/aula_virtual/2026_05_17_083835_create_actividad_clase_table.php,ed0320a2849609a52c120add82579bb6dd755a888f4bc166091e8b9cd9bbdef8,2278
routes/actors.php,31ce8efd5104b1959ef6e95f54d27912533d8406a7cd5cfc579c1dbd32cf46b8,268
routes/admin.php,d1e9f1309dbec6dc09f4a03d070d24198b8314c2f9b53a65fcad88db5d40dcd6,6064
routes/api.php,87adb4d7a0e26413e9909a34a0e6469d00f60c4477e1bc0fb48984d13e29f70c,186
routes/aula_virtual.php,8a73e19a2ed725f828c60d35d281ef7e3302e780ccf75193549baa0cc0f229af,6375
routes/console.php,9adccc33e7dd400683e434774077c7fdb2f299c5712cedf16a43fdf56f2850fa,210
routes/direccion.php,cca773f6992f40cf58b727c492f36ec97ad865495dbf34d1c250144f289bcd43,509
routes/docente.php,47f424745489ea2a8ac4dfd8e3912078ae7dae2576ae6e6d16a272b39c68bc29,1099
routes/estudiante.php,d420bf640fdbb84dd9df474fa8dcf38a912dbddcdaa543b6958350f50f8eb932,1062
routes/regencia.php,23aef9d7009effd87564e2f06eb7a7a3d9bfedd24d5aa999a1d129d886e59680,780
routes/secretaria.php,a789f0be08a5a6e23a0019da21814a5281acf5ec1ce06657ef180338be9be864,1706
routes/web.php,9234ce863b87854d27845fcac3d400393d7c6e0a420fd23afde387c15eae7173,1023
routes/workspace_domains.php,840089d4486eb2c6054f09b4cc7a5eb7639cb09ce592ac624fa8843938c82ccd,2247
config/app.php,7d97cf97804d6750c10af247bbc48dad3e9c222231e305eccf95da036939e29f,4272
config/auth.php,c7e204e9785c9f596d66fb884b493f658f2327f157646bdb4088efd6b3a7773f,4040
config/cache.php,aff5a15068835cdbbfb4ce876d34202a221933b086bf7f3f7f309d4a312a20ae,4155
config/database.php,06759b7b36b8641e9025fe03dd728970c4cb02d5b58ff709cbb0649987b4bfc2,6982
config/features.php,a08ec8a0e4c044a3e222fc02b9b1573dfac0f98369b7293a76813da021d5f85a,452
config/filesystems.php,ba7060d7a23e490c3ce830656f6d24ad3ccf5b868e3293f2a12e411959dc5635,2532
config/fortify.php,f0835b890b370594272959af87868cbb279758d6613fe3e409b676e379ff4928,5377
config/jetstream.php,6b97196f28aef7adcf57f95ec693c3a773edcdb4ac80cdca4d27c645fde6fed6,2687
config/logging.php,299ec1ba5b5a803c8e20f666ae7628e442e856cc2ff7ac9e2adb17b97e8ad63b,4340
config/mail.php,c43ff49a31c5f32ce21eb7159f2a4b3cd2f4074eaed5838d265646dbfedd3474,3631
config/permission.php,e06eb4c174027e99c1c73bc4f1f9004ed66ccf93ccfb6827eb72b04178c44e07,7106
config/queue.php,6101774da7c8b79af46d0028f2b8b31a484c3f7eda10b76e5b27b6093ad364a4,4199
config/sanctum.php,797bd69c696b20299d61b0a4b373b4ebf6c23403346e270d5a03e0005e410fe1,3037
config/services.php,a8bb31f99281bedac48f60226a22da6f2a89c0f7d24af19e0327bcea36f7c724,1891
config/session.php,64272cfbef6f47c65bf857f1c5b1e853700c0d0278de46b86663fd83ef4aeed8,8423
tests/TestCase.php,33c3742f3beb2d18f5ad6cf132c552c6d241e3b71e2c593723b776d2677d5dbf,1382
tests/Feature/AcademicGoalDraftTest.php,91388ee2e24690900f438043335aae8d8ff01b77ad6dbbd653679107f0ca45b6,1858
tests/Feature/ApiTokenPermissionsTest.php,301d81e22a14419b7dce865ed954d7ddc037cafa502c797bff4de2682f52bcb3,1369
tests/Feature/AuthenticationPersistenceTest.php,bf5425da8aea62b956219b12b8321b8327907ff7d42ca0ca3ac0d8f8195d753d,905
tests/Feature/AuthenticationTest.php,86968a45cac5af399c859859d8eea2b863f451d5622881fa5839a8e4387b406b,255
tests/Feature/BrowserSessionsTest.php,0918404aca2ddc9f6d47fea1b1c86765bddae2063355be1d805629c52e917af9,616
tests/Feature/CreateApiTokenTest.php,8054c5d865807512914fc23a6d3dfba8def03ea7ff50a60f5908f37c46d09207,1165
tests/Feature/DeleteAccountTest.php,7eb56d9020a88fec9806a6f077d4b1d5dabb55f2eb3ce79db5c243667c0aba75,1286
tests/Feature/DeleteApiTokenTest.php,2e444d6e8f49fcfef068dad86fc8159d1bbc048fa878c8644cb9c9544416bf92,988
tests/Feature/EmailVerificationTest.php,f0eb50e37d4fd12969d5800757b0623bfa70b182dc5e261012ae17f93adba982,2136
tests/Feature/ExampleTest.php,aaa4a192fb4aa96d4e81eda06a29968da3d9a73b71026b87a67297e66dd985b8,359
tests/Feature/FortifyScreenTest.php,f7a4800f06a4284030b13335a0b2d3b130674bfd70ef0feafb813825239a6ce7,1358
tests/Feature/InstitutionalQueryInteractionTest.php,2fb8eb493f95fce152bae199e3299a2313bd831ab8f82818d853c19e90910cca,5900
tests/Feature/KardexPreventiveDraftTest.php,828ddef59ee142fc9382c6beb8baeeaaa046fdf68b0fb29bf207adf87122ba62,2500
tests/Feature/PasswordConfirmationTest.php,b959ac647428240fcc707b10712c71b4466119901f827e3a6c918e0eb338ad2d,848
tests/Feature/PasswordResetTest.php,dd06973f7afe96dba0a5378fe0c86e88a56a27d0c84e991ac069c105b24ca62f,1641
tests/Feature/ProfileInformationTest.php,b8c3eb7f1a0476c6cebe581bc3efe9da9bd65c17501aa94ea13c4117f679f1f7,1123
tests/Feature/RegistrationPersistenceTest.php,cb171f8507a47f68feb259725fdfdfa7171829881a93ddf28b1bb3ba9df8453e,847
tests/Feature/RegistrationTest.php,c2a0863d26d4d48a9e37a6950c1861101f899caeb761de81a8632b36b405c97e,775
tests/Feature/SecretaryCatalogDetailTest.php,dc64c990d3c62937da1652fc9f3b17d4934d6b1d5b9353d34108748bc9e761d8,3508
tests/Feature/SpecializedSupportBoundaryTest.php,1f7e8cfe4b7a8f354847475df7496cd462bc940ee5a83546dbd1b4ecfb84fe72,2463
tests/Feature/SupportLivewireIntegrationTest.php,37e62d77127f1753bd307612b72c73e2c3777e9e83e536f7af5905d26171e0a4,5585
tests/Feature/TeacherGradeSupportTest.php,9341d41976ff28a0973853f8282f62e116d44e3d14a747dbaaa91d925b200f94,9261
tests/Feature/TeacherReportPdfTest.php,bc61f6330b7da6151ed60514944157dcd5cd4d58d0acfd768b752b5d28f0764f,2933
tests/Feature/TwoFactorAuthenticationSettingsTest.php,f814ca00f49a4d80affbf72d9037cec1ebe43402efc7571b7ca32ac7c689af70,2431
tests/Feature/UpdatePasswordTest.php,4b8ab35ea322963c0ba65802145fbd3f2a77c41ad5b6541dcbdeafc65d4cb06e,1922
tests/Feature/WorkspaceHttpBoundaryTest.php,7d192f196613e1bf4c2aa5b70e4a8bd441d014e2506d9592020909d53bb87ca4,2944
tests/Unit/AcademicPeriodPresentationTest.php,d512472f976941199a64eb5d2c8678b413b25de8ebe3b8df19b9e5981f2a61c4,1538
tests/Unit/AcademicSecurityTest.php,396f25b0cb8a2cc5fe6d745c1e68602c4da2b2b9825c783fb40f67cb382c1eab,8127
tests/Unit/AporteIngenierilClientTest.php,fd9fd5939ec486fa8dda672d8a7d2cd8f4e7149516d8b29a2b1ad4fb2351a85c,8222
tests/Unit/AuthorizationBoundariesTest.php,a620172e652269333ec1b8fb19b970df5785ce8b36d316a436cf7b35342fa7fe,4330
tests/Unit/ExampleTest.php,ffacae5c1a2a44c809420af5b3b404910da1b12167d58764dac6d10b8ba8cfaf,243
tests/Unit/HistoricalReportAuthorizationTest.php,c391bc916eaa389bad0c18de51faf048f002907a3c19c2e421762830b83c8afe,2663
tests/Unit/InstitutionalAuthorityServiceTest.php,851b70f7a31ba625bef63e52022868bcb3d21578ca1547ac9dd579196853ba5b,1759
tests/Unit/InstitutionalCatalogFilterTest.php,34f31ec77f76baf5cc8ac06ca4da43353eaf337b4fc8b90971dd1ed176caadb9,1579
tests/Unit/InstitutionalDocumentAnalyzerTest.php,67701ec4694fbd2de884e48d28feab0fea01618190157189d848f0b35f383274,663
tests/Unit/InstitutionalRoleGovernanceTest.php,4c5b3033afff5a647a01af10738ae7d51e81520a0d018a370c78ff522f63f6cc,4500
tests/Unit/InstitutionalScopeContractTest.php,df7dba2250638ebc431ca914f8ddd11af1d24df22437df89d02ee542b715719e,3744
tests/Unit/KardexBoundaryTest.php,0c99b25c0ded93e7404cf03962f8b5f9f8fab6a43acc8627f5103cb3d39b63c3,2785
tests/Unit/NotificationBoundaryTest.php,07ec3ce0c75185bbd93076976311caff4f9e6016edc015c0eedcefa9a8220cf0,1518
tests/Unit/PreparedPersistenceBoundaryTest.php,0ce09633d70ee3eccad8211c59923c89d8ae5eb3a25d3885fa205ba12ae056e7,2719
tests/Unit/PrivateFilePathTest.php,c4ff97253e974cbc4027092bedd5e3f5809f01596b045e753c701022e556a62b,979
tests/Unit/RegencyReportScopeTest.php,617c96d28d66fc07c268a115a5746d64f1daa386d06a84e2a468c9f18e6afdb2,2832
tests/Unit/RoleDashboardResolverTest.php,9635f6a43c5a0e4852869fb57175d9f808ed3435b7f821e3a310230ccd3fbef9,2740
tests/Unit/RoleRequestAuthorizationTest.php,3820cea32ac0b86969d9e5d11afd5c26182c34cdf81cc3da320a23d1fd4760ab,2159
tests/Unit/SubmissionAuthorizationTest.php,9337562409777e5855e592457f525779776a897c1bc33c5def1b7e7515e0d983,3315
tests/Unit/SupportPreventiveTest.php,e17a84250163752e9441400a234cd58df2f4aa4b3fa4f2df6c2e55765ae68f08,14315
tests/Unit/WorkspaceIntegrityTest.php,5170e1a4940294a28a2234843ff5a341f6ec2e44e1438721497cda604c9dfecc,3885
tests/Unit/WorkspaceRoutesTest.php,8167c6e7c1181b979fbd7a8c8ea64de899e3ee41861ffe35e97c8939c5ddc4fc,1153
tests/Fixtures/views/persona-form.blade.php,5078389077f6aa2f8a1f7285408ab6b9561f5268e5d6195cc5141cd42a03730f,223
tests/Feature/Authorization/AcademicContextTest.php,58aecc4b5982368a189ef89a0f294c8d585a94fbcf591449227f61ac7fc7a326,6553
tests/Feature/Authorization/WorkspaceAuthorizationTest.php,bb2012a18fed6419a4245a25d1e69ccc809166405faefac7e76d79991a7f343f,1989
resources/css/app.css,6d12fe13d31fa4138ce4f89367054c471ae6f9254d006aaccf89b5f56b8597ac,19137
resources/image/LOGO FT3 A.jpg,f1787d9ecfdd146a0464f57ff583767c28ec8ecec6590e9cb75118f1aef430ad,18142
resources/INFORMES/1 Primer Informe.txt,1fa7ab25906676637c786855be926ff3e1c87175fdd7b2416e7a93102f4e5f57,6628
resources/INFORMES/2 Creacion de Tablas.txt,e74a1abeb3d1dbb4e6eb4e0c5bc631af046752624e7c925835bdf1d630ef403d,5880
resources/INFORMES/3 Abrir con docker y levantar el servidor.txt,6e0241d4a45ade59377f341ff0fdef4702d88cdc51cb97796e622219bc66f7e7,716
resources/INFORMES/4 Creacion de los modulos.txt,912f2e7b4ba89afcf009b6ac283cea1c876f36a17a5553c5f436ab85a0f049db,31757
resources/js/app.js,fcde0dd414ff1c0dcd5df84c889bcd5dd2fe6dc0f4f000fab19fca8340678cd8,10880
resources/js/bootstrap.js,6fd9fc82e68fa915a882f4e227b9faacbe7bfd66cb953c628840e83bda6b72f4,127
resources/markdown/policy.md,c6b01d17a747ad97fd7b395244280a36b622766338ffb62027d46b98ce6300db,84
resources/markdown/terms.md,81211de3b5f420e46e9cfb1b3dc120c68a712543c4559b7f890fdae3c88abf53,88
resources/views/navigation-menu.blade.php,50a3580ced4863abfb2b6c5bcbb63d122b75965ced411c4acf7a1799ceade3c6,11752
resources/views/policy.blade.php,607fa623c5ac9eb62a68ab7b562243d297af74ae191bdbd4e86296a3e5f1b97f,417
resources/views/terms.blade.php,4d884ee91a5c500072392458ef6d1b3849daf84b82d76446b1286bed2ebabd0e,416
resources/views/welcome.blade.php,3f03f5af7c8eca8504e07ce2cc3ca75dbf23508cef7a015b30f8556f8d1586ab,80864
resources/views/admin/asignaciones-regencia.blade.php,7d8d747435b852519874e803d79cec80e21fc8fee7f517aeb3f3e4ee3a3d9380,141
resources/views/admin/bitacora.blade.php,2ff4937345ee123463c6ade355c472b6af93795b2cd2a413348ba489a4799c38,1215
resources/views/admin/calificaciones.blade.php,cb95d98379e8c577f1085f9abf032f1f553e43f60c645fe76d0270ae4525a878,130
resources/views/admin/dashboard-administrador.blade.php,83b53e866059e03fec5abe8d3bfa4e06fef104554ff222b1c3eacc35008c7db1,30535
resources/views/admin/especialidades-tecnicas.blade.php,eeee777ebc8113edc790426edc6079c1c27c0d6323be6de3ee4ea6bd1dbb5a0d,149
resources/views/admin/gestion-academica.blade.php,1a4388a149731964675c891a0eb5d1b090b99826a9c9b856f2a460d95ed0867f,1693
resources/views/admin/gestion-asignatura.blade.php,b4be0dc156c62b57c837f99a0cfa0bc5437223961a0f5e851dd41e4ff0c78044,293
resources/views/admin/gestion-cursos.blade.php,d433f13df26df84839d008e9b3ac0ba538a4d82ae2040198f234a2a05882632d,284
resources/views/admin/gestion-docentes.blade.php,dab38f3c801539d38ac5194d32a3609c510c6feeb045ac339fe7499b722a7269,137
resources/views/admin/gestion-estudiantes.blade.php,380746c48aafe70a6955ca4ae96745969fd743b1c1c3d4a2bf34e5b9b3f47c34,1303
resources/views/admin/gestion-inscripcion.blade.php,38257fcca6f04d2132b1fc72cd9f00a0e72be082b10a3ddeef6555d2911155b1,267
resources/views/admin/gestion-paralelo.blade.php,7fc0438c3be1237177413486458c50c1423bfa4f3486a409e3e4d12c4139ccc7,251
resources/views/admin/gestion-personal-institucional.blade.php,253c9ba8b7cf4991240d131530efa8a601a5039027a30d99ae195263dd225df9,1768
resources/views/admin/gestion-personas.blade.php,e22bd2d2d74b804e357ffb162993c281f39a4463a2698788d6cc116e7ee549a1,2990
resources/views/admin/gestion-turnos.blade.php,def2c96f19c41e85da1659cebc9d18c97570c152384d8595a67a95500672550d,246
resources/views/admin/gestion-usuarios.blade.php,20d8d96ccb1a6d9530a6e6b2c5b4df4c6a07d557321ace3a377f82201e463c21,1660
resources/views/admin/institucion-procedencia.blade.php,993c16be605a2a9cb8c218335a9f15688f851c86ac87c9ba4a9b20020b766880,152
resources/views/admin/periodo-evaluacion.blade.php,204596d83e21780a80d65e3b6650a0afc2c01e22261694d1527e0baf466f86df,142
resources/views/admin/planes-asignatura.blade.php,f7bea2456c358841e1b9b0b15604e2e6ccfaaba36ebb0aa688b0559a34eff2c2,139
resources/views/admin/reportes-academicos.blade.php,5ec1ea820578f2944548695702e729dbca2b5753eaf212d994e7b3c9b92ce6ed,141
resources/views/admin/reportes-administrativos.blade.php,a71adb0a91661036ce07cd2e0d4428bd63d0f8514edb4cb1ac2508c4d48d32da,150
resources/views/admin/roles-permisos.blade.php,6fca935f06fdca67ebaee2e19f37754b70f4ede8eac9927b0a2dfc70165014af,134
resources/views/admin/tipo-vinculacion-estudiante.blade.php,d93e61486555b84da7303815e631ff8ed8aff776bd3fa57fc3c303427d137807,149
resources/views/api/api-token-manager.blade.php,684cc36813847b5d0734d6fc0173ec47b348ee9336558027287dd380dabb7834,6964
resources/views/api/index.blade.php,01601eb4d035a6fe73e1e145610c9fb0f23be1d94ff9361f2489b1c80f0e3e57,338
resources/views/auth/confirm-password.blade.php,26a5d678826110ab0255958ef916ffadfd73be6e8038953a5ed1599499cf59a8,13812
resources/views/auth/forgot-password.blade.php,1bd49682eddc8b0e405edcc73601c226a20b278bbfb33a91d2a99245e6fb5486,24122
resources/views/auth/login.blade.php,42b87271ca2f47b7155bfe7a5925ba5d6bd9752a3118aa63f1ca5557ab080387,28106
resources/views/auth/register.blade.php,b15a81668c421b4c757da9784c52f140c6f83b096e9e1867b45bbd82e1c5650f,3055
resources/views/auth/reset-password.blade.php,23fac402ef7cac0db53622c8989ef15d982d904a7ac7ebd1a8c1755c53af44b2,37455
resources/views/auth/two-factor-challenge.blade.php,92c0eda5d69ee6944797f5afcd3f7e5e9c29329df5fad1e03929167047b76465,33405
resources/views/auth/verify-email.blade.php,9c0d888ba2ac33be7ff66e4135bdcc675dfcec6a454c7445e611252e4e57fc50,1853
resources/views/components/action-message.blade.php,ee2ef6d5183285b12b113186c77cbd26db42478b0d335140682ef1a538e56a3b,451
resources/views/components/action-section.blade.php,d812097443f1fe5dbdddd0c2bccac7860c8a7bd0171a7da70f8dc45508ccc1d4,413
resources/views/components/actor-menu.blade.php,457d109e9553745e5996402dd7e0cd87c52ad33859046d2a69803bfdcbe9d4bb,4599
resources/views/components/application-logo.blade.php,24261c6c68b9d5daa444ae9f9ad75339264697a442b13754aff1d03c1066b27a,3382
resources/views/components/application-mark.blade.php,bce785db5cecfb84b1ed5cc7305239c882480142abd85745547ee617f53d98ee,428
resources/views/components/asistencia-inteligente.blade.php,8146701e8fc3a924feb8f01c61b84020033eb32481ec1606ba61820b59f0ce0a,1944
resources/views/components/authentication-card-logo.blade.php,89419a0d7f736983d7e830fedd39804085a97e2859410baa5433d31108e75609,464
resources/views/components/authentication-card.blade.php,db9f4488a4a928e0a02704ff4048837e875209c637ddaf76e931921819cba9eb,156
resources/views/components/banner.blade.php,10764bd163e2cf4c9f616502f2a486810c1e3361c66b831e3db902c30a85b9b3,3662
resources/views/components/button.blade.php,4a4f4f7f065f43053b8bb5a6197bd51b1d939f34dc047fe697c17d6231390af0,424
resources/views/components/checkbox.blade.php,5d048298b839f56c19503cea59688c6d31576874a3f799d66450811af1d90f4a,139
resources/views/components/confirmation-modal.blade.php,537d6a9b4063bfbbbc2a4a2f99db3a0f880a1890080d90dfe1a1b84f0d135395,1263
resources/views/components/confirms-password.blade.php,be7bf2781933e740e345448419e9f3b2cc91b08f8974bfb799d6e004008d3c8f,6083
resources/views/components/danger-button.blade.php,fcb2b0397b6f229ca6f40688f65759f80cadbbb60eca66b103280dd72f322f1e,395
resources/views/components/dialog-modal.blade.php,bdc5e7beea4633ebace1e454abea9d280b18a7d2e4db5fe09799a7d3e9c4d700,451
resources/views/components/dropdown-link.blade.php,f9efed8927f37b4b1afca34af9924296ba4a85350e77cdbfc26c340c06cd955d,217
resources/views/components/dropdown.blade.php,e89778464c4142eb14529e4ea1cd87caf516148abfbbaf9194dec18df51f2e5e,1376
resources/views/components/form-section.blade.php,ee4a23a098a29877a4161189022e0706e198952a0befa7ad21d26f3a4e30d26f,896
resources/views/components/input-error.blade.php,eb1bb45f96e0893cde9d8a60bc247340cf85ff1670d721529115b3f63c346661,128
resources/views/components/input.blade.php,c78a9bd64dabfe0df5a1d6c336e23be7f8a102a6330e0a53939ad2f9dbdf9388,199
resources/views/components/label.blade.php,ae90330137ff955f0717de778bd134622926f67807339dda043d27ed2c42da69,143
resources/views/components/menu.blade.php,9e4a338743b9e2dcab60edc11e816fd7c522616e6e93a54b9582c499d0e3aed2,49379
resources/views/components/modal.blade.php,f6dbf84ac644cf0cec0861f65b828afb23512aab321f0b89309443f391cd1089,1792
resources/views/components/nav-link.blade.php,68dd26a311758ea91cd58c4eb5b495929b0b64788b486429d92e34922bfd700a,605
resources/views/components/responsive-nav-link.blade.php,0ad49bc6202148f9a914d5379154c25f27b43149a0ed2774f38e3047a57e907b,688
resources/views/components/secondary-button.blade.php,52266b595818c878ca31ac1c3a3c1ada0977a0e0fb71a9db7da9fb215e5a8932,393
resources/views/components/section-border.blade.php,cd8ac794e539a9b725ae530f81b4ae3de35e4d0a3b67c0a72b4d61ffaae82ddf,124
resources/views/components/section-title.blade.php,3654089ec9ebe2aff8daf8c72ef275d77d7261589a2428af8d2ab56642524896,332
resources/views/components/switchable-team.blade.php,11708b472edaa13d6639123582fcc1d2935f2d77981fa0b1137eacfff94c3993,891
resources/views/components/validation-errors.blade.php,952929f28e7eabf7a43c1ace14273c8bf342537fd6ee6f98904057e9e7d84b01,355
resources/views/components/welcome.blade.php,24345375745fe492fb60d43e1e3bb3fcd3d332773d51e05392ca21d8de92cc29,22298
resources/views/custom/dashboard-director.blade.php,e3b0c44298fc1c149afbf4c8996fb92427ae41e4649b934ca495991b7852b855,0
resources/views/docente/calificaciones.blade.php,b5160d31674fce176683db89c70d6465ed9a4376c2ca26cc581cbe4c0c398f8b,3168
resources/views/docente/dashboard-docente.blade.php,e3b0c44298fc1c149afbf4c8996fb92427ae41e4649b934ca495991b7852b855,0
resources/views/emails/team-invitation.blade.php,b480f3de7a5788e6909c0d331e24e94aac1f9627dd821e2110f77dacbcd1d638,921
resources/views/estudiante/area.blade.php,b6e3854f43995cec6611652d41609fe49ba8d2ce3cfd78b531414ea493b50ee1,5070
resources/views/estudiante/dashboard-estudiante.blade.php,e3b0c44298fc1c149afbf4c8996fb92427ae41e4649b934ca495991b7852b855,0
resources/views/layouts/app.blade.php,9147344d90a4a720cef369e40f6a665730f0210ebccdc6b1bff9037c8a0a16a4,18151
resources/views/layouts/guest.blade.php,c3bc904746ac32d628812872916f9ed29aa923ce3ad836bb3ec900d9ba11cf9d,7590
resources/views/layouts/sidebar.blade.php,ce9202cf4e744503da0eb4a06e4df3a9b97f656b281cd0703eeb0282519ce0d4,34
resources/views/layouts/topbar.blade.php,659f9ba000d9ced8722bb0bbfa54ee8e074baedbc621401173049004bd4b98bf,5776
resources/views/profile/delete-user-form.blade.php,52ece2a2ceea6dd8c1fcece80bcd89658141d3920d6c75af2d8cd6a854297a0e,16541
resources/views/profile/logout-other-browser-sessions-form.blade.php,9f65b61bbffe703c0c9de903dd062371c5bf5017439fb2ed8cd02c89102467b2,19320
resources/views/profile/show.blade.php,f1c8d48f7cae5f98b69ecd456539561a61db757c6cc9a76d86adbecbed1ace40,34754
resources/views/profile/two-factor-authentication-form.blade.php,89674d533d5bdc8a1fa9b8ded9cc95c4548b5d65fac13dad252223f837e56224,20026
resources/views/profile/update-password-form.blade.php,5f6e8c4ea95e9d942f7d57293746b3ff2053845e92fb825724813d37a8072458,27048
resources/views/profile/update-profile-information-form.blade.php,e803a7e0d8e0a29e8687e7927b5f0e626172fbf3f36084a2385659817edfce84,34632
resources/views/regente/dashboard-regente.blade.php,e3b0c44298fc1c149afbf4c8996fb92427ae41e4649b934ca495991b7852b855,0
resources/views/secretaria/cuentas.blade.php,de4cd4473bd0c9fd016d31e8a82a1260545f906b6f622c3ea98a42e49c8ec89a,132
resources/views/workspaces/calendario.blade.php,e3df199c89b734223cda92cad9e53844df40b9214653c74c158de3fcf1c438d2,2914
resources/views/workspaces/consulta.blade.php,47d15b57ffe9635804a13ab154b6aa310f785bad0ad788d9180635458f4fa40c,170
resources/views/workspaces/documentacion.blade.php,6bb5a2417d71a4fd2ec61423d2f10d2329f825aa66df0fba91322919ec7cb194,2695
resources/views/workspaces/domain-boundary.blade.php,353d2e1642baa44da3ed39dabd5030b43115140d72af6a9187feeae56d5e8066,1341
resources/views/workspaces/institucional.blade.php,1c231939603f898f9390437e1e6e299df599857706b6c06915759df24d9e61f0,2859
resources/views/workspaces/mis-grados.blade.php,42862f91a55c8f098ac0ee5a36413fb22fdbca574dcf51879b163eac3c145596,1132
resources/views/workspaces/reportes-regencia.blade.php,4af0b512614ad0e208c896752137fdf718b526d3e4eff6e784e1715d82a81aff,2007
resources/views/workspaces/reportes.blade.php,5213f80815c9c4d2409d03f5adde46630219454e36521c7b035ff4cf5377b223,1586
resources/views/vendor/pagination/bootstrap-3.blade.php,2205f52d941e60016202d99ef30b14a2a9a7035ed07540101b95edf912b0161f,1864
resources/views/vendor/pagination/bootstrap-4.blade.php,1d23c366f66dc8550df37a12fcdd289fe70d515ea342823c6384dc1c560ef576,2084
resources/views/vendor/pagination/bootstrap-5.blade.php,2244fd7e496ee95bc1f77de488aa2175cf41421bfe1b98325cd1104e6fb55463,4219
resources/views/vendor/pagination/semantic-ui.blade.php,65c3c25864a35c7cca8db328a26cd63be69d1313e455c2021bbea5dfcc940ce6,1682
resources/views/vendor/pagination/simple-bootstrap-3.blade.php,292420c1e358e01e13ec8ac540b2d17f7812d058d46da1f720c5463c7aa55aee,773
resources/views/vendor/pagination/simple-bootstrap-4.blade.php,d3d6c6816c024f603d5273987c22bdccc84dc77e3bb2a3c8b8dc4fa20adc72c0,1053
resources/views/vendor/pagination/simple-bootstrap-5.blade.php,d528ba0779bfb7f1b0a89d09c1ca39d733a20ebf0fc421b226f41dfe11c2c8a6,1186
resources/views/vendor/pagination/simple-tailwind.blade.php,b3980b073195d6231bb36b51349e17baf1c9d2380e372648119878b6a515bbb4,2148
resources/views/vendor/pagination/tailwind.blade.php,df0d4553987d8a06c6433ce3c2451784df954f5bb0182fedb309276f956fa05d,8945
resources/views/vendor/mail/html/button.blade.php,7eea9166be0fcb4caa1e7e007551c22c8c62d2bb5b81b50e3f7dbd19b726edec,578
resources/views/vendor/mail/html/footer.blade.php,eaf75e1147c870a8d6516a061f0f99d68641cc59a3c576a5cc813cf080f7dd6b,1066
resources/views/vendor/mail/html/header.blade.php,5397aad8d2927c137611241319cead39849e77af1277b7eed7b2ba898aa18480,1360
resources/views/vendor/mail/html/layout.blade.php,76ffeedbb7e7698c9b46c5e803f0f33e1102879a823822cf1e040499e955d202,1448
resources/views/vendor/mail/html/message.blade.php,7581db33ded4b3b58244af8bd301e6d6e0b6c6db7193f827114daad017c04149,648
resources/views/vendor/mail/html/panel.blade.php,09332785c9f08e1bd82da3a18348ddd581a1f604f99fc29557efc8e38c18f2a6,309
resources/views/vendor/mail/html/subcopy.blade.php,e6ea1a04ee3f1fbd9f42c408ede64802560824cfec00c61af9efe09fe473c144,165
resources/views/vendor/mail/html/table.blade.php,a60ccd12ef19ca333f955f34f76698048647f0e638b34ac92c7825c92f317c2d,72
resources/views/vendor/mail/text/button.blade.php,46a2a2d4b6fc92b91ab781908bb9e17e34b56646103e4facd04df73016eac6ee,24
resources/views/vendor/mail/text/footer.blade.php,2ec765db810c82fdfa3cc7d83a81890ad9375b3b699e7536e1351da34d077041,12
resources/views/vendor/mail/text/header.blade.php,46a2a2d4b6fc92b91ab781908bb9e17e34b56646103e4facd04df73016eac6ee,24
resources/views/vendor/mail/text/layout.blade.php,ec4c27cbbd2f52afbdc0643284dcf71a04ceda6c15428950fe89c05b3ea20cda,153
resources/views/vendor/mail/text/message.blade.php,4394e2a7bf51da6ca900041b9eaa3fa00501f73b04fabed152b884a5bec2756f,648
resources/views/vendor/mail/text/panel.blade.php,2ec765db810c82fdfa3cc7d83a81890ad9375b3b699e7536e1351da34d077041,12
resources/views/vendor/mail/text/subcopy.blade.php,2ec765db810c82fdfa3cc7d83a81890ad9375b3b699e7536e1351da34d077041,12
resources/views/vendor/mail/text/table.blade.php,2ec765db810c82fdfa3cc7d83a81890ad9375b3b699e7536e1351da34d077041,12
resources/views/vendor/mail/html/themes/default.css,808f3302719ed330e9f9f9a1bced38a6204c84eac30f4810b0c975eb31d7e06d,3477
resources/views/pdf/reportes/academico-general.blade.php,20fc8bcd2d41738d8b815fd40b7b65821318dcdfa0dd1370bc63d4cc4147c47e,8264
resources/views/pdf/reportes/administrativo.blade.php,9eab17b552b57188ed236c50fb2c6e3f8876ae6ea6eb7b0a663577bb4be1a5dc,7705
resources/views/pdf/reportes/bitacora.blade.php,e4784796b58af0a7d359a147d7cf801e4b46a5911eab894ab6afeb1d6a26d5fd,3949
resources/views/pdf/reportes/calificaciones.blade.php,b414bc2a5998f634941649c7ae83b60bf94a97f9743d597b20b7712ab0270f06,4460
resources/views/pdf/reportes/compatibilidad-carreras.blade.php,51ee194cc06a25d647e65c9a1067cb20e18ac9e71314800d0a586939fa34e45e,5851
resources/views/pdf/reportes/curso-aula.blade.php,149c2a096f718cc14d58a8e8ebdd593c8148481ae0d3521927dd0984119f3016,1017
resources/views/pdf/reportes/estudiantes-riesgo.blade.php,ffbf257045fd2a20353722c719cc2dfea20deb7ba5648aa51906c1b0498b28dd,5276
resources/views/pdf/reportes/institucional-completo.blade.php,d70067d1da6b3d4cdc4b061e53de7a32037a17c731603454000b80dc120bb44b,17818
resources/views/pdf/reportes/regencia.blade.php,322210b2dfcdf291edda192caedae71141ed6f727ddabca34445525395c97888,1021
resources/views/pdf/reportes/vocacional-riasec.blade.php,5eef2022bc4d1391572d907f31dca50c161844f231917cb7aa354b4230f45b78,5773
resources/views/livewire/admin/asignaciones-regencia.blade.php,af8a18b9aa870f720b2851ce28cdc6ed4f38164dde32988d0a3eb8c498f5eab9,3410
resources/views/livewire/admin/bitacora.blade.php,6ba3e5d44f2b2bfd826f0895381cd5068954e489127a2993744a3b9e99dec674,83225
resources/views/livewire/admin/calificaciones.blade.php,b4c2d84c7a94e9c59856d7708c21bfc2a6fd79c299a6b1ca8bc793cdc5c8629e,10467
resources/views/livewire/admin/especialidades-tecnicas.blade.php,9bd5bb1e44dd33b6765943327881401cf097c1216fec33cb366184b8c1a16a66,59
resources/views/livewire/admin/gestion-academica.blade.php,06846aeabbf6174eee88cad19afbf337429a1aee4ee22c992a060db27dc5e711,144221
resources/views/livewire/admin/gestion-asignatura.blade.php,b07e62fab6975da9c52d7d5a23d98cb6d25ea0a92c32c9e69814aa523f1fd73c,71294
resources/views/livewire/admin/gestion-curso.blade.php,5681f94d5d3ed90585fc92aeed802c1b3785c4bbc6974a4233146fbdd92b66d1,286205
resources/views/livewire/admin/gestion-docente.blade.php,11e40eb8448985c4242a9795dc4a7c60c4eafb6c9ca3369051614d9f574483c0,4653
resources/views/livewire/admin/gestion-estudiantes.blade.php,5426815605e772cf681354ea3fa710079e6107f1625a39a74bde168823d38f3f,79222
resources/views/livewire/admin/gestion-inscripciones.blade.php,aa3edcbcdffeef620df97cc490aacd7dde7824894d272097ba18f638dfb3900b,216913
resources/views/livewire/admin/gestion-paralelo.blade.php,59499c13dbcc9773684ee809944ba5358a3c962e3a848d0964c34336e389d362,55110
resources/views/livewire/admin/gestion-personas.blade.php,8bde58ca08a1e5869986c9b058870b52d4c43fee692c5bd69eb6054636e1a5cd,151704
resources/views/livewire/admin/gestion-turnos.blade.php,76d3f1d2643be40f92d6a463bd1fef56e2c0fcd792239885a22975f226724f83,238544
resources/views/livewire/admin/gestion-usuarios.blade.php,86b2a9bf9756912509101b220acddc51bd37fe855c762311aec4392a98a6e318,80132
resources/views/livewire/admin/institucion-procedencia.blade.php,9bd5bb1e44dd33b6765943327881401cf097c1216fec33cb366184b8c1a16a66,59
resources/views/livewire/admin/periodo-evaluacion.blade.php,9bd5bb1e44dd33b6765943327881401cf097c1216fec33cb366184b8c1a16a66,59
resources/views/livewire/admin/personal-institucional.blade.php,91210fe3150066e114f37b9ac7d53c371a9fab736f09df07d84134b304e5810c,107061
resources/views/livewire/admin/planes-asignatura.blade.php,122149f790542cd01f1e3b8b679d853077e6ae3063e28156620a7881a3560f32,8614
resources/views/livewire/admin/reportes-academicos.blade.php,1c68232806d720f5ca42028f96ec5dc67bf9b907d567738be7af0a63034c343b,27154
resources/views/livewire/admin/reportes-administrativos.blade.php,c6b5636034328ab70c143f9ca346f60b4911ead3ded33da48456203781907e67,9387
resources/views/livewire/admin/roles-permisos.blade.php,6b1ab9ff538f7b69899e7912c25119739dd5b9a5ba9e84dc390795dd975575ca,21202
resources/views/livewire/admin/tipo-vinculacion-estudiante.blade.php,9bd5bb1e44dd33b6765943327881401cf097c1216fec33cb366184b8c1a16a66,59
resources/views/livewire/aula-virtual/dashboard-docente.blade.php,fdf1b01cb11ed946ca21551d1bbe182c951fcd3973b81a1e79fd041494ab2144,60
resources/views/livewire/aula-virtual/dashboard-estudiante.blade.php,fdf1b01cb11ed946ca21551d1bbe182c951fcd3973b81a1e79fd041494ab2144,60
resources/views/livewire/secretaria/cuentas.blade.php,1bb7bb65ec094ce1c280d2d21ae81ca8c7e5fa342486374f87e00ffd6aa4a3b4,4283
resources/views/livewire/shared/academic-plan.blade.php,279a0896a4a48db543ba7c6a79ae51307835bcbb840c6e9f2090f164df39c89b,3354
resources/views/livewire/shared/academic-sources.blade.php,7692d78e595ea4dadfe67246068a0754157e840294b1ee5eb33e69d2ae9956ed,1732
resources/views/livewire/shared/course-content.blade.php,7ec14730d02cb3afcbcbe39946ba94665f7af03bcd193b57f0533978c79166ac,2218
resources/views/livewire/shared/course-list.blade.php,25f4917362c37e82971864ec871a204b81754054c86bd931af1e71d5c88c364e,2158
resources/views/livewire/shared/course-workspace.blade.php,717015931796e80c75120fe078af5e2127f95cdd156f94ba1a60ee72f256392c,10259
resources/views/livewire/shared/institutional-query.blade.php,bd27c2e9e14b52a6c872d18b248f8bc613c98bf91d233c18cccd284078b3125c,5420
resources/views/livewire/shared/institutional-record-drawer.blade.php,5d8c72a5c0d5e18431e1deee821d6bb3b45bec2d7e0be35eebd4767edf639a18,1851
resources/views/livewire/shared/kardex-draft.blade.php,a078b2d9cc5da42e3a5a816e134e5c8b609ab0d28b9ee06e5576ac7d09e71a71,1343
resources/views/livewire/shared/module-search.blade.php,eb6c810f62310f03677e674fafd96ac6879dbf625346135345eb9d9177aeed4a,992
resources/views/livewire/shared/notification-center.blade.php,d0e50d66f44a6be8f9ad907510c89c88d4cc24b0da86f8857425d646e3335dd2,2065
resources/views/livewire/shared/student-drawer.blade.php,5bb5f98344527a1e8bc8d15fcb25f6f48c56483188cc61eb54e4c2b47be997f8,2657
resources/views/livewire/shared/study-assistant.blade.php,77a877a4044560f4a6118b456dfb383041d46f9c633bdf2916b94d9b4738f3b2,1507
resources/views/livewire/shared/teacher-grade-form.blade.php,67ebd835fc8e972b6707832c586216a974d096e6e9d67b5f2da295529cf55293,2582
resources/views/livewire/aula-virtual/asistencia/historial-asistencia-docente.blade.php,fcbf946dc4caacd2290456a836710ca37d310a13599396457a5b71de616d1d57,102
resources/views/livewire/aula-virtual/asistencia/mi-asistencia-estudiante.blade.php,f11b5837bc7601e935382873d62fbcc357a48306cd26703316baa110b9006ea5,92
resources/views/livewire/aula-virtual/asistencia/registrar-asistencia.blade.php,87d101076e14e3b8c6869d19a0f83d7b0e87ea08c4e27ebedb4552972f960bb6,99
resources/views/livewire/aula-virtual/cursos/curso-detalle-docente.blade.php,2b34dcad91d00d139af3109f3a1e82dbca445475bc5885d33da7531bbf86cc25,97
resources/views/livewire/aula-virtual/cursos/curso-detalle-estudiante.blade.php,417bbf1bbb79cc2cab4f065fb9d9ad92a0394612c21419ea8c2efbd3c1958600,93
resources/views/livewire/aula-virtual/cursos/mis-asignaturas-estudiante.blade.php,e3ce621661b6e99b56e9c7761ab299b8f7c6b125456b561e1ae7da1c8efcedcd,100
resources/views/livewire/aula-virtual/cursos/mis-cursos-docente.blade.php,cf2393608a0bf06fbc5a405856339f9369cf901ffed73bf63befdf925877ce63,95
resources/views/livewire/aula-virtual/materiales/crear-material.blade.php,1a79435e1c3bf1212d1d3f9eba8b3b3e82e2c002255542eda7829798fc2f79ff,1720
resources/views/livewire/aula-virtual/materiales/editar-material.blade.php,bdd75196c857bf44cdc0e3aba4a8282f09a4b69a826396ef2bdf4de38c039971,94
resources/views/livewire/aula-virtual/materiales/lista-materiales.blade.php,17e1a87221ac238a8ae3b6aedd3f4914b629fa184dccd5b67b97e9fec3ee83bf,99
resources/views/livewire/aula-virtual/orientacion/explorador-vocacional.blade.php,10247e33dfa0acaf25c7f803d09dee94e2cd77c688f6ea8cb82d22485b3c9e17,12092
resources/views/livewire/aula-virtual/orientacion/orientacion-estudiante.blade.php,b6830f7fe4c6ffa17c26c9e27b2a55bd1ef6cb5e438106afa04b6dbe7cc2510d,114
resources/views/livewire/aula-virtual/orientacion/resultado-orientacion.blade.php,ac406d0f822aa069218b2b83833355ed0c36c96208d226cad1ebacfdf4380cfb,105
resources/views/livewire/aula-virtual/orientacion/seguimiento-docente.blade.php,543f10966f2763f1b473b7055c60cc0118a4c47d6459712880f1b15674b674c0,98
resources/views/livewire/aula-virtual/tareas/calificar-entrega.blade.php,2ac936b2cd1ebafd578465094ed73c85c7cbde18086e002cce75460214cc5f9f,96
resources/views/livewire/aula-virtual/tareas/crear-tarea.blade.php,b6ee5a9818ba9b4b80aa0e386abfef41ca25aba41b899b8177c98415e94c586b,2493
resources/views/livewire/aula-virtual/tareas/editar-tarea.blade.php,887b08145d1d3d71116a950ad640103db7e2381fd045b4690388044af5d0269e,91
resources/views/livewire/aula-virtual/tareas/entregar-tarea.blade.php,366dfc036449ae5b0bb26a0de23c7bd80ae0da7421c7953921c49f9407a1069b,93
resources/views/livewire/aula-virtual/tareas/revisar-entregas.blade.php,045f5433c9f3ba532c82a0928cdf72167eef5ca52997f6a91800ad14156b8136,95
resources/views/livewire/admin/partials/catalogo-institucional.blade.php,4bc2ce5ecf4862f37a8ae0c18fae4a9a1f2b78d8bfcf109ca63e26032a3d9c26,13757
resources/views/aula-virtual/asistencia/mi-asistencia.blade.php,ff54e6231cf5e02bf71792e79ec3082a900b446ec12156637c8210cd5f16c2cf,2154
resources/views/aula-virtual/asistencia/registrar.blade.php,f9026427467271f72b086b83492fb0726aa68dd372152522ee479135d5dadb63,2847
resources/views/aula-virtual/auth/login.blade.php,90102acf15c48d3ddae78dd60c8602ebc6a2351837183136bb82cfb8e103a0d1,26858
resources/views/aula-virtual/componentes/boton-google.blade.php,68028293608ba158365eedce6d11c8e75392d7aa423797d72500ae43cf70b40e,953
resources/views/aula-virtual/componentes/course-card.blade.php,85e9c4e2aae7ace4897924f27b832dc6db02711ccbc7e50542eabc2682e8d4cd,2097
resources/views/aula-virtual/componentes/empty-state.blade.php,8705a3aa2e6075df4c2c0863e2d39337a9e776bd17fa56aa5be5df1408b66e14,902
resources/views/aula-virtual/componentes/file-upload-box.blade.php,42a8ea176a261452913d98d58cf4e7c7a6427dcc9343b250eefa3b03e65a65a1,501
resources/views/aula-virtual/componentes/icon-action-button.blade.php,62b1e315a2857547c9b73f955f739dece6446cea280f0792dc8324e37c1946a6,3096
resources/views/aula-virtual/componentes/metric-card.blade.php,c34dfa3d671a9dc32172b328cb416ec1988c9f751db547223f82945a1f75df97,665
resources/views/aula-virtual/componentes/modal-cuenta-no-registrada.blade.php,f90d4af8b1a47de17d948ab0b46de10d24e0dd05962e31e675bf9805d6401d99,2454
resources/views/aula-virtual/componentes/progress-bar.blade.php,7699c732a9b52246d7cf3ffc3df70ae260ac51bd0a396b67e95c09db1e395f4d,494
resources/views/aula-virtual/componentes/status-badge.blade.php,a435cd19c5679e924fc4b23878ee5fe8565a1ea9ee47d2aed536d7a44fae27b1,778
resources/views/aula-virtual/componentes/tarjeta-acceso.blade.php,6283b4692e4bce3b3f1fd245f473fcead1603f66d6fd53cbf3a9e64ffd22fde9,785
resources/views/aula-virtual/componentes/trimester-tabs.blade.php,dabc90888d5c0d39c621c2bed1537197456b66085fc3945a3a14a9aca4fdeee1,349
resources/views/aula-virtual/cursos/index-docente.blade.php,198ffec33998ff842ac010cf72656d964bf42f8ce42b9083d065d37d84740f47,165
resources/views/aula-virtual/cursos/index-estudiante.blade.php,ab7b85f2b78f4f5968e7fdd008cb8726f58e11479b2c4176f7ec45e614de4e6c,173
resources/views/aula-virtual/cursos/show-docente.blade.php,7be635d7f3f2a1a9dc20b840df955d4a8cf06a637ea5d53c63eae37010ec1052,200
resources/views/aula-virtual/cursos/show-estudiante.blade.php,30fe4e99427ad9f69cfd87e662a324e3027be51c9dc8a5b38ae4945a46f89333,200
resources/views/aula-virtual/dashboard/docente.blade.php,cc81cb8ac3bbf6ea7f761fc6c6fe9d4aa8cd0865d1756debdac2479ec849d510,5181
resources/views/aula-virtual/dashboard/estudiante.blade.php,c5d3bffd9f3da4c02446d2fca694185958b0d4c7b53b65111b8a2484e5fde784,7292
resources/views/aula-virtual/dashboard/index.blade.php,80fd53a1784ec6d6f2228510a7e95e28f1f9a3f97e6b1fe78059d00d40c12cc5,734
resources/views/aula-virtual/layouts/app.blade.php,1cfd42d1ac65cf42bb32fde42ba06b10f81befa211f61c7713956f15d0ba8a77,123
resources/views/aula-virtual/layouts/sidebar.blade.php,ba2b00636bd30a41cfe02a7a01889727ecc4365cafeb0b0810a70ec202577430,131
resources/views/aula-virtual/layouts/topbar.blade.php,560c515794efa7bdb31788cc7ad8fbd03737cba6438b8a9baed0cfdb5f0d9d1c,5373
resources/views/aula-virtual/materiales/index.blade.php,7482dbb0e5e7e0b9e5904e08442b8bcb3152b03ae6affd0e7e158fa0dedc802a,1707
resources/views/aula-virtual/orientacion/estudiante.blade.php,9647186115c479743e029179fdd90c649dcc5f9978e55a09475aa123a37c95c2,2479
resources/views/aula-virtual/orientacion/explorador.blade.php,547e145fc2719eee66e2f59535200a1a44c94c8ccddd8a64af56d4b6d44123e1,592
resources/views/aula-virtual/orientacion/resultados.blade.php,3d63358ca9b5dcab07907cce8cc22911764d1fdbbcdce0daa215836873dd27bd,2196
resources/views/aula-virtual/orientacion/seguimiento-docente.blade.php,f68d766d9a94c0362a605c7872bd61ac3e6d9d6db4672e0c07d150ef5cc83048,2684
resources/views/aula-virtual/reportes/index.blade.php,e97121300aa2f062a4043dea9276390826095ec5675ece4c310ea4736a0f88be,2592
resources/views/aula-virtual/tareas/entregar.blade.php,af2fbee03ea4689af01ff5b92a1bcb3385b0c57ae7c7c29d985e04f550e0bb95,5401
resources/views/aula-virtual/tareas/revisar.blade.php,7b2c4ad717fab782639446ea8e8a490f4b4df7eaabe839a589ec0bd77f115870,6006
bootstrap/app.php,fb2fb22a9f9f8d0388ec41e75fe7c5d3edc2cc5168812eddef74632683d00e27,686
bootstrap/providers.php,e32f794dea01d8a3df5d1fb1a48213d439fd0bbd41939c7e46b9b41228f1b53f,164
bootstrap/cache/.gitignore,240a3e0d37d2e86b614063f5347eb02d4f99ca6c254de6b82871ff8d95532a7d,14
bootstrap/cache/packages.php,cf4309a6187c893b54806607aaea17ee1f2b521d531fbe35a3b2035f1c10d6a8,2562
bootstrap/cache/services.php,7d4649c06cd29772f4d946d9e52d503b4825adca63fc9b90e7612f5f3aca344f,23713
.env,573d6e6c46d5f8d4d1f55817e05eff741aca32d007ea8991522a8951a233a4b7,1533
bd-savp-tis3.sql,784bc8b81cc522f4c39706bbebd6ab0f91d56eb19b154ef0df294c8194e18019,64193
composer.lock,eef60d7354a5c535c0d12e7ece4001b527fa12859e454f0881e53f5b0fee287b,393190
package-lock.json,d1821502baef701f31514100f09ede572eeff693a49b25da8e41c85df7ef90c0,121342
phpunit.xml,71ca9c1168ffda6209eefa5a90f40a2ab47d677ddba45937ac0cf84e19fe7d6f,1361
PETER2_REESTRUCTURACION.patch,35fb8dba4cbe3b2398a39aa99d278f203da9e4123962a69914428b1890f2738a,122746
