PARENT,CHILD,CHILD_COLUMNS,PARENT_COLUMNS,CARDINALITY_PARENT_TO_CHILD,OPTIONAL_CHILD_PARENT,ON_DELETE,ON_UPDATE,SOURCE,ORIGIN,OWNERSHIP,HISTORY,RISK
persona,users,cod_per,cod_per,1:0..1 (UNIQUE FK),False,CASCADE,NO ACTION,database/migrations/0001_01_01_000001_create_users_table.php,HISTORICA_DECLARADA,OperationalAccountService / Fortify / CRUD administrativo,Hechos y relaciones vigentes; conservar estados y referencias,CASCADE puede perder histórico; revisar
users,user_status_logs,cod_usu,cod_usu,1:0..N,False,CASCADE,NO ACTION,database/migrations/0001_01_01_000001_create_users_table.php,HISTORICA_DECLARADA,Livewire/Admin/GestionUsuarios.php,Historial oficial; preservar contexto/rectificación,CASCADE puede perder histórico; revisar
users,user_status_logs,cod_usu_admin,cod_usu,1:0..N,True,SET NULL,NO ACTION,database/migrations/0001_01_01_000001_create_users_table.php,HISTORICA_DECLARADA,Livewire/Admin/GestionUsuarios.php,Historial oficial; preservar contexto/rectificación,SET NULL pierde enlace histórico
permissions,model_has_permissions,permission_id,id,1:0..N,False,CASCADE,NO ACTION,database/migrations/2026_04_09_025343_create_permission_tables.php,HISTORICA_DECLARADA,RolePermissionService; Spatie; seeders solo futuros autorizados,Hechos y relaciones vigentes; conservar estados y referencias,CASCADE puede perder histórico; revisar
roles,model_has_roles,role_id,id,1:0..N,False,CASCADE,NO ACTION,database/migrations/2026_04_09_025343_create_permission_tables.php,HISTORICA_DECLARADA,RolePermissionService; Spatie; seeders solo futuros autorizados,Hechos y relaciones vigentes; conservar estados y referencias,CASCADE puede perder histórico; revisar
permissions,role_has_permissions,permission_id,id,1:0..N,False,CASCADE,NO ACTION,database/migrations/2026_04_09_025343_create_permission_tables.php,HISTORICA_DECLARADA,RolePermissionService; Spatie; seeders solo futuros autorizados,Hechos y relaciones vigentes; conservar estados y referencias,CASCADE puede perder histórico; revisar
roles,role_has_permissions,role_id,id,1:0..N,False,CASCADE,NO ACTION,database/migrations/2026_04_09_025343_create_permission_tables.php,HISTORICA_DECLARADA,RolePermissionService; Spatie; seeders solo futuros autorizados,Hechos y relaciones vigentes; conservar estados y referencias,CASCADE puede perder histórico; revisar
persona,personal_institucional,cod_per,cod_per,1:0..N,False,CASCADE,NO ACTION,database/migrations/2026_04_09_033042_create_personal_institucional_table.php,HISTORICA_DECLARADA,app/Livewire/Admin/PersonalInstitucional.php,Hechos y relaciones vigentes; conservar estados y referencias,CASCADE puede perder histórico; revisar
personal_institucional,secretaria_general,cod_pin,cod_pin,1:0..N,False,CASCADE,NO ACTION,database/migrations/2026_04_09_033043_create_secretaria_general_table.php,HISTORICA_DECLARADA,CRUD/perfiles institucionales existentes,Hechos y relaciones vigentes; conservar estados y referencias,CASCADE puede perder histórico; revisar
users,bitacora,cod_usu,cod_usu,1:0..N,True,SET NULL,NO ACTION,database/migrations/2026_04_09_033048_create_bitacora_table.php,HISTORICA_DECLARADA,BitacoraService; writers directos legacy detectados,Historial oficial; preservar contexto/rectificación,SET NULL pierde enlace histórico
personal_institucional,docente,cod_pin,cod_pin,1:0..N,False,CASCADE,NO ACTION,database/migrations/2026_04_09_033050_create_docente_table.php,HISTORICA_DECLARADA,app/Livewire/Admin/GestionDocente.php,Hechos y relaciones vigentes; conservar estados y referencias,CASCADE puede perder histórico; revisar
persona,estudiante,cod_per,cod_per,1:0..N,False,CASCADE,NO ACTION,database/migrations/2026_04_09_033060_create_estudiante_table.php,HISTORICA_DECLARADA,CRUD estudiantil y Gestión Inscripciones,Hechos y relaciones vigentes; conservar estados y referencias,CASCADE puede perder histórico; revisar
tipo_vinculacion_estudiante,estudiante,cod_tve,cod_tve,1:0..N,False,NO ACTION,NO ACTION,database/migrations/2026_04_09_033060_create_estudiante_table.php,HISTORICA_DECLARADA,CRUD estudiantil y Gestión Inscripciones,Hechos y relaciones vigentes; conservar estados y referencias,Restricción declarada; coherencia de contexto requiere Service
institucion_procedencia,estudiante,cod_ipe,cod_ipe,1:0..N,True,NO ACTION,NO ACTION,database/migrations/2026_04_09_033060_create_estudiante_table.php,HISTORICA_DECLARADA,CRUD estudiantil y Gestión Inscripciones,Hechos y relaciones vigentes; conservar estados y referencias,Restricción declarada; coherencia de contexto requiere Service
especialidad_tecnica,estudiante,cod_esp,cod_esp,1:0..N,True,NO ACTION,NO ACTION,database/migrations/2026_04_09_033060_create_estudiante_table.php,HISTORICA_DECLARADA,CRUD estudiantil y Gestión Inscripciones,Hechos y relaciones vigentes; conservar estados y referencias,Restricción declarada; coherencia de contexto requiere Service
asignatura,plan_asignatura,cod_asi,cod_asi,1:0..N,False,NO ACTION,NO ACTION,database/migrations/2026_04_09_033070_create_plan_asignatura_table.php,HISTORICA_DECLARADA,CRUD de planes; PlanAsignaturaInteligente prevención,Hechos y relaciones vigentes; conservar estados y referencias,Restricción declarada; coherencia de contexto requiere Service
docente,plan_asignatura,cod_doc,cod_doc,1:0..N,False,NO ACTION,NO ACTION,database/migrations/2026_04_09_033070_create_plan_asignatura_table.php,HISTORICA_DECLARADA,CRUD de planes; PlanAsignaturaInteligente prevención,Hechos y relaciones vigentes; conservar estados y referencias,Restricción declarada; coherencia de contexto requiere Service
curso,plan_asignatura,cod_cur,cod_cur,1:0..N,False,NO ACTION,NO ACTION,database/migrations/2026_04_09_033070_create_plan_asignatura_table.php,HISTORICA_DECLARADA,CRUD de planes; PlanAsignaturaInteligente prevención,Hechos y relaciones vigentes; conservar estados y referencias,Restricción declarada; coherencia de contexto requiere Service
paralelo,plan_asignatura,cod_par,cod_par,1:0..N,False,NO ACTION,NO ACTION,database/migrations/2026_04_09_033070_create_plan_asignatura_table.php,HISTORICA_DECLARADA,CRUD de planes; PlanAsignaturaInteligente prevención,Hechos y relaciones vigentes; conservar estados y referencias,Restricción declarada; coherencia de contexto requiere Service
turno,plan_asignatura,cod_tur,cod_tur,1:0..N,False,NO ACTION,NO ACTION,database/migrations/2026_04_09_033070_create_plan_asignatura_table.php,HISTORICA_DECLARADA,CRUD de planes; PlanAsignaturaInteligente prevención,Hechos y relaciones vigentes; conservar estados y referencias,Restricción declarada; coherencia de contexto requiere Service
gestion_academica,plan_asignatura,cod_gea,cod_gea,1:0..N,False,NO ACTION,NO ACTION,database/migrations/2026_04_09_033070_create_plan_asignatura_table.php,HISTORICA_DECLARADA,CRUD de planes; PlanAsignaturaInteligente prevención,Hechos y relaciones vigentes; conservar estados y referencias,Restricción declarada; coherencia de contexto requiere Service
estudiante,inscripcion_estudiante,cod_est,cod_est,1:0..N,False,RESTRICT,CASCADE,database/migrations/2026_04_09_033080_create_inscripcion_estudiante_table.php,HISTORICA_DECLARADA,Livewire/Admin/GestionInscripciones.php; InscripcionAcademica prevención,Hechos y relaciones vigentes; conservar estados y referencias,Restricción declarada; coherencia de contexto requiere Service
gestion_academica,inscripcion_estudiante,cod_gea,cod_gea,1:0..N,False,RESTRICT,CASCADE,database/migrations/2026_04_09_033080_create_inscripcion_estudiante_table.php,HISTORICA_DECLARADA,Livewire/Admin/GestionInscripciones.php; InscripcionAcademica prevención,Hechos y relaciones vigentes; conservar estados y referencias,Restricción declarada; coherencia de contexto requiere Service
curso,inscripcion_estudiante,cod_cur,cod_cur,1:0..N,False,RESTRICT,CASCADE,database/migrations/2026_04_09_033080_create_inscripcion_estudiante_table.php,HISTORICA_DECLARADA,Livewire/Admin/GestionInscripciones.php; InscripcionAcademica prevención,Hechos y relaciones vigentes; conservar estados y referencias,Restricción declarada; coherencia de contexto requiere Service
paralelo,inscripcion_estudiante,cod_par,cod_par,1:0..N,False,RESTRICT,CASCADE,database/migrations/2026_04_09_033080_create_inscripcion_estudiante_table.php,HISTORICA_DECLARADA,Livewire/Admin/GestionInscripciones.php; InscripcionAcademica prevención,Hechos y relaciones vigentes; conservar estados y referencias,Restricción declarada; coherencia de contexto requiere Service
turno,inscripcion_estudiante,cod_tur,cod_tur,1:0..N,False,RESTRICT,CASCADE,database/migrations/2026_04_09_033080_create_inscripcion_estudiante_table.php,HISTORICA_DECLARADA,Livewire/Admin/GestionInscripciones.php; InscripcionAcademica prevención,Hechos y relaciones vigentes; conservar estados y referencias,Restricción declarada; coherencia de contexto requiere Service
especialidad_tecnica,inscripcion_estudiante,cod_esp_tec,cod_esp,1:0..N,True,SET NULL,CASCADE,database/migrations/2026_04_09_033080_create_inscripcion_estudiante_table.php,HISTORICA_DECLARADA,Livewire/Admin/GestionInscripciones.php; InscripcionAcademica prevención,Hechos y relaciones vigentes; conservar estados y referencias,SET NULL pierde enlace histórico
asignatura,calificacion,cod_asi,cod_asi,1:0..N,False,NO ACTION,NO ACTION,database/migrations/2026_04_09_033090_create_calificacion_table.php,HISTORICA_DECLARADA,GradeService y CRUD legacy administrativo,Historial oficial; preservar contexto/rectificación,Restricción declarada; coherencia de contexto requiere Service
periodo_evaluacion,calificacion,cod_pev,cod_pev,1:0..N,False,NO ACTION,NO ACTION,database/migrations/2026_04_09_033090_create_calificacion_table.php,HISTORICA_DECLARADA,GradeService y CRUD legacy administrativo,Historial oficial; preservar contexto/rectificación,Restricción declarada; coherencia de contexto requiere Service
plan_asignatura,calificacion,cod_pas,cod_pas,1:0..N,True,RESTRICT,NO ACTION,database/migrations/2026_09_28_000001_add_reestructuracion_academic_context.php,HISTORICA_DECLARADA,GradeService y CRUD legacy administrativo,Historial oficial; preservar contexto/rectificación,Restricción declarada; coherencia de contexto requiere Service
estudiante,calificacion,cod_est,cod_est,1:0..N,False,RESTRICT,CASCADE,database/migrations/2026_09_30_100006_prepare_academic_integrity_checks.php,PROPUESTA_NO_EJECUTADA,GradeService y CRUD legacy administrativo,Historial oficial; preservar contexto/rectificación,Restricción declarada; coherencia de contexto requiere Service
personal_institucional,regente,cod_pin,cod_pin,1:0..N,False,CASCADE,NO ACTION,database/migrations/2026_04_26_183020_create_regente_table.php,HISTORICA_DECLARADA,CRUD de personal / RegencyAccessService lectura,Hechos y relaciones vigentes; conservar estados y referencias,CASCADE puede perder histórico; revisar
personal_institucional,director,cod_pin,cod_pin,1:0..N,False,CASCADE,NO ACTION,database/migrations/2026_04_26_183034_create_director_table.php,HISTORICA_DECLARADA,CRUD/perfiles institucionales existentes,Hechos y relaciones vigentes; conservar estados y referencias,CASCADE puede perder histórico; revisar
personal_institucional,administrador,cod_pin,cod_pin,1:0..N,False,CASCADE,NO ACTION,database/migrations/2026_04_26_183048_create_administrador_table.php,HISTORICA_DECLARADA,CRUD/perfiles institucionales existentes,Hechos y relaciones vigentes; conservar estados y referencias,CASCADE puede perder histórico; revisar
especialidad_tecnica,plan_especialidad,cod_esp,cod_esp,1:0..N,False,RESTRICT,CASCADE,database/migrations/2026_05_01_233339_create_plan_especialidad_table.php,HISTORICA_DECLARADA,CRUD de planes; PlanAsignaturaInteligente prevención,Hechos y relaciones vigentes; conservar estados y referencias,Restricción declarada; coherencia de contexto requiere Service
docente,plan_especialidad,cod_doc,cod_doc,1:0..N,False,RESTRICT,CASCADE,database/migrations/2026_05_01_233339_create_plan_especialidad_table.php,HISTORICA_DECLARADA,CRUD de planes; PlanAsignaturaInteligente prevención,Hechos y relaciones vigentes; conservar estados y referencias,Restricción declarada; coherencia de contexto requiere Service
curso,plan_especialidad,cod_cur,cod_cur,1:0..N,False,RESTRICT,CASCADE,database/migrations/2026_05_01_233339_create_plan_especialidad_table.php,HISTORICA_DECLARADA,CRUD de planes; PlanAsignaturaInteligente prevención,Hechos y relaciones vigentes; conservar estados y referencias,Restricción declarada; coherencia de contexto requiere Service
paralelo,plan_especialidad,cod_par,cod_par,1:0..N,False,RESTRICT,CASCADE,database/migrations/2026_05_01_233339_create_plan_especialidad_table.php,HISTORICA_DECLARADA,CRUD de planes; PlanAsignaturaInteligente prevención,Hechos y relaciones vigentes; conservar estados y referencias,Restricción declarada; coherencia de contexto requiere Service
turno,plan_especialidad,cod_tur,cod_tur,1:0..N,False,RESTRICT,CASCADE,database/migrations/2026_05_01_233339_create_plan_especialidad_table.php,HISTORICA_DECLARADA,CRUD de planes; PlanAsignaturaInteligente prevención,Hechos y relaciones vigentes; conservar estados y referencias,Restricción declarada; coherencia de contexto requiere Service
gestion_academica,plan_especialidad,cod_gea,cod_gea,1:0..N,False,RESTRICT,CASCADE,database/migrations/2026_05_01_233339_create_plan_especialidad_table.php,HISTORICA_DECLARADA,CRUD de planes; PlanAsignaturaInteligente prevención,Hechos y relaciones vigentes; conservar estados y referencias,Restricción declarada; coherencia de contexto requiere Service
turno,plantilla_horaria,cod_tur,cod_tur,1:0..N,False,RESTRICT,CASCADE,database/migrations/2026_05_04_000000_create_plantilla_horaria_table.php,HISTORICA_DECLARADA,Gestión Horarios; Gestión Turnos / TurnoInteligente,Hechos y relaciones vigentes; conservar estados y referencias,Restricción declarada; coherencia de contexto requiere Service
gestion_academica,horario,cod_gea,cod_gea,1:0..N,False,RESTRICT,CASCADE,database/migrations/2026_05_05_201751_create_horarios_tables.php,HISTORICA_DECLARADA,Gestión Horarios; Gestión Turnos / TurnoInteligente,Hechos y relaciones vigentes; conservar estados y referencias,Restricción declarada; coherencia de contexto requiere Service
curso,horario,cod_cur,cod_cur,1:0..N,False,RESTRICT,CASCADE,database/migrations/2026_05_05_201751_create_horarios_tables.php,HISTORICA_DECLARADA,Gestión Horarios; Gestión Turnos / TurnoInteligente,Hechos y relaciones vigentes; conservar estados y referencias,Restricción declarada; coherencia de contexto requiere Service
paralelo,horario,cod_par,cod_par,1:0..N,False,RESTRICT,CASCADE,database/migrations/2026_05_05_201751_create_horarios_tables.php,HISTORICA_DECLARADA,Gestión Horarios; Gestión Turnos / TurnoInteligente,Hechos y relaciones vigentes; conservar estados y referencias,Restricción declarada; coherencia de contexto requiere Service
plantilla_horaria,horario,cod_pho,cod_pho,1:0..N,False,RESTRICT,CASCADE,database/migrations/2026_05_05_201751_create_horarios_tables.php,HISTORICA_DECLARADA,Gestión Horarios; Gestión Turnos / TurnoInteligente,Hechos y relaciones vigentes; conservar estados y referencias,Restricción declarada; coherencia de contexto requiere Service
plantilla_horaria,horario_bloque,cod_pho,cod_pho,1:0..N,False,RESTRICT,CASCADE,database/migrations/2026_05_05_201751_create_horarios_tables.php,HISTORICA_DECLARADA,Gestión Horarios; Gestión Turnos / TurnoInteligente,Hechos y relaciones vigentes; conservar estados y referencias,Restricción declarada; coherencia de contexto requiere Service
horario,horario_detalle,cod_hor,cod_hor,1:0..N,False,CASCADE,CASCADE,database/migrations/2026_05_05_201751_create_horarios_tables.php,HISTORICA_DECLARADA,Gestión Horarios; Gestión Turnos / TurnoInteligente,Hechos y relaciones vigentes; conservar estados y referencias,CASCADE puede perder histórico; revisar
horario_bloque,horario_detalle,cod_hbl,cod_hbl,1:0..N,False,RESTRICT,CASCADE,database/migrations/2026_05_05_201751_create_horarios_tables.php,HISTORICA_DECLARADA,Gestión Horarios; Gestión Turnos / TurnoInteligente,Hechos y relaciones vigentes; conservar estados y referencias,Restricción declarada; coherencia de contexto requiere Service
plan_asignatura,horario_detalle,cod_pas,cod_pas,1:0..N,True,RESTRICT,CASCADE,database/migrations/2026_05_05_201751_create_horarios_tables.php,HISTORICA_DECLARADA,Gestión Horarios; Gestión Turnos / TurnoInteligente,Hechos y relaciones vigentes; conservar estados y referencias,Restricción declarada; coherencia de contexto requiere Service
plan_especialidad,horario_detalle,cod_pes,cod_pes,1:0..N,True,RESTRICT,CASCADE,database/migrations/2026_05_05_201751_create_horarios_tables.php,HISTORICA_DECLARADA,Gestión Horarios; Gestión Turnos / TurnoInteligente,Hechos y relaciones vigentes; conservar estados y referencias,Restricción declarada; coherencia de contexto requiere Service
plan_asignatura,clase_virtual,cod_pas,cod_pas,1:0..N,False,RESTRICT,CASCADE,database/migrations/aula_virtual/2026_05_17_083823_create_clase_virtual_table.php,HISTORICA_DECLARADA,CursoVirtualService,Hechos y relaciones vigentes; conservar estados y referencias,Restricción declarada; coherencia de contexto requiere Service
clase_virtual,clase_estudiante,cod_cla,cod_cla,1:0..N,False,RESTRICT,CASCADE,database/migrations/aula_virtual/2026_05_17_083824_create_clase_estudiante_table.php,HISTORICA_DECLARADA,CursoVirtualService / ClaseEstudiante.registrarAcceso,Hechos y relaciones vigentes; conservar estados y referencias,Restricción declarada; coherencia de contexto requiere Service
estudiante,clase_estudiante,cod_est,cod_est,1:0..N,False,RESTRICT,CASCADE,database/migrations/aula_virtual/2026_05_17_083824_create_clase_estudiante_table.php,HISTORICA_DECLARADA,CursoVirtualService / ClaseEstudiante.registrarAcceso,Hechos y relaciones vigentes; conservar estados y referencias,Restricción declarada; coherencia de contexto requiere Service
clase_virtual,publicacion_clase,cod_cla,cod_cla,1:0..N,False,RESTRICT,CASCADE,database/migrations/aula_virtual/2026_05_17_083825_create_publicacion_clase_table.php,HISTORICA_DECLARADA,PublicacionService,Hechos y relaciones vigentes; conservar estados y referencias,Restricción declarada; coherencia de contexto requiere Service
users,publicacion_clase,cod_usu,cod_usu,1:0..N,False,RESTRICT,CASCADE,database/migrations/aula_virtual/2026_05_17_083825_create_publicacion_clase_table.php,HISTORICA_DECLARADA,PublicacionService,Hechos y relaciones vigentes; conservar estados y referencias,Restricción declarada; coherencia de contexto requiere Service
unidades_clase,publicacion_clase,"unidad_id,cod_cla","id,cod_cla",1:0..N,True,RESTRICT,CASCADE,database/migrations/2026_09_30_100002_prepare_lms_units_structure.php,PROPUESTA_NO_EJECUTADA,PublicacionService,Hechos y relaciones vigentes; conservar estados y referencias,Restricción declarada; coherencia de contexto requiere Service
clase_virtual,material_clase,cod_cla,cod_cla,1:0..N,False,RESTRICT,CASCADE,database/migrations/aula_virtual/2026_05_17_083826_create_material_clase_table.php,HISTORICA_DECLARADA,MaterialService / TareaService,Hechos y relaciones vigentes; conservar estados y referencias,Restricción declarada; coherencia de contexto requiere Service
publicacion_clase,material_clase,cod_pub,cod_pub,1:0..N,True,SET NULL,CASCADE,database/migrations/aula_virtual/2026_05_17_083826_create_material_clase_table.php,HISTORICA_DECLARADA,MaterialService / TareaService,Hechos y relaciones vigentes; conservar estados y referencias,SET NULL pierde enlace histórico
users,material_clase,cod_usu,cod_usu,1:0..N,False,RESTRICT,CASCADE,database/migrations/aula_virtual/2026_05_17_083826_create_material_clase_table.php,HISTORICA_DECLARADA,MaterialService / TareaService,Hechos y relaciones vigentes; conservar estados y referencias,Restricción declarada; coherencia de contexto requiere Service
unidades_clase,material_clase,"unidad_id,cod_cla","id,cod_cla",1:0..N,True,RESTRICT,CASCADE,database/migrations/2026_09_30_100002_prepare_lms_units_structure.php,PROPUESTA_NO_EJECUTADA,MaterialService / TareaService,Hechos y relaciones vigentes; conservar estados y referencias,Restricción declarada; coherencia de contexto requiere Service
clase_virtual,tarea,cod_cla,cod_cla,1:0..N,False,RESTRICT,CASCADE,database/migrations/aula_virtual/2026_05_17_083827_create_tarea_table.php,HISTORICA_DECLARADA,TareaService,Historial oficial; preservar contexto/rectificación,Restricción declarada; coherencia de contexto requiere Service
docente,tarea,cod_doc,cod_doc,1:0..N,False,RESTRICT,CASCADE,database/migrations/aula_virtual/2026_05_17_083827_create_tarea_table.php,HISTORICA_DECLARADA,TareaService,Historial oficial; preservar contexto/rectificación,Restricción declarada; coherencia de contexto requiere Service
unidades_clase,tarea,"unidad_id,cod_cla","id,cod_cla",1:0..N,True,RESTRICT,CASCADE,database/migrations/2026_09_30_100002_prepare_lms_units_structure.php,PROPUESTA_NO_EJECUTADA,TareaService,Historial oficial; preservar contexto/rectificación,Restricción declarada; coherencia de contexto requiere Service
tarea,tarea_material,cod_tar,cod_tar,1:0..N,False,RESTRICT,CASCADE,database/migrations/aula_virtual/2026_05_17_083828_create_tarea_material_table.php,HISTORICA_DECLARADA,MaterialService / TareaService,Hechos y relaciones vigentes; conservar estados y referencias,Restricción declarada; coherencia de contexto requiere Service
tarea,entrega_tarea,cod_tar,cod_tar,1:0..N,False,RESTRICT,CASCADE,database/migrations/aula_virtual/2026_05_17_083829_create_entrega_tarea_table.php,HISTORICA_DECLARADA,EntregaService,Hechos y relaciones vigentes; conservar estados y referencias,Restricción declarada; coherencia de contexto requiere Service
estudiante,entrega_tarea,cod_est,cod_est,1:0..N,False,RESTRICT,CASCADE,database/migrations/aula_virtual/2026_05_17_083829_create_entrega_tarea_table.php,HISTORICA_DECLARADA,EntregaService,Hechos y relaciones vigentes; conservar estados y referencias,Restricción declarada; coherencia de contexto requiere Service
entrega_tarea,entrega_archivo,cod_ent,cod_ent,1:0..N,False,RESTRICT,CASCADE,database/migrations/aula_virtual/2026_05_17_083830_create_entrega_archivo_table.php,HISTORICA_DECLARADA,EntregaService,Hechos y relaciones vigentes; conservar estados y referencias,Restricción declarada; coherencia de contexto requiere Service
entrega_tarea,calificacion_tarea,cod_ent,cod_ent,1:0..1 (UNIQUE FK),False,RESTRICT,CASCADE,database/migrations/aula_virtual/2026_05_17_083831_create_calificacion_tarea_table.php,HISTORICA_DECLARADA,EntregaService.calificar,Historial oficial; preservar contexto/rectificación,Restricción declarada; coherencia de contexto requiere Service
tarea,calificacion_tarea,cod_tar,cod_tar,1:0..N,False,RESTRICT,CASCADE,database/migrations/aula_virtual/2026_05_17_083831_create_calificacion_tarea_table.php,HISTORICA_DECLARADA,EntregaService.calificar,Historial oficial; preservar contexto/rectificación,Restricción declarada; coherencia de contexto requiere Service
estudiante,calificacion_tarea,cod_est,cod_est,1:0..N,False,RESTRICT,CASCADE,database/migrations/aula_virtual/2026_05_17_083831_create_calificacion_tarea_table.php,HISTORICA_DECLARADA,EntregaService.calificar,Historial oficial; preservar contexto/rectificación,Restricción declarada; coherencia de contexto requiere Service
docente,calificacion_tarea,cod_doc,cod_doc,1:0..N,False,RESTRICT,CASCADE,database/migrations/aula_virtual/2026_05_17_083831_create_calificacion_tarea_table.php,HISTORICA_DECLARADA,EntregaService.calificar,Historial oficial; preservar contexto/rectificación,Restricción declarada; coherencia de contexto requiere Service
clase_virtual,asistencia_clase,cod_cla,cod_cla,1:0..N,False,RESTRICT,CASCADE,database/migrations/aula_virtual/2026_05_17_083833_create_asistencia_clase_table.php,HISTORICA_DECLARADA,AsistenciaService,Historial oficial; preservar contexto/rectificación,Restricción declarada; coherencia de contexto requiere Service
docente,asistencia_clase,cod_doc,cod_doc,1:0..N,False,RESTRICT,CASCADE,database/migrations/aula_virtual/2026_05_17_083833_create_asistencia_clase_table.php,HISTORICA_DECLARADA,AsistenciaService,Historial oficial; preservar contexto/rectificación,Restricción declarada; coherencia de contexto requiere Service
horario_bloque,asistencia_clase,cod_hbl,cod_hbl,1:0..N,True,SET NULL,CASCADE,database/migrations/aula_virtual/2026_05_17_083833_create_asistencia_clase_table.php,HISTORICA_DECLARADA,AsistenciaService,Historial oficial; preservar contexto/rectificación,SET NULL pierde enlace histórico
users,asistencia_clase,cod_usu_reg,cod_usu,1:0..N,False,RESTRICT,CASCADE,database/migrations/aula_virtual/2026_05_17_083833_create_asistencia_clase_table.php,HISTORICA_DECLARADA,AsistenciaService,Historial oficial; preservar contexto/rectificación,Restricción declarada; coherencia de contexto requiere Service
asistencia_clase,asistencia_estudiante,cod_asi_cla,cod_asi_cla,1:0..N,False,RESTRICT,CASCADE,database/migrations/aula_virtual/2026_05_17_083834_create_asistencia_estudiante_table.php,HISTORICA_DECLARADA,AsistenciaService,Historial oficial; preservar contexto/rectificación,Restricción declarada; coherencia de contexto requiere Service
estudiante,asistencia_estudiante,cod_est,cod_est,1:0..N,False,RESTRICT,CASCADE,database/migrations/aula_virtual/2026_05_17_083834_create_asistencia_estudiante_table.php,HISTORICA_DECLARADA,AsistenciaService,Historial oficial; preservar contexto/rectificación,Restricción declarada; coherencia de contexto requiere Service
estado_asistencia,asistencia_estudiante,cod_est_asi,cod_est_asi,1:0..N,False,RESTRICT,CASCADE,database/migrations/aula_virtual/2026_05_17_083834_create_asistencia_estudiante_table.php,HISTORICA_DECLARADA,AsistenciaService,Historial oficial; preservar contexto/rectificación,Restricción declarada; coherencia de contexto requiere Service
users,asistencia_estudiante,cod_usu_reg,cod_usu,1:0..N,False,RESTRICT,CASCADE,database/migrations/aula_virtual/2026_05_17_083834_create_asistencia_estudiante_table.php,HISTORICA_DECLARADA,AsistenciaService,Historial oficial; preservar contexto/rectificación,Restricción declarada; coherencia de contexto requiere Service
clase_virtual,actividad_clase,cod_cla,cod_cla,1:0..N,False,RESTRICT,CASCADE,database/migrations/aula_virtual/2026_05_17_083835_create_actividad_clase_table.php,HISTORICA_DECLARADA,Relaciones de modelos y lectores de actividad; productor actual no generalizado,Hechos y relaciones vigentes; conservar estados y referencias,Restricción declarada; coherencia de contexto requiere Service
estudiante,actividad_clase,cod_est,cod_est,1:0..N,True,SET NULL,CASCADE,database/migrations/aula_virtual/2026_05_17_083835_create_actividad_clase_table.php,HISTORICA_DECLARADA,Relaciones de modelos y lectores de actividad; productor actual no generalizado,Hechos y relaciones vigentes; conservar estados y referencias,SET NULL pierde enlace histórico
users,actividad_clase,cod_usu,cod_usu,1:0..N,False,RESTRICT,CASCADE,database/migrations/aula_virtual/2026_05_17_083835_create_actividad_clase_table.php,HISTORICA_DECLARADA,Relaciones de modelos y lectores de actividad; productor actual no generalizado,Hechos y relaciones vigentes; conservar estados y referencias,Restricción declarada; coherencia de contexto requiere Service
inscripcion_estudiante,documento_inscripcion_estudiante,cod_ins,cod_ins,1:0..N,False,RESTRICT,CASCADE,database/migrations/2026_05_19_001028_create_documento_inscripcion_estudiante_table.php,HISTORICA_DECLARADA,Gestión Inscripciones y descarga autorizada,Historial oficial; preservar contexto/rectificación,Restricción declarada; coherencia de contexto requiere Service
gestion_academica,respaldo_gestion_academica,cod_gea,cod_gea,1:0..N,False,RESTRICT,CASCADE,database/migrations/2026_05_24_051142_create_respaldo_gestion_academicas_table.php,HISTORICA_DECLARADA,Servicios Reportes y controllers existentes,Historial oficial; preservar contexto/rectificación,Restricción declarada; coherencia de contexto requiere Service
estudiante,orientacion_actividades,cod_est,cod_est,1:0..N,False,RESTRICT,CASCADE,database/migrations/2026_06_20_130000_create_aula_virtual_orientacion_tables.php,HISTORICA_DECLARADA,OrientacionService,Historial oficial; preservar contexto/rectificación,Restricción declarada; coherencia de contexto requiere Service
gestion_academica,orientacion_actividades,cod_gea,cod_gea,1:0..N,True,SET NULL,CASCADE,database/migrations/2026_06_20_130000_create_aula_virtual_orientacion_tables.php,HISTORICA_DECLARADA,OrientacionService,Historial oficial; preservar contexto/rectificación,SET NULL pierde enlace histórico
users,orientacion_actividades,revisado_por,cod_usu,1:0..N,True,SET NULL,CASCADE,database/migrations/2026_06_20_130000_create_aula_virtual_orientacion_tables.php,HISTORICA_DECLARADA,OrientacionService,Historial oficial; preservar contexto/rectificación,SET NULL pierde enlace histórico
orientacion_actividades,orientacion_respuestas,orientacion_actividad_id,id,1:0..N,False,CASCADE,NO ACTION,database/migrations/2026_06_20_130000_create_aula_virtual_orientacion_tables.php,HISTORICA_DECLARADA,OrientacionService,Historial oficial; preservar contexto/rectificación,CASCADE puede perder histórico; revisar
orientacion_preguntas,orientacion_respuestas,orientacion_pregunta_id,id,1:0..N,False,RESTRICT,NO ACTION,database/migrations/2026_06_20_130000_create_aula_virtual_orientacion_tables.php,HISTORICA_DECLARADA,OrientacionService,Historial oficial; preservar contexto/rectificación,Restricción declarada; coherencia de contexto requiere Service
estudiante,orientacion_respuestas,cod_est,cod_est,1:0..N,False,RESTRICT,CASCADE,database/migrations/2026_06_20_130000_create_aula_virtual_orientacion_tables.php,HISTORICA_DECLARADA,OrientacionService,Historial oficial; preservar contexto/rectificación,Restricción declarada; coherencia de contexto requiere Service
orientacion_actividades,orientacion_resultados,orientacion_actividad_id,id,1:0..1 (UNIQUE FK),False,CASCADE,NO ACTION,database/migrations/2026_06_20_130000_create_aula_virtual_orientacion_tables.php,HISTORICA_DECLARADA,OrientacionService,Historial oficial; preservar contexto/rectificación,CASCADE puede perder histórico; revisar
estudiante,orientacion_resultados,cod_est,cod_est,1:0..N,False,RESTRICT,CASCADE,database/migrations/2026_06_20_130000_create_aula_virtual_orientacion_tables.php,HISTORICA_DECLARADA,OrientacionService,Historial oficial; preservar contexto/rectificación,Restricción declarada; coherencia de contexto requiere Service
orientacion_resultados,orientacion_carreras_sugeridas,orientacion_resultado_id,id,1:0..N,False,CASCADE,NO ACTION,database/migrations/2026_06_20_130000_create_aula_virtual_orientacion_tables.php,HISTORICA_DECLARADA,OrientacionService lectura; productor especializado pendiente,Historial oficial; preservar contexto/rectificación,CASCADE puede perder histórico; revisar
regente,regente_asignaciones,cod_reg,cod_reg,1:0..N,False,RESTRICT,NO ACTION,database/migrations/2026_09_28_000001_add_reestructuracion_academic_context.php,HISTORICA_DECLARADA,Administración de alcances; RegencyAccessService lectura,Hechos y relaciones vigentes; conservar estados y referencias,Restricción declarada; coherencia de contexto requiere Service
gestion_academica,regente_asignaciones,cod_gea,cod_gea,1:0..N,False,RESTRICT,NO ACTION,database/migrations/2026_09_28_000001_add_reestructuracion_academic_context.php,HISTORICA_DECLARADA,Administración de alcances; RegencyAccessService lectura,Hechos y relaciones vigentes; conservar estados y referencias,Restricción declarada; coherencia de contexto requiere Service
curso,regente_asignaciones,cod_cur,cod_cur,1:0..N,False,RESTRICT,NO ACTION,database/migrations/2026_09_28_000001_add_reestructuracion_academic_context.php,HISTORICA_DECLARADA,Administración de alcances; RegencyAccessService lectura,Hechos y relaciones vigentes; conservar estados y referencias,Restricción declarada; coherencia de contexto requiere Service
users,role_requests,requested_by,cod_usu,1:0..N,False,NO ACTION,NO ACTION,database/migrations/2026_09_28_000001_create_role_requests_table.php,HISTORICA_DECLARADA,RoleRequestService; RolePermissionService crea Role,Historial oficial; preservar contexto/rectificación,Restricción declarada; coherencia de contexto requiere Service
users,role_requests,reviewed_by,cod_usu,1:0..N,True,NO ACTION,NO ACTION,database/migrations/2026_09_28_000001_create_role_requests_table.php,HISTORICA_DECLARADA,RoleRequestService; RolePermissionService crea Role,Historial oficial; preservar contexto/rectificación,Restricción declarada; coherencia de contexto requiere Service
director,role_requests,director_id,cod_dir,1:0..N,False,NO ACTION,NO ACTION,database/migrations/2026_09_28_000001_create_role_requests_table.php,HISTORICA_DECLARADA,RoleRequestService; RolePermissionService crea Role,Historial oficial; preservar contexto/rectificación,Restricción declarada; coherencia de contexto requiere Service
estudiante,seguimiento_academico,cod_est,cod_est,1:0..N,False,RESTRICT,CASCADE,database/migrations/2026_09_30_100001_prepare_kardex_seguimiento_structure.php,PROPUESTA_NO_EJECUTADA,ScopedKardexRepository lectura futura; KardexService escritura pendiente,Historial oficial; preservar contexto/rectificación,Restricción declarada; coherencia de contexto requiere Service
plan_asignatura,seguimiento_academico,"cod_pas,cod_gea,cod_cur","cod_pas,cod_gea,cod_cur",1:0..N,False,RESTRICT,CASCADE,database/migrations/2026_09_30_100001_prepare_kardex_seguimiento_structure.php,PROPUESTA_NO_EJECUTADA,ScopedKardexRepository lectura futura; KardexService escritura pendiente,Historial oficial; preservar contexto/rectificación,Restricción declarada; coherencia de contexto requiere Service
users,seguimiento_academico,cod_usu_aut,cod_usu,1:0..N,False,RESTRICT,CASCADE,database/migrations/2026_09_30_100001_prepare_kardex_seguimiento_structure.php,PROPUESTA_NO_EJECUTADA,ScopedKardexRepository lectura futura; KardexService escritura pendiente,Historial oficial; preservar contexto/rectificación,Restricción declarada; coherencia de contexto requiere Service
users,seguimiento_academico,cod_usu_res,cod_usu,1:0..N,False,RESTRICT,CASCADE,database/migrations/2026_09_30_100001_prepare_kardex_seguimiento_structure.php,PROPUESTA_NO_EJECUTADA,ScopedKardexRepository lectura futura; KardexService escritura pendiente,Historial oficial; preservar contexto/rectificación,Restricción declarada; coherencia de contexto requiere Service
kardex_tipos,seguimiento_academico,"tip_seg,version_catalogo","codigo,version",1:0..N,False,RESTRICT,RESTRICT,database/migrations/2026_09_30_100001_prepare_kardex_seguimiento_structure.php,PROPUESTA_NO_EJECUTADA,ScopedKardexRepository lectura futura; KardexService escritura pendiente,Historial oficial; preservar contexto/rectificación,Restricción declarada; coherencia de contexto requiere Service
kardex_niveles,seguimiento_academico,"niv_ape_seg,version_catalogo","codigo,version",1:0..N,False,RESTRICT,RESTRICT,database/migrations/2026_09_30_100001_prepare_kardex_seguimiento_structure.php,PROPUESTA_NO_EJECUTADA,ScopedKardexRepository lectura futura; KardexService escritura pendiente,Historial oficial; preservar contexto/rectificación,Restricción declarada; coherencia de contexto requiere Service
kardex_estados,seguimiento_academico,"est_seg,version_catalogo","codigo,version",1:0..N,False,RESTRICT,RESTRICT,database/migrations/2026_09_30_100001_prepare_kardex_seguimiento_structure.php,PROPUESTA_NO_EJECUTADA,ScopedKardexRepository lectura futura; KardexService escritura pendiente,Historial oficial; preservar contexto/rectificación,Restricción declarada; coherencia de contexto requiere Service
kardex_categorias,seguimiento_academico,"cod_categoria,version_catalogo","codigo,version",1:0..N,True,RESTRICT,RESTRICT,database/migrations/2026_09_30_100001_prepare_kardex_seguimiento_structure.php,PROPUESTA_NO_EJECUTADA,ScopedKardexRepository lectura futura; KardexService escritura pendiente,Historial oficial; preservar contexto/rectificación,Restricción declarada; coherencia de contexto requiere Service
kardex_medidas,seguimiento_academico,"cod_medida,version_catalogo","codigo,version",1:0..N,True,RESTRICT,RESTRICT,database/migrations/2026_09_30_100001_prepare_kardex_seguimiento_structure.php,PROPUESTA_NO_EJECUTADA,ScopedKardexRepository lectura futura; KardexService escritura pendiente,Historial oficial; preservar contexto/rectificación,Restricción declarada; coherencia de contexto requiere Service
seguimiento_academico,seguimiento_revisiones,cod_seg,cod_seg,1:0..N,False,RESTRICT,CASCADE,database/migrations/2026_09_30_100001_prepare_kardex_seguimiento_structure.php,PROPUESTA_NO_EJECUTADA,Futuro KardexService; escritura aún pendiente,Historial oficial; preservar contexto/rectificación,Restricción declarada; coherencia de contexto requiere Service
users,seguimiento_revisiones,cod_usu,cod_usu,1:0..N,False,RESTRICT,CASCADE,database/migrations/2026_09_30_100001_prepare_kardex_seguimiento_structure.php,PROPUESTA_NO_EJECUTADA,Futuro KardexService; escritura aún pendiente,Historial oficial; preservar contexto/rectificación,Restricción declarada; coherencia de contexto requiere Service
seguimiento_academico,seguimiento_evidencias,cod_seg,cod_seg,1:0..N,False,RESTRICT,CASCADE,database/migrations/2026_09_30_100001_prepare_kardex_seguimiento_structure.php,PROPUESTA_NO_EJECUTADA,Futuro KardexService; escritura aún pendiente,Historial oficial; preservar contexto/rectificación,Restricción declarada; coherencia de contexto requiere Service
users,seguimiento_evidencias,cod_usu,cod_usu,1:0..N,False,RESTRICT,CASCADE,database/migrations/2026_09_30_100001_prepare_kardex_seguimiento_structure.php,PROPUESTA_NO_EJECUTADA,Futuro KardexService; escritura aún pendiente,Historial oficial; preservar contexto/rectificación,Restricción declarada; coherencia de contexto requiere Service
clase_virtual,unidades_clase,cod_cla,cod_cla,1:0..N,False,RESTRICT,CASCADE,database/migrations/2026_09_30_100002_prepare_lms_units_structure.php,PROPUESTA_NO_EJECUTADA,UnitContentService lectura; edición futura,Hechos y relaciones vigentes; conservar estados y referencias,Restricción declarada; coherencia de contexto requiere Service
users,unidades_clase,created_by,cod_usu,1:0..N,False,RESTRICT,CASCADE,database/migrations/2026_09_30_100002_prepare_lms_units_structure.php,PROPUESTA_NO_EJECUTADA,UnitContentService lectura; edición futura,Hechos y relaciones vigentes; conservar estados y referencias,Restricción declarada; coherencia de contexto requiere Service
users,notifications,notifiable_id,cod_usu,1:0..N,False,RESTRICT,CASCADE,database/migrations/2026_09_30_100003_prepare_database_notifications.php,PROPUESTA_NO_EJECUTADA,NotificationService.mark; productores pendientes,Hechos y relaciones vigentes; conservar estados y referencias,Restricción declarada; coherencia de contexto requiere Service
estudiante,metas_academicas,cod_est,cod_est,1:0..N,False,RESTRICT,CASCADE,database/migrations/2026_09_30_100004_prepare_student_academic_goals.php,PROPUESTA_NO_EJECUTADA,AcademicGoalService,Historial oficial; preservar contexto/rectificación,Restricción declarada; coherencia de contexto requiere Service
gestion_academica,metas_academicas,cod_gea,cod_gea,1:0..N,True,RESTRICT,CASCADE,database/migrations/2026_09_30_100004_prepare_student_academic_goals.php,PROPUESTA_NO_EJECUTADA,AcademicGoalService,Historial oficial; preservar contexto/rectificación,Restricción declarada; coherencia de contexto requiere Service
users,metas_academicas,created_by,cod_usu,1:0..N,False,RESTRICT,CASCADE,database/migrations/2026_09_30_100004_prepare_student_academic_goals.php,PROPUESTA_NO_EJECUTADA,AcademicGoalService,Historial oficial; preservar contexto/rectificación,Restricción declarada; coherencia de contexto requiere Service
metas_academicas,meta_academica_revisiones,meta_id,id,1:0..N,False,RESTRICT,CASCADE,database/migrations/2026_09_30_100004_prepare_student_academic_goals.php,PROPUESTA_NO_EJECUTADA,AcademicGoalService,Historial oficial; preservar contexto/rectificación,Restricción declarada; coherencia de contexto requiere Service
users,meta_academica_revisiones,cod_usu,cod_usu,1:0..N,False,RESTRICT,CASCADE,database/migrations/2026_09_30_100004_prepare_student_academic_goals.php,PROPUESTA_NO_EJECUTADA,AcademicGoalService,Historial oficial; preservar contexto/rectificación,Restricción declarada; coherencia de contexto requiere Service
turno,calendario_evento,cod_tur,cod_tur,1:0..N,True,RESTRICT,CASCADE,database/migrations/2026_09_30_100005_prepare_institutional_calendar.php,PROPUESTA_NO_EJECUTADA,CalendarService lectura; escritor institucional pendiente,Historial oficial; preservar contexto/rectificación,Restricción declarada; coherencia de contexto requiere Service
curso,calendario_evento,cod_cur,cod_cur,1:0..N,True,RESTRICT,CASCADE,database/migrations/2026_09_30_100005_prepare_institutional_calendar.php,PROPUESTA_NO_EJECUTADA,CalendarService lectura; escritor institucional pendiente,Historial oficial; preservar contexto/rectificación,Restricción declarada; coherencia de contexto requiere Service
paralelo,calendario_evento,cod_par,cod_par,1:0..N,True,RESTRICT,CASCADE,database/migrations/2026_09_30_100005_prepare_institutional_calendar.php,PROPUESTA_NO_EJECUTADA,CalendarService lectura; escritor institucional pendiente,Historial oficial; preservar contexto/rectificación,Restricción declarada; coherencia de contexto requiere Service
gestion_academica,calendario_evento,cod_gea,cod_gea,1:0..N,False,RESTRICT,CASCADE,database/migrations/2026_09_30_100005_prepare_institutional_calendar.php,PROPUESTA_NO_EJECUTADA,CalendarService lectura; escritor institucional pendiente,Historial oficial; preservar contexto/rectificación,Restricción declarada; coherencia de contexto requiere Service
users,calendario_evento,created_by,cod_usu,1:0..N,False,RESTRICT,CASCADE,database/migrations/2026_09_30_100005_prepare_institutional_calendar.php,PROPUESTA_NO_EJECUTADA,CalendarService lectura; escritor institucional pendiente,Historial oficial; preservar contexto/rectificación,Restricción declarada; coherencia de contexto requiere Service
calendario_evento,calendario_evento,cod_cae_ori,cod_cae,1:0..N,True,RESTRICT,CASCADE,database/migrations/2026_09_30_100005_prepare_institutional_calendar.php,PROPUESTA_NO_EJECUTADA,CalendarService lectura; escritor institucional pendiente,Historial oficial; preservar contexto/rectificación,Restricción declarada; coherencia de contexto requiere Service
calendario_evento,calendario_evento_revisiones,cod_cae,cod_cae,1:0..N,False,RESTRICT,CASCADE,database/migrations/2026_09_30_100005_prepare_institutional_calendar.php,PROPUESTA_NO_EJECUTADA,CalendarService lectura; escritor institucional pendiente,Historial oficial; preservar contexto/rectificación,Restricción declarada; coherencia de contexto requiere Service
users,calendario_evento_revisiones,cod_usu,cod_usu,1:0..N,False,RESTRICT,CASCADE,database/migrations/2026_09_30_100005_prepare_institutional_calendar.php,PROPUESTA_NO_EJECUTADA,CalendarService lectura; escritor institucional pendiente,Historial oficial; preservar contexto/rectificación,Restricción declarada; coherencia de contexto requiere Service
