ID,SEVERITY,PROBLEM,EVIDENCE,RECOMMENDATION
DB-001,CRITICAL,Migration histórica borra entregas y dependencias,database/migrations/2026_06_20_144115_add_unique_constraint_to_entrega_tarea_table.php,"Prohibir replay/importación ciega; exportar duplicados íntegros y aprobar conciliación sin borrado. Usa alias global DB sin import explícito: verificar resolución en bootstrap autorizado, no error runtime confirmado. down no recupera filas."
DB-002,HIGH,Cascadas de identidad y nota oficial amenazan histórico,persona -> users/personal/estudiante; calificacion.cod_est,Estados en dominio y FK restrictivas futuras; ninguna cascada corregida ahora.
DB-003,HIGH,Morph Sanctum bigint incompatible con cod_usu textual,personal_access_tokens.tokenable_id; vendor Schema Builder/Blueprint,Alter conservador después de perfilado y contrato de morph; no migrar User a bigint.
DB-004,HIGH,CI UNIQUE solo número contradice posible CI/complemento,persona.ci_per/com_per; PersonaInteligente.buscarCoincidencias,Resolver regla institucional y normalización; no quitar UNIQUE ni crear compuesto sin perfilado.
DB-005,HIGH,Generación secuencial por último código no serializa escritores,Models Persona/Docente/planes/Bitacora::creating,Conservar PK; usar generador único/transacción o ID aleatorio compatible; probar carrera en PG aislado.
DB-006,HIGH,hasOne de perfiles no garantizado por UNIQUE,personal_institucional.cod_per; docente/director/secretaria/regente/administrador.cod_pin,Decidir vínculo temporal frente a perfil único; reconciliar duplicates sin borrarlos.
DB-007,HIGH,Checks NOT VALID no equivalen a conservación sin efectos,MIG-006 y GradeService/EntregaService/OrientacionService,Separar restricciones; perfilar rangos y actualizaciones históricas antes de autorizar.
DB-008,HIGH,Orientación sin edición/instrumento/algoritmo reproducibles,orientacion_preguntas/respuestas/resultados; OrientacionService.finalizar,Versionar instrumento y algoritmo; congelar preguntas de intento finalizado; no convertir Likert 1..5 en RIASEC.
DB-009,HIGH,Reporte legado fabrica compatibilidad y perfiles a partir de notas,DatosReporteVocacionalService.calcularCompatibilidad / riasecPorEspecialidad,No persistir ni publicar como medición; reemplazo funcional mediante contrato especializado aprobado y evidencia válida.
DB-010,HIGH,Writers directos de auditoría eluden BitacoraService,TurnoInteligente:2249; GestionCurso:3648; GestionAcademica:1722; GestionTurnos:2317; GestionInscripciones:2762,Unificar cinco writers legacy con BitacoraService y redactar PII; nunca agregar segunda bitácora.
DB-011,HIGH,Kardex todavía obliga plan/fecha sin hora para todo hecho,MIG-001; ScopedKardexRepository,"Definir contexto de incidente general, evento vs captura, versión coherente, permisos y revisiones append-only."
DB-012,MEDIUM,Estado global del período no expresa calendario anual,periodo_evaluacion; GradeService,"Extensión anual condicionada a contrato, sin inventar fechas ni reescribir notas históricas."
DB-013,MEDIUM,Asistencia UNIQUE con bloque nullable y estado,asistencia_clase uq_asistencia_clase_bloque_estado; AsistenciaService.firstOrCreate,"Diseñar identidad de sesión estable y política NULL; el lock de clase ayuda, no sustituye integridad fuera del Service."
DB-014,MEDIUM,Campos de contexto redundantes carecen de garantía cruzada,calificacion.cod_asi/cod_pas; calificacion_tarea; orientacion_respuestas.cod_est,"Mantener compatibilidad; comprobar coincidencia en Service, considerar FK compuestas solo después de reconciliación."
DB-015,MEDIUM,Capacidad referencial y consultas de tablas/columnas no declaradas,InscripcionAcademica capacidadParalelo/cap_esp_tec; GestionAcademicaInteligente reporte/calificacion_estudiante,"Capacidad es configuración anual, no dato derivable; no crear tabla reporte para satisfacer fallback; corregir JOIN a cod_pas y alias."
DB-016,MEDIUM,ProgresoCurso mezcla entregas de distintos estudiantes,ProgresoCursoService.porcentaje,Definir métrica por estudiante y total de tareas elegibles; no persistir valor agregado defectuoso.
DB-017,MEDIUM,Exportación SQL parcial no es respaldo restaurable,GeneradorSqlAcademicoService.tablas/generar,"Faltan catálogos/planes y orden FK completo, DDL/consistencia; separar exportación de backup validado sin importar el archivo."
DB-018,MEDIUM,Factories y suite SQLite no certifican schema PostgreSQL,UserFactory.name/Team; phpunit.xml DB_CONNECTION sqlite force,"Plan separado para PG aislado, Persona/cod_usu requeridos; no cambiar guardas ahora."
DB-019,LOW,Índices aislados de baja selectividad y checks de rangos ausentes,estado_asistencia flags/horarios/estados,Priorizar planes reales y compuestos; no agregar o retirar índices automáticamente.
DB-020,LOW,Fotos y campos framework sin contrato de precedencia,persona.fot_per; users.avatar/profile_photo_path/current_team_id,"Mantener; current_team_id candidato de retiro de columna, no tabla ni pérdida de fotos."
