SUPPORT,FILE,QUERY_BD_DIRECT,QUERY_SITES_COUNT,QUERY_SITES,TABLES,TABLES_FROM_CALLER_OR_INPUT,COLUMNS_REFERENCED,WINDOWS,CURRENT_WRITER,TARGET,INDEX_NEEDS,REGRESSION
AsignaturaInteligente,app/Support/Academico/AsignaturaInteligente.php,False,0,,,asignatura,,V009,Sin writer DB directo identificado; llamadas de helper no prueban escritura,Prevención local; escritor con autorización en Service,Ver Q-001..Q-008 e IDX-001..IDX-010; comprobar planes futuros,0 archivos Support cambiados; tests no repetidos en fase documental
CursoInteligente,app/Support/Academico/CursoInteligente.php,False,0,,,curso,,V008,Sin writer DB directo identificado; llamadas de helper no prueban escritura,Prevención local; escritor con autorización en Service,Ver Q-001..Q-008 e IDX-001..IDX-010; comprobar planes futuros,0 archivos Support cambiados; tests no repetidos en fase documental
EspecialidadTecnicaInteligente,app/Support/Academico/EspecialidadTecnicaInteligente.php,True,1,app/Support/Academico/EspecialidadTecnicaInteligente.php:14,especialidad_tecnica,,especialidad_tecnica.des_esp; especialidad_tecnica.est_esp; especialidad_tecnica.nom_esp,V013,Sin writer DB directo identificado; llamadas de helper no prueban escritura,Prevención local; escritor con autorización en Service,Ver Q-001..Q-008 e IDX-001..IDX-010; comprobar planes futuros,0 archivos Support cambiados; tests no repetidos en fase documental
GestionAcademicaInteligente,app/Support/Academico/GestionAcademicaInteligente.php,True,23,app/Support/Academico/GestionAcademicaInteligente.php:1022; app/Support/Academico/GestionAcademicaInteligente.php:1030; app/Support/Academico/GestionAcademicaInteligente.php:1041; app/Support/Academico/GestionAcademicaInteligente.php:1053; app/Support/Academico/GestionAcademicaInteligente.php:1076; app/Support/Academico/GestionAcademicaInteligente.php:1086; app/Support/Academico/GestionAcademicaInteligente.php:1089; app/Support/Academico/GestionAcademicaInteligente.php:1100; app/Support/Academico/GestionAcademicaInteligente.php:1115; app/Support/Academico/GestionAcademicaInteligente.php:1134; app/Support/Academico/GestionAcademicaInteligente.php:1155; app/Support/Academico/GestionAcademicaInteligente.php:1180; app/Support/Academico/GestionAcademicaInteligente.php:1197; app/Support/Academico/GestionAcademicaInteligente.php:1234; app/Support/Academico/GestionAcademicaInteligente.php:1255; app/Support/Academico/GestionAcademicaInteligente.php:1274; app/Support/Academico/GestionAcademicaInteligente.php:1292; app/Support/Academico/GestionAcademicaInteligente.php:1316; app/Support/Academico/GestionAcademicaInteligente.php:1338; app/Support/Academico/GestionAcademicaInteligente.php:594; app/Support/Academico/GestionAcademicaInteligente.php:628; app/Support/Academico/GestionAcademicaInteligente.php:640; app/Support/Academico/GestionAcademicaInteligente.php:653,asistencia_clase; clase_virtual; gestion_academica; horario; inscripcion_estudiante; plan_asignatura; plan_especialidad; reporte; respaldo_gestion_academica; tarea,,asistencia_clase.cod_cla; asistencia_clase.est_asi_cla; clase_virtual.cod_cla; clase_virtual.cod_pas; clase_virtual.est_cla; gestion_academica.ani_gea; gestion_academica.cod_gea; gestion_academica.est_gea; gestion_academica.ffi_gea; gestion_academica.fii_gea; horario.cod_gea; horario.est_hor; inscripcion_estudiante.cod_gea; inscripcion_estudiante.est_ins; plan_asignatura.cod_gea; plan_asignatura.cod_pas; plan_asignatura.est_pas; plan_asignatura.hor_pas; plan_especialidad.cod_gea; plan_especialidad.est_pes; plan_especialidad.hor_pes; respaldo_gestion_academica.cod_gea; respaldo_gestion_academica.cod_rga; respaldo_gestion_academica.est_rga; respaldo_gestion_academica.fec_rga; respaldo_gestion_academica.for_rga; respaldo_gestion_academica.obs_rga; respaldo_gestion_academica.tip_rga; tarea.cod_cla; tarea.est_tar,V007,Sin writer DB directo identificado; llamadas de helper no prueban escritura,Prevención local; escritor con autorización en Service,Ver Q-001..Q-008 e IDX-001..IDX-010; comprobar planes futuros,0 archivos Support cambiados; tests no repetidos en fase documental
InscripcionAcademica,app/Support/Academico/InscripcionAcademica.php,True,26,app/Support/Academico/InscripcionAcademica.php:171; app/Support/Academico/InscripcionAcademica.php:1726; app/Support/Academico/InscripcionAcademica.php:1735; app/Support/Academico/InscripcionAcademica.php:177; app/Support/Academico/InscripcionAcademica.php:1781; app/Support/Academico/InscripcionAcademica.php:1816; app/Support/Academico/InscripcionAcademica.php:1862; app/Support/Academico/InscripcionAcademica.php:1895; app/Support/Academico/InscripcionAcademica.php:231; app/Support/Academico/InscripcionAcademica.php:2347; app/Support/Academico/InscripcionAcademica.php:2380; app/Support/Academico/InscripcionAcademica.php:2399; app/Support/Academico/InscripcionAcademica.php:2421; app/Support/Academico/InscripcionAcademica.php:2441; app/Support/Academico/InscripcionAcademica.php:2463; app/Support/Academico/InscripcionAcademica.php:2483; app/Support/Academico/InscripcionAcademica.php:2502; app/Support/Academico/InscripcionAcademica.php:2534; app/Support/Academico/InscripcionAcademica.php:2783; app/Support/Academico/InscripcionAcademica.php:2804; app/Support/Academico/InscripcionAcademica.php:2817; app/Support/Academico/InscripcionAcademica.php:2833; app/Support/Academico/InscripcionAcademica.php:362; app/Support/Academico/InscripcionAcademica.php:379; app/Support/Academico/InscripcionAcademica.php:662; app/Support/Academico/InscripcionAcademica.php:775,curso; documento_inscripcion_estudiante; especialidad_tecnica; estudiante; gestion_academica; horario; inscripcion_estudiante; paralelo; turno,,curso.cod_cur; curso.created_at; curso.est_cur; curso.niv_cur; curso.nom_cur; curso.updated_at; documento_inscripcion_estudiante.cod_die; documento_inscripcion_estudiante.cod_ins; documento_inscripcion_estudiante.created_at; documento_inscripcion_estudiante.est_die; documento_inscripcion_estudiante.fec_lim_die; documento_inscripcion_estudiante.fec_pre_die; documento_inscripcion_estudiante.for_die; documento_inscripcion_estudiante.has_die; documento_inscripcion_estudiante.nom_die; documento_inscripcion_estudiante.obl_die; documento_inscripcion_estudiante.obs_die; documento_inscripcion_estudiante.rut_die; documento_inscripcion_estudiante.tam_die; documento_inscripcion_estudiante.tip_die; documento_inscripcion_estudiante.updated_at; especialidad_tecnica.cod_esp; especialidad_tecnica.created_at; especialidad_tecnica.est_esp; especialidad_tecnica.nom_esp; especialidad_tecnica.updated_at; estudiante.cod_esp; estudiante.cod_est; estudiante.cod_per; estudiante.created_at; estudiante.est_est; estudiante.rud_est; estudiante.updated_at; gestion_academica.ani_gea; gestion_academica.cod_gea; gestion_academica.created_at; gestion_academica.est_gea; gestion_academica.ffi_gea; gestion_academica.fii_gea; gestion_academica.updated_at; horario.cod_cur; horario.cod_gea; horario.cod_par; horario.cod_pho; horario.created_at; horario.updated_at; inscripcion_estudiante.cod_cur; inscripcion_estudiante.cod_esp_tec; inscripcion_estudiante.cod_est; inscripcion_estudiante.cod_gea; inscripcion_estudiante.cod_ins; inscripcion_estudiante.cod_par; inscripcion_estudiante.cod_tur; inscripcion_estudiante.con_ins; inscripcion_estudiante.created_at; inscripcion_estudiante.doc_com_ins; inscripcion_estudiante.est_esp_tec_ins; inscripcion_estudiante.est_ins; inscripcion_estudiante.fec_anu_ins; inscripcion_estudiante.fec_con_ins; inscripcion_estudiante.fec_ret_ins; inscripcion_estudiante.fec_sie_ins; inscripcion_estudiante.fei_ins; inscripcion_estudiante.mot_anu_ins; inscripcion_estudiante.mot_obs_ins; inscripcion_estudiante.mot_ret_ins; inscripcion_estudiante.obs_esp_tec_ins; inscripcion_estudiante.obs_ins; inscripcion_estudiante.pro_ins; inscripcion_estudiante.sie_ins; inscripcion_estudiante.sob_aut_ins; inscripcion_estudiante.tip_ins; inscripcion_estudiante.updated_at; paralelo.cod_par; paralelo.created_at; paralelo.est_par; paralelo.nom_par; paralelo.updated_at; turno.cod_tur; turno.created_at; turno.est_tur; turno.hor_fin_tur; turno.hor_ini_tur; turno.nom_tur; turno.updated_at,V012; V047,Sin writer DB directo identificado; llamadas de helper no prueban escritura,Prevención local; escritor con autorización en Service,Ver Q-001..Q-008 e IDX-001..IDX-010; comprobar planes futuros,0 archivos Support cambiados; tests no repetidos en fase documental
KardexInteligente,app/Support/Academico/KardexInteligente.php,False,0,,,seguimiento_academico,,V082; V083,Sin writer DB directo identificado; llamadas de helper no prueban escritura,Prevención local; escritor con autorización en Service,Ver Q-001..Q-008 e IDX-001..IDX-010; comprobar planes futuros,0 archivos Support cambiados; tests no repetidos en fase documental
ParaleloInteligente,app/Support/Academico/ParaleloInteligente.php,False,0,,,paralelo,,V010; V052,Sin writer DB directo identificado; llamadas de helper no prueban escritura,Prevención local; escritor con autorización en Service,Ver Q-001..Q-008 e IDX-001..IDX-010; comprobar planes futuros,0 archivos Support cambiados; tests no repetidos en fase documental
PeriodoEvaluacionInteligente,app/Support/Academico/PeriodoEvaluacionInteligente.php,True,2,app/Support/Academico/PeriodoEvaluacionInteligente.php:14; app/Support/Academico/PeriodoEvaluacionInteligente.php:15,periodo_evaluacion,,periodo_evaluacion.cod_pev; periodo_evaluacion.est_pev; periodo_evaluacion.nom_pev; periodo_evaluacion.ord_pev,V015,Sin writer DB directo identificado; llamadas de helper no prueban escritura,Prevención local; escritor con autorización en Service,Ver Q-001..Q-008 e IDX-001..IDX-010; comprobar planes futuros,0 archivos Support cambiados; tests no repetidos en fase documental
PlanAsignaturaInteligente,app/Support/Academico/PlanAsignaturaInteligente.php,True,1,app/Support/Academico/PlanAsignaturaInteligente.php:17,plan_asignatura,,plan_asignatura.cod_asi; plan_asignatura.cod_cur; plan_asignatura.cod_doc; plan_asignatura.cod_gea; plan_asignatura.cod_par; plan_asignatura.cod_pas; plan_asignatura.cod_tur; plan_asignatura.est_pas; plan_asignatura.hor_pas,V014,Sin writer DB directo identificado; llamadas de helper no prueban escritura,Prevención local; escritor con autorización en Service,Ver Q-001..Q-008 e IDX-001..IDX-010; comprobar planes futuros,0 archivos Support cambiados; tests no repetidos en fase documental
TurnoInteligente,app/Support/Academico/TurnoInteligente.php,True,34,app/Support/Academico/TurnoInteligente.php:1250; app/Support/Academico/TurnoInteligente.php:1361; app/Support/Academico/TurnoInteligente.php:1454; app/Support/Academico/TurnoInteligente.php:1596; app/Support/Academico/TurnoInteligente.php:1613; app/Support/Academico/TurnoInteligente.php:1624; app/Support/Academico/TurnoInteligente.php:1635; app/Support/Academico/TurnoInteligente.php:1646; app/Support/Academico/TurnoInteligente.php:1660; app/Support/Academico/TurnoInteligente.php:1674; app/Support/Academico/TurnoInteligente.php:1688; app/Support/Academico/TurnoInteligente.php:1703; app/Support/Academico/TurnoInteligente.php:1717; app/Support/Academico/TurnoInteligente.php:1738; app/Support/Academico/TurnoInteligente.php:1750; app/Support/Academico/TurnoInteligente.php:1764; app/Support/Academico/TurnoInteligente.php:1778; app/Support/Academico/TurnoInteligente.php:1796; app/Support/Academico/TurnoInteligente.php:1803; app/Support/Academico/TurnoInteligente.php:1811; app/Support/Academico/TurnoInteligente.php:1826; app/Support/Academico/TurnoInteligente.php:1837; app/Support/Academico/TurnoInteligente.php:1848; app/Support/Academico/TurnoInteligente.php:1857; app/Support/Academico/TurnoInteligente.php:2189; app/Support/Academico/TurnoInteligente.php:2201; app/Support/Academico/TurnoInteligente.php:2249; app/Support/Academico/TurnoInteligente.php:2677; app/Support/Academico/TurnoInteligente.php:2679; app/Support/Academico/TurnoInteligente.php:346; app/Support/Academico/TurnoInteligente.php:351; app/Support/Academico/TurnoInteligente.php:362; app/Support/Academico/TurnoInteligente.php:915; app/Support/Academico/TurnoInteligente.php:924,bitacora; gestion_academica; horario; horario_bloque; horario_detalle; plantilla_horaria; turno,,bitacora.acc_bit; bitacora.cod_bit; bitacora.cod_usu; bitacora.fec_bit; bitacora.reg_bit; bitacora.tab_bit; gestion_academica.ani_gea; gestion_academica.created_at; gestion_academica.est_gea; gestion_academica.ffi_gea; gestion_academica.fii_gea; gestion_academica.updated_at; horario.cod_pho; horario.created_at; horario.updated_at; horario_bloque.cod_hbl; horario_bloque.cod_pho; horario_bloque.created_at; horario_bloque.est_hbl; horario_bloque.hor_fin_hbl; horario_bloque.hor_ini_hbl; horario_bloque.nom_hbl; horario_bloque.num_hbl; horario_bloque.obs_hbl; horario_bloque.tip_hbl; horario_bloque.updated_at; horario_detalle.cod_hbl; horario_detalle.created_at; horario_detalle.updated_at; plantilla_horaria.act_pho; plantilla_horaria.cod_pho; plantilla_horaria.cod_tur; plantilla_horaria.created_at; plantilla_horaria.des_pho; plantilla_horaria.dur_blo_pho; plantilla_horaria.est_pho; plantilla_horaria.fec_fin_pho; plantilla_horaria.fec_ini_pho; plantilla_horaria.nom_pho; plantilla_horaria.ord_pho; plantilla_horaria.tip_pho; plantilla_horaria.updated_at; turno.cod_tur; turno.created_at; turno.est_tur; turno.hor_fin_tur; turno.hor_ini_tur; turno.nom_tur; turno.updated_at,V011,SÍ: TurnoInteligente escribe plantilla/bloque/bitácora,Prevención local; escritor con autorización en Service,Ver Q-001..Q-008 e IDX-001..IDX-010; comprobar planes futuros,0 archivos Support cambiados; tests no repetidos en fase documental
CatalogoInteligenteBase,app/Support/CatalogoInteligenteBase.php,False,0,,,,,,Sin writer DB directo identificado; llamadas de helper no prueban escritura,Prevención local; escritor con autorización en Service,Ver Q-001..Q-008 e IDX-001..IDX-010; comprobar planes futuros,0 archivos Support cambiados; tests no repetidos en fase documental
DocenteInteligente,app/Support/Comunidad/DocenteInteligente.php,False,0,,,docente,,V006,Sin writer DB directo identificado; llamadas de helper no prueban escritura,Prevención local; escritor con autorización en Service,Ver Q-001..Q-008 e IDX-001..IDX-010; comprobar planes futuros,0 archivos Support cambiados; tests no repetidos en fase documental
InstitucionProcedenciaInteligente,app/Support/Comunidad/InstitucionProcedenciaInteligente.php,True,1,app/Support/Comunidad/InstitucionProcedenciaInteligente.php:15,institucion_procedencia,,institucion_procedencia.ciu_ipe; institucion_procedencia.est_ipe; institucion_procedencia.nom_ipe; institucion_procedencia.tip_ipe,V049,Sin writer DB directo identificado; llamadas de helper no prueban escritura,Prevención local; escritor con autorización en Service,Ver Q-001..Q-008 e IDX-001..IDX-010; comprobar planes futuros,0 archivos Support cambiados; tests no repetidos en fase documental
TipoVinculacionEstudianteInteligente,app/Support/Comunidad/TipoVinculacionEstudianteInteligente.php,True,1,app/Support/Comunidad/TipoVinculacionEstudianteInteligente.php:14,tipo_vinculacion_estudiante,,tipo_vinculacion_estudiante.des_tve; tipo_vinculacion_estudiante.est_tve; tipo_vinculacion_estudiante.nom_tve,V050,Sin writer DB directo identificado; llamadas de helper no prueban escritura,Prevención local; escritor con autorización en Service,Ver Q-001..Q-008 e IDX-001..IDX-010; comprobar planes futuros,0 archivos Support cambiados; tests no repetidos en fase documental
CalificacionInteligente,app/Support/Evaluacion/CalificacionInteligente.php,True,1,app/Support/Evaluacion/CalificacionInteligente.php:13,calificacion,,calificacion.cod_asi; calificacion.cod_cal; calificacion.cod_est; calificacion.cod_pas; calificacion.cod_pev; calificacion.est_cal; calificacion.not_cal; calificacion.obs_cal,V017; V079,Sin writer DB directo identificado; llamadas de helper no prueban escritura,Prevención local; escritor con autorización en Service,Ver Q-001..Q-008 e IDX-001..IDX-010; comprobar planes futuros,0 archivos Support cambiados; tests no repetidos en fase documental
InstitutionalRoleGovernance,app/Support/InstitutionalRoleGovernance.php,False,0,,,permissions; role_requests; roles,,V003; V020,Sin writer DB directo identificado; llamadas de helper no prueban escritura,Prevención local; escritor con autorización en Service,Ver Q-001..Q-008 e IDX-001..IDX-010; comprobar planes futuros,0 archivos Support cambiados; tests no repetidos en fase documental
PermissionLabel,app/Support/PermissionLabel.php,False,0,,,permissions,,,Sin writer DB directo identificado; llamadas de helper no prueban escritura,Prevención local; escritor con autorización en Service,Ver Q-001..Q-008 e IDX-001..IDX-010; comprobar planes futuros,0 archivos Support cambiados; tests no repetidos en fase documental
PersonaInteligente,app/Support/Personas/PersonaInteligente.php,True,8,app/Support/Personas/PersonaInteligente.php:1016; app/Support/Personas/PersonaInteligente.php:429; app/Support/Personas/PersonaInteligente.php:444; app/Support/Personas/PersonaInteligente.php:457; app/Support/Personas/PersonaInteligente.php:522; app/Support/Personas/PersonaInteligente.php:555; app/Support/Personas/PersonaInteligente.php:678; app/Support/Personas/PersonaInteligente.php:993,estudiante; persona; users,,estudiante.cod_est; estudiante.cod_per; estudiante.est_est; estudiante.rud_est; persona.ape_mat_per; persona.ape_pat_per; persona.ci_per; persona.cod_per; persona.com_per; persona.dir_per; persona.ema_per; persona.est_per; persona.exp_per; persona.fec_nac_per; persona.fot_per; persona.gen_per; persona.nom_per; persona.tel_per; users.cod_per; users.cod_usu; users.email; users.est_usu,V002; V045,Sin writer DB directo identificado; llamadas de helper no prueban escritura,Prevención local; escritor con autorización en Service,Ver Q-001..Q-008 e IDX-001..IDX-010; comprobar planes futuros,0 archivos Support cambiados; tests no repetidos en fase documental
PrivateFilePath,app/Support/PrivateFilePath.php,False,0,,,,,V048,Sin writer DB directo identificado; llamadas de helper no prueban escritura,Prevención local; escritor con autorización en Service,Ver Q-001..Q-008 e IDX-001..IDX-010; comprobar planes futuros,0 archivos Support cambiados; tests no repetidos en fase documental
ReporteAcademicoInteligente,app/Support/Reportes/ReporteAcademicoInteligente.php,False,0,,,calificacion; inscripcion_estudiante; plan_asignatura,,V018,Sin writer DB directo identificado; llamadas de helper no prueban escritura,Prevención local; escritor con autorización en Service,Ver Q-001..Q-008 e IDX-001..IDX-010; comprobar planes futuros,0 archivos Support cambiados; tests no repetidos en fase documental
ReporteAdministrativoInteligente,app/Support/Reportes/ReporteAdministrativoInteligente.php,False,0,,,inscripcion_estudiante; persona; users,,V019,Sin writer DB directo identificado; llamadas de helper no prueban escritura,Prevención local; escritor con autorización en Service,Ver Q-001..Q-008 e IDX-001..IDX-010; comprobar planes futuros,0 archivos Support cambiados; tests no repetidos en fase documental
WorkspaceNavigation,app/Support/WorkspaceNavigation.php,False,0,,,permissions; roles,,,Sin writer DB directo identificado; llamadas de helper no prueban escritura,Prevención local; escritor con autorización en Service,Ver Q-001..Q-008 e IDX-001..IDX-010; comprobar planes futuros,0 archivos Support cambiados; tests no repetidos en fase documental
