"Paquete","Severidad","Directa","Via"
"axios","high","True","Axios has a NO_PROXY Hostname Normalization Bypass that Leads to SSRF / Axios: Authentication Bypass via Prototype Pollution Gadget in `validateStatus` Merge Strategy / Axios: Incomplete Fix for CVE-2025-62718 — NO_PROXY Protection Bypassed via RFC 1122 Loopback Subnet (127.0.0.0/8) in Axios 1.15.0 / Axios: Invisible JSON Response Tampering via Prototype Pollution Gadget in `parseReviver` / Axios: Null Byte Injection via Reverse-Encoding in AxiosURLSearchParams / Axios: CRLF Injection in multipart/form-data body via unsanitized blob.type in formDataToStream / Axios: no_proxy bypass via IP alias allows SSRF / Axios' HTTP adapter-streamed uploads bypass maxBodyLength when maxRedirects: 0 / Axios: HTTP adapter streamed responses bypass maxContentLength / Axios: Prototype Pollution Gadgets - Response Tampering, Data Exfiltration, and Request Hijacking / Axios: Header Injection via Prototype Pollution / Axios: XSRF Token Cross-Origin Leakage via Prototype Pollution Gadget in `withXSRFToken` Boolean Coercion / Axios has prototype pollution read-side gadgets in HTTP adapter that allow credential injection and request hijacking / Axios has Unrestricted Cloud Metadata Exfiltration via Header Injection Chain / Axios: unbounded recursion in toFormData causes DoS via deeply nested request data / Axios: Regular Expression Denial of Service (ReDoS) via Cookie Name Injection / Allocation of Resources Without Limits or Throttling in Axios / Axios: Proxy-Authorization Credential Leak to Origin Server Across HTTP-to-HTTPS Redirect in Axios Node.js HTTP Adapter / Axios: Proxy-Authorization header leaks to redirect target when proxy is re-evaluated to direct connection / axios Vulnerable to Credential Theft and Response Hijacking via Prototype Pollution Gadget in Config Merge / axios Vulnerable to Full Man-in-the-Middle via Prototype Pollution Gadget in `config.proxy` / axios has DoS & Header Injection via Prototype Pollution Read-Side Gadgets in axios merge functions / Axios: Prototype pollution gadgets can alter axios request construction / Axios: Deep formToJSON Key Recursion Can Cause Denial of Service / Axios: HTTP/2 streamed uploads bypass `maxBodyLength` / Axios: Nested axios option objects can consume polluted prototype values / Axios: Fetch adapter `ReadableStream` uploads bypass `maxBodyLength` / Axios: Excessive recursion in formDataToJSON can cause denial of service / Axios: Prototype pollution gadget in fetch adapter can alter outbound requests / Axios: Prototype-Pollution Gadget in the Default Instance Allows Inherited Object.prototype.method to Override HTTP Method / Axios: HTTP/2 adapter bypasses configured DNS lookup and proxy controls / Axios: Denial of Service via Unhandled 'error' Event in HTTP/2 ClientHttp2Session Initialization / Axios: Header Injection via Inherited headers After Minimal Interceptor / Axios: Fetch Adapter Header Injection via Inherited FormData getHeaders"
"baseline-browser-mapping","moderate","False","baseline-browser-mapping process termination on invalid input causes denial of service"
"browserslist","high","False","Browserslist: Unbounded memory growth (no cache eviction) via distinct query results, leading to eventual OOM / Browserslist: Uncaught crash / prototype write via untrusted browserslist-stats.json custom stats (normalizeStats)"
"concurrently","critical","True","shell-quote"
"follow-redirects","moderate","False","follow-redirects leaks Custom Authentication Headers to Cross-Domain Redirect Targets"
"form-data","high","False","form-data: CRLF injection in form-data via unescaped multipart field names and filenames"
"nanoid","high","False","nanoid: non-secure generators can loop indefinitely with negative size / nanoid: custom generators can loop indefinitely when size is zero / nanoid: Integer Overflow or Wraparound"
"postcss","high","True","PostCSS has XSS via Unescaped </style> in its CSS Stringify Output / PostCSS: Arbitrary file read and information disclosure via attacker-controlled sourceMappingURL in CSS comments / PostCSS: incomplete fix of GHSA-6g55-p6wh-862q — attacker-controlled sourceMappingURL reads arbitrary .map files when `from` is unset / PostCSS: Path Traversal in Previous Source Map Auto-Loading (sourceMappingURL) leads to Arbitrary .map File Disclosure"
"postcss-selector-parser","low","False","postcss-selector-parser allows denial of service through uncontrolled AST recursion"
"shell-quote","critical","False","shell-quote quote() does not escape newlines in object .op values / shell-quote: Quadratic-complexity Denial of Service in `parse()` (CWE-407)"
"vite","high","True","launch-editor: NTLMv2 hash disclosure via UNC path handling on Windows / vite: `server.fs.deny` bypass on Windows alternate paths"
