"Model","Tabla","Migration","Relaciones","CastsDeclarados","ScopeVerificado"
"app/Models/Asignatura.php","asignatura","database/migrations\2026_04_09_033046_create_asignatura_table.php","2","False","SOLO CÓDIGO; NO BD"
"app/Models/InstitucionProcedencia.php","institucion_procedencia","database/migrations\2026_04_09_033043_create_institucion_procedencia_table.php","1","False","SOLO CÓDIGO; NO BD"
"app/Models/Administrador.php","administrador","database/migrations\2026_04_26_183048_create_administrador_table.php","1","False","SOLO CÓDIGO; NO BD"
"app/Models/EspecialidadTecnica.php","especialidad_tecnica","database/migrations\2026_04_09_033046_create_especialidad_tecnica_table.php","2","False","SOLO CÓDIGO; NO BD"
"app/Models/Horario.php","horario","database/migrations\2026_05_05_201751_create_horarios_tables.php","6","True","SOLO CÓDIGO; NO BD"
"app/Models/Estudiante.php","estudiante","database/migrations\2026_04_09_033060_create_estudiante_table.php","6","False","SOLO CÓDIGO; NO BD"
"app/Models/GestionAcademica.php","gestion_academica","database/migrations\2026_04_09_033044_create_gestion_academica_table.php","4","False","SOLO CÓDIGO; NO BD"
"app/Models/DocumentoInscripcionEstudiante.php","documento_inscripcion_estudiante","database/migrations\2026_05_19_001028_create_documento_inscripcion_estudiante_table.php","1","True","SOLO CÓDIGO; NO BD"
"app/Models/InscripcionEstudiante.php","inscripcion_estudiante","database/migrations\2026_04_09_033080_create_inscripcion_estudiante_table.php","9","True","SOLO CÓDIGO; NO BD"
"app/Models/HorarioDetalle.php","horario_detalle","database/migrations\2026_05_05_201751_create_horarios_tables.php","4","True","SOLO CÓDIGO; NO BD"
"app/Models/Docente.php","docente","database/migrations\2026_04_09_033050_create_docente_table.php","3","False","SOLO CÓDIGO; NO BD"
"app/Models/HorarioBloque.php","horario_bloque","database/migrations\2026_05_05_201751_create_horarios_tables.php","3","True","SOLO CÓDIGO; NO BD"
"app/Models/Director.php","director","database/migrations\2026_04_26_183034_create_director_table.php","1","False","SOLO CÓDIGO; NO BD"
"app/Models/Persona.php","persona","database/migrations\0001_01_01_000000_create_persona_table.php","1","False","SOLO CÓDIGO; NO BD"
"app/Models/Curso.php","curso","database/migrations\2026_04_09_033045_create_curso_table.php","3","False","SOLO CÓDIGO; NO BD"
"app/Models/PeriodoEvaluacion.php","periodo_evaluacion","database/migrations\2026_04_09_033047_create_periodo_evaluacion_table.php","1","False","SOLO CÓDIGO; NO BD"
"app/Models/CalendarioEvento.php","calendario_evento","database/migrations\2026_09_30_100005_prepare_institutional_calendar.php","3","True","SOLO CÓDIGO; NO BD"
"app/Models/Calificacion.php","calificacion","database/migrations\2026_04_09_033090_create_calificacion_table.php","4","True","SOLO CÓDIGO; NO BD"
"app/Models/Paralelo.php","paralelo","database/migrations\2026_04_09_033045_create_paralelo_table.php","3","False","SOLO CÓDIGO; NO BD"
"app/Models/Bitacora.php","bitacora","database/migrations\2026_04_09_033048_create_bitacora_table.php","1","True","SOLO CÓDIGO; NO BD"
"app/Models/PlanEspecialidad.php","plan_especialidad","database/migrations\2026_05_01_233339_create_plan_especialidad_table.php","6","False","SOLO CÓDIGO; NO BD"
"app/Models/PlanAsignatura.php","plan_asignatura","database/migrations\2026_04_09_033070_create_plan_asignatura_table.php","6","False","SOLO CÓDIGO; NO BD"
"app/Models/MetaAcademica.php","metas_academicas","database/migrations\2026_09_30_100004_prepare_student_academic_goals.php","3","True","SOLO CÓDIGO; NO BD"
"app/Models/PersonalInstitucional.php","personal_institucional","database/migrations\2026_04_09_033042_create_personal_institucional_table.php","5","False","SOLO CÓDIGO; NO BD"
"app/Models/User.php","users","database/migrations\0001_01_01_000001_create_users_table.php","1","True","SOLO CÓDIGO; NO BD"
"app/Models/Turno.php","turno","database/migrations\2026_04_09_033045_create_turno_table.php","1","False","SOLO CÓDIGO; NO BD"
"app/Models/TipoVinculacionEstudiante.php","tipo_vinculacion_estudiante","database/migrations\2026_04_09_033043_create_tipo_vinculacion_estudiante_table.php","1","False","SOLO CÓDIGO; NO BD"
"app/Models/SeguimientoAcademico.php","seguimiento_academico","database/migrations\2026_09_30_100001_prepare_kardex_seguimiento_structure.php","4","True","SOLO CÓDIGO; NO BD"
"app/Models/SecretariaGeneral.php","secretaria_general","database/migrations\2026_04_09_033043_create_secretaria_general_table.php","1","False","SOLO CÓDIGO; NO BD"
"app/Models/RoleRequest.php","CONVENCIÓN/CONFIG",,"0","True","SOLO CÓDIGO; NO BD"
"app/Models/Role.php","CONVENCIÓN/CONFIG",,"0","False","SOLO CÓDIGO; NO BD"
"app/Models/RespaldoGestionAcademica.php","respaldo_gestion_academica","database/migrations\2026_05_24_051142_create_respaldo_gestion_academicas_table.php","1","True","SOLO CÓDIGO; NO BD"
"app/Models/ReporteGenerado.php","reportes_generados","database/migrations\2026_06_20_101359_create_reportes_generados_table.php","0","False","SOLO CÓDIGO; NO BD"
"app/Models/RegenteAsignacion.php","regente_asignaciones","database/migrations\2026_09_28_000001_add_reestructuracion_academic_context.php","3","True","SOLO CÓDIGO; NO BD"
"app/Models/Regente.php","regente","database/migrations\2026_04_26_183020_create_regente_table.php","1","False","SOLO CÓDIGO; NO BD"
"app/Models/PlantillaHoraria.php","plantilla_horaria","database/migrations\2026_05_04_000000_create_plantilla_horaria_table.php","5","True","SOLO CÓDIGO; NO BD"
"app/Models/AulaVirtual/UnidadClase.php","unidades_clase","database/migrations\2026_09_30_100002_prepare_lms_units_structure.php","4","True","SOLO CÓDIGO; NO BD"
"app/Models/AulaVirtual/TareaMaterial.php","tarea_material","database/migrations\aula_virtual\2026_05_17_083828_create_tarea_material_table.php","1","True","SOLO CÓDIGO; NO BD"
"app/Models/AulaVirtual/Tarea.php","tarea","database/migrations\aula_virtual\2026_05_17_083827_create_tarea_table.php","5","True","SOLO CÓDIGO; NO BD"
"app/Models/AulaVirtual/PublicacionClase.php","publicacion_clase","database/migrations\aula_virtual\2026_05_17_083825_create_publicacion_clase_table.php","3","True","SOLO CÓDIGO; NO BD"
"app/Models/AulaVirtual/OrientacionResultado.php","orientacion_resultados","database/migrations\2026_06_20_130000_create_aula_virtual_orientacion_tables.php","3","True","SOLO CÓDIGO; NO BD"
"app/Models/AulaVirtual/OrientacionRespuesta.php","orientacion_respuestas","database/migrations\2026_06_20_130000_create_aula_virtual_orientacion_tables.php","3","True","SOLO CÓDIGO; NO BD"
"app/Models/AulaVirtual/OrientacionPregunta.php","orientacion_preguntas","database/migrations\2026_06_20_130000_create_aula_virtual_orientacion_tables.php","1","True","SOLO CÓDIGO; NO BD"
"app/Models/AulaVirtual/OrientacionCarreraSugerida.php","orientacion_carreras_sugeridas","database/migrations\2026_06_20_130000_create_aula_virtual_orientacion_tables.php","1","True","SOLO CÓDIGO; NO BD"
"app/Models/AulaVirtual/OrientacionActividad.php","orientacion_actividades","database/migrations\2026_06_20_130000_create_aula_virtual_orientacion_tables.php","5","True","SOLO CÓDIGO; NO BD"
"app/Models/AulaVirtual/MaterialClase.php","material_clase","database/migrations\aula_virtual\2026_05_17_083826_create_material_clase_table.php","3","True","SOLO CÓDIGO; NO BD"
"app/Models/AulaVirtual/EstadoAsistencia.php","estado_asistencia","database/migrations\aula_virtual\2026_05_17_083832_create_estado_asistencia_table.php","1","True","SOLO CÓDIGO; NO BD"
"app/Models/AulaVirtual/EntregaTarea.php","entrega_tarea","database/migrations\aula_virtual\2026_05_17_083829_create_entrega_tarea_table.php","4","True","SOLO CÓDIGO; NO BD"
"app/Models/AulaVirtual/EntregaArchivo.php","entrega_archivo","database/migrations\aula_virtual\2026_05_17_083830_create_entrega_archivo_table.php","1","True","SOLO CÓDIGO; NO BD"
"app/Models/AulaVirtual/ClaseVirtual.php","clase_virtual","database/migrations\aula_virtual\2026_05_17_083823_create_clase_virtual_table.php","8","True","SOLO CÓDIGO; NO BD"
"app/Models/AulaVirtual/ClaseEstudiante.php","clase_estudiante","database/migrations\aula_virtual\2026_05_17_083824_create_clase_estudiante_table.php","3","True","SOLO CÓDIGO; NO BD"
"app/Models/AulaVirtual/CalificacionTarea.php","calificacion_tarea","database/migrations\aula_virtual\2026_05_17_083831_create_calificacion_tarea_table.php","4","True","SOLO CÓDIGO; NO BD"
"app/Models/AulaVirtual/AsistenciaEstudiante.php","asistencia_estudiante","database/migrations\aula_virtual\2026_05_17_083834_create_asistencia_estudiante_table.php","4","True","SOLO CÓDIGO; NO BD"
"app/Models/AulaVirtual/AsistenciaClase.php","asistencia_clase","database/migrations\aula_virtual\2026_05_17_083833_create_asistencia_clase_table.php","5","True","SOLO CÓDIGO; NO BD"
"app/Models/AulaVirtual/ActividadClase.php","actividad_clase","database/migrations\aula_virtual\2026_05_17_083835_create_actividad_clase_table.php","3","True","SOLO CÓDIGO; NO BD"
