"Archivo","Bytes","SHA256"
"database/migrations/2026_04_09_025251_add_two_factor_columns_to_users_table.php","1057","F599186F5B168D4EAFB9CDC19A28A3C0D68F2DDC29C77FC34FAF54DF52EBB0BC"
"database/migrations/0001_01_01_000001_create_cache_table.php","873","FBB4665E5A977E71DF4E74EC75B3C06CA4F17AD0DE7138FE9786639189978E77"
"database/migrations/0001_01_01_000000_create_persona_table.php","1613","F3BFD2942BB4D958B48D89A41FC9FFDD1CDE8F621EA974CFEE930CAEDE8A7815"
"database/migrations/2026_04_09_033043_create_institucion_procedencia_table.php","886","A6AD0FFB60978A603C80C07E2B9505024F4F577AB47D4396025C57EFC04A1EAE"
"database/migrations/2026_04_09_025343_create_permission_tables.php","6514","35D9B3D5E131296B30026D1B782C6D3AFBA29A0674100AD509680CF2ABF1AF57"
"database/migrations/2026_04_09_025308_create_personal_access_tokens_table.php","863","C81ECDE85EA5072188C468DCAF79776728B6EB8F684D63FC0D88A4908484CA75"
"database/migrations/2026_04_09_033042_create_personal_institucional_table.php","944","98F7B664F335C0BFA33467F01E5FAA028263AF94A2E7678DF05B74389771EEF3"
"database/migrations/2026_04_09_033044_create_gestion_academica_table.php","868","DAC52F0F124D6AB0EE512728C65B29806323A34C075609226187BD8A10382AB5"
"database/migrations/2026_04_09_033043_create_tipo_vinculacion_estudiante_table.php","844","89FC6502FD90B914DFB43491AF9B2F4DB062D397FDE05FA978333D3CEA9EEB56"
"database/migrations/2026_04_09_033043_create_secretaria_general_table.php","900","93FE66D31D3D33D70E71394C0A0D04F005CA114DCB658FD177BF23BC437F35FF"
"database/migrations/2026_04_09_033045_create_paralelo_table.php","646","31689D6D9ABF31307F7EF0FE4E48A8DB474239C6E183FD0DB71A7D86F08E5B4E"
"database/migrations/2026_04_09_033045_create_curso_table.php","732","3DB63973E973289A3252516F0D7255A90C1AB85D2751E47C1D5FAE49A6105840"
"database/migrations/2026_04_09_033045_create_turno_table.php","819","60213FA8E63C200BB9E1846FF44B2B5404F3C942D99B6EE485A1EAA1A9D76085"
"database/migrations/2026_04_09_033046_create_asignatura_table.php","836","AF45A44C63B8FEBA8F562C97BE878CAB30CEC7ADEE99AE62C211E46D4E90AB9A"
"database/migrations/0001_01_01_000002_create_jobs_table.php","1812","7C9C712ADF4091C87BF2612F4D0DCCDFA1DF4501553E4AC068B83D7BD5462FA5"
"database/migrations/0001_01_01_000001_create_users_table.php","2913","33F1495813E788AA196BC24766CB55685E8843CB58F0D15BF2B433954F9E7030"
"database/migrations/2026_04_09_033046_create_especialidad_tecnica_table.php","834","64DA7B0A2C2D68FC5D033573B6F856950FBAF1D4CB4AA562623E08F8473C58D3"
"database/migrations/2026_05_01_233339_create_plan_especialidad_table.php","2472","541E0252AC53ABC79D86DF0DBDB982DAA8AEC91313DA78DE27196D4E15BEB7F8"
"database/migrations/2026_04_09_033070_create_plan_asignatura_table.php","1809","4C9DA1814041B777881095FB1DB1CA4052621229DB4AB179AB6E69AD9F31A1D4"
"database/migrations/2026_04_26_183048_create_administrador_table.php","970","9750EF8E46BC8274F2BB2F5362882B89C91049B58214220D86610CE1956FB2F8"
"database/migrations/2026_04_26_183034_create_director_table.php","951","CDFAFC33F9C98CD9AD288E7B274ED5AFB75C0273205BC5B6324179A9034A6EF6"
"database/migrations/2026_04_09_033060_create_estudiante_table.php","1616","454E5DE862718AD8FE408BB1BF60DCB698BACB6DFE606DB8F8951FE7748E8A6F"
"database/migrations/2026_04_26_183020_create_regente_table.php","947","942D5655DCC6E74FCB23E1C9D29148B48E5E2B4F7AC22A1754FC3DDCCF56B766"
"database/migrations/2026_04_09_033050_create_docente_table.php","1000","A703FD76CAF5D54A04A51728439F8538EF706D8EB224231FA0F77145118FE11E"
"database/migrations/2026_04_09_033090_create_calificacion_table.php","1397","EC00605E3D0C63576DFF3565098A2741D64D0CC6C5F30E94483357B6B8EA5C84"
"database/migrations/2026_04_09_033048_create_bitacora_table.php","6220","9B3BF78921D55C3FCFB2CAB2E2144A757D6EE51337CB0380F4D27D42FC145D2E"
"database/migrations/2026_04_09_033080_create_inscripcion_estudiante_table.php","6016","BF8DA77EF5848284BEB29475EF23EBC1F749D38482B30949CD47BB9014BB46C0"
"database/migrations/2026_04_09_033047_create_periodo_evaluacion_table.php","812","2A397AF9650B207C744B4AAE367BD69B6C32386CBE77DDD2545F63F8EF08351D"
"database/migrations/2026_06_20_144115_add_unique_constraint_to_entrega_tarea_table.php","2698","EF1EAFB5AB562D71FF0E17B8915F09101B942632F86A4AE39505A25BF223D32D"
"database/migrations/2026_06_20_130000_create_aula_virtual_orientacion_tables.php","5571","EAC446ABE8D0B916BC16D72FF1C17BC6DD137374BACF409A40B1AA96345D7271"
"database/migrations/2026_06_20_101359_create_reportes_generados_table.php","1196","50DEDAAB7FEA70AFA4FD3049A6CF7E0C4E553ADDD7E961F5AEA991E355EB0931"
"database/migrations/2026_06_02_022909_add_google_auth_fields_to_users_table.php","1639","43F6C15FBBC704707A62567E4614B5D16BC97EADEB095407B6C015A9EB4F2C48"
"database/migrations/2026_05_24_051142_create_respaldo_gestion_academicas_table.php","2276","715080B74B8D6AEE48105CFC27E5F5602124E7B25D7153F72C71D9BB7AAD4390"
"database/migrations/2026_05_19_001028_create_documento_inscripcion_estudiante_table.php","3453","F3317D9E9884164BD4EA3B23D1BCA708E5362E65CCEA9A1EF2FBA7E952C2488B"
"database/migrations/2026_05_05_201751_create_horarios_tables.php","12235","7633680DC63F8EE4302E3D47DD5FAD3F171D22F15779B9327108496453F98FB2"
"database/migrations/2026_05_04_000000_create_plantilla_horaria_table.php","2394","6A5ABD71AEFFF21DF60AF63BFCE7564B4B2D6069215C64FF3A256172A17FAD6F"
"database/migrations/2026_09_28_000001_create_role_requests_table.php","1765","26CB047D356052B3A4E3FA9F3DD1C1B3D8C20397420008B8277A22F2BFEE9338"
"database/migrations/2026_09_28_000001_add_reestructuracion_academic_context.php","1964","EE19EB23B6719CFF13B459E7419074D1289BD1DC195BD63116DC41CD531FC322"
"database/migrations/aula_virtual/2026_05_17_083823_create_clase_virtual_table.php","1288","7E64AD043548EE28E49C67908ACDAF36BF64D30050B004FC5112105A1114D497"
"database/migrations/aula_virtual/2026_05_17_083824_create_clase_estudiante_table.php","1843","B10D29AA2B66BFF3FEA62F55286B898703654B649EF8C787669AD9CEA5761754"
"database/migrations/2026_06_20_120000_normalize_google_auth_provider_default.php","890","774038310751061CE4EF43199E85ACF4321E12D3D294B6DC8B4027D02231AC98"
"database/migrations/aula_virtual/2026_05_17_083835_create_actividad_clase_table.php","2278","ED0320A2849609A52C120ADD82579BB6DD755A888F4BC166091E8B9CD9BBDEF8"
"database/migrations/aula_virtual/2026_05_17_083834_create_asistencia_estudiante_table.php","2342","29D4AD1648792CCCD22EE25EEC70BF5AE29E273C197B3410F781E457229AFC0B"
"database/migrations/aula_virtual/2026_05_17_083833_create_asistencia_clase_table.php","2932","A4D712C802015EC79CDAF454F264CD96E9F4FCA825560546C2D6065ECC025B3D"
"database/migrations/aula_virtual/2026_05_17_083832_create_estado_asistencia_table.php","1360","A25405525ED5776EE2F402E90189243304E6BB057E0477C416171C6F4D742261"
"database/migrations/aula_virtual/2026_05_17_083831_create_calificacion_tarea_table.php","2199","E916E796F6020E31A3D83E5FC3A0AC9A7268E5A48D27EBFC2E722B1BF1E74FBE"
"database/migrations/aula_virtual/2026_05_17_083830_create_entrega_archivo_table.php","1229","5A304C835F71356BD70F63DC7BB8AB9294261881F370BD8874CEF1AD12D63AAB"
"database/migrations/aula_virtual/2026_05_17_083829_create_entrega_tarea_table.php","1655","F3A8BBB288D1975C955EEE762986FF90AFC4C91900E9755738F71820E547CC29"
"database/migrations/aula_virtual/2026_05_17_083828_create_tarea_material_table.php","1662","7C278476DEC0C127ED0CD345509306442CA27DEA82A36C8F373C6248684A1EC9"
"database/migrations/aula_virtual/2026_05_17_083827_create_tarea_table.php","2094","6D98CBE6A120A12CC467C288BBF38211544CC2011A8CBF926D151E41BE513298"
"database/migrations/aula_virtual/2026_05_17_083826_create_material_clase_table.php","2172","BBDE5D2F63BC52622FDE08BF5081056F8716A5BF7A1BA9A67EAF8C6958921867"
"database/migrations/aula_virtual/2026_05_17_083825_create_publicacion_clase_table.php","1793","18E368153796E2AB9F022F41D0BDBB166D471DC863D387A475BA54F309D09850"
"app/Models/User.php","1952","296CB1A2710ABFC67BFEDB43177ABA78D46620FA1917C6D2A5FA5A6EFA555DD8"
"app/Models/Turno.php","1149","97986EB34B0362F58298B44A3D5C84019BC563EC709072688F3ABE72496A296A"
"app/Models/TipoVinculacionEstudiante.php","1194","EA0453E6CF0C0B088BE3043580ABAB09213E8164424349F494B8071DFCB07EE8"
"app/Models/SecretariaGeneral.php","1162","B5BBD8A8DBCCA5AA33D588CFFEC5DE503D0D49B883B2FB5EB10B5945084FF436"
"app/Models/RoleRequest.php","730","7B6B577E2EC2480CB745B36189A3A016876113942D0D032939E2F3A4156F02D8"
"app/Models/Role.php","317","84706A4488E252FCA69BCC8C56A3C1EC11AC3D738FDBE269694C946B4810D550"
"app/Models/RespaldoGestionAcademica.php","3842","1B5F7ADD499B810C2D229D0CF7381EDF4CB55233924D11B438B6818A6FF91E71"
"app/Models/ReporteGenerado.php","2093","9EBB409069610E3152AA03C580DF812A79F3B6250EF211A9F8E3280BEF7366D1"
"app/Models/RegenteAsignacion.php","576","648458D70121FDE3CA0E69B80FB6365AAA51772849192C505EFFE7F5D057C1DB"
"app/Models/Regente.php","1110","82E377A8B72E73292B27ADCB9A68C9C5D03B60FA1DEAC0ECDB79C12A1E7BABC9"
"app/Models/PlantillaHoraria.php","5671","D173F137B1A7807CAFC1C36A21076B3B834F50DD0869640022965BF5CB8C0E9E"
"app/Models/PlanEspecialidad.php","1709","5530CBDF496DAE48C24E0BD9A5BDFDCD070FBF16384220E1C63C90BB6F0080E4"
"app/Models/PlanAsignatura.php","1916","BB09000EF9AF202BC9F4A79CACD59E926FCB322D38A13202BF4F4E7F133FCFDA"
"app/Models/PersonalInstitucional.php","1869","7C1627255FA45FEE58D5A286D5DEFF46B57AE9434A61F1F30792C536C613E6FA"
"app/Models/Persona.php","1219","F37A8441794CF96EB99D199589F4E3B3049F2D02B3D2E08DC0D56C97EE5FF333"
"app/Models/PeriodoEvaluacion.php","1181","6665371D86EC86B3448D3BC237C1CE7D356C1A416E88A81C270A581558E56CF8"
"app/Models/Paralelo.php","1269","9B01464A835EC145A6EBEE310713B5409ED3978A2DECA51DA53A253A65A94CDE"
"app/Models/InstitucionProcedencia.php","1223","1DCCC8B0ED114E80770009D08DD9E41C95E3029DC036666EF7E13C4ACC99F5F5"
"app/Models/InscripcionEstudiante.php","8563","9D5E227131B3EA87EDC68A4BBD231F7A553CDF1FCE3DA0BC42186D1669EF64BC"
"app/Models/HorarioDetalle.php","4992","D72D895226E91BDDDDBB8FFAA30188B02977D7BE7AC0287647390977D8011805"
"app/Models/HorarioBloque.php","5551","19E3CC8CC9EAC0EF9E2EC98766CEC0F88AC3C960257E888DDDAEE0663E0395B1"
"app/Models/Horario.php","5732","E511BA0675707C11479C87EC0C2C6A770B11A70CB0311659AA95DE0D2FF2999A"
"app/Models/GestionAcademica.php","1593","72DD3D33D6E2BE8018F2F6E2413BD30EF963E9B0D38045F524599931BF909F52"
"app/Models/Estudiante.php","1772","008F4FAB6AF0317FA7B134A6B12FF4F910149F9264A655F5D1CABB294153FB78"
"app/Models/EspecialidadTecnica.php","1180","5450EC0736F44F40AF49A71B327CB1F8906F4681C930A051E2B4E68F0AEAB0CA"
"app/Models/DocumentoInscripcionEstudiante.php","5278","2E153C36EF9A0B2A0E8F8DBA2F647D3DA42BE8166D68CF12A299FB683E936348"
"app/Models/Docente.php","1462","DE12DD3C75F0AABA1E2A13459EB306BDDF06BD400CFDF7D78286BA38F51069D1"
"app/Models/Director.php","1117","F428455B6ED7AED63C01122BD0D3405A54B7E558DAAB0BE7D563CB1238F87E19"
"app/Models/Curso.php","1362","21D1E428DCDFBACF7571DE119015F5F4844EACEB0ECED80298B6917D771C6DCF"
"app/Models/Calificacion.php","1816","B0D684EE6BFFCB057952076F35F187A4F013DCD23A87899CA0439AC2282C5B7F"
"app/Models/Bitacora.php","1655","F614E748EA8CA41A4DDABC48693F87E46F835687180237A838D1AE18F34DDD6F"
"app/Models/Asignatura.php","1304","2FDC8DF9F078C4A6F8A484EB386F6E1B3251853FABE1FC489BA6D99415C51DFC"
"app/Models/Administrador.php","1152","EA1C96CDE756B110A9EEE7DC9F9AFA3BE4228CA38A88B4C12E14968D9E2C6483"
"app/Models/AulaVirtual/TareaMaterial.php","2721","8884809E70CDEACD8D7A7446A8AC5F0385D1652D3829F8259BAF86E403D2398A"
"app/Models/AulaVirtual/Tarea.php","4857","B80DBCA4D346056E4072B419A48BE5B125B7D9F44B071E4CFBA9E234D3C8FDBD"
"app/Models/AulaVirtual/PublicacionClase.php","3553","3E40EE3AE42F056E6454EA93AFDCD0B100EABC06FCED72DAF5FE59FE3FB27892"
"app/Models/AulaVirtual/OrientacionResultado.php","1518","85DD2EED501BDAF48DEE00F3378CD1690789C5B22FD698128F4FFA12417DAC33"
"app/Models/AulaVirtual/OrientacionRespuesta.php","898","02CA85A4AFB009054009BD47D0F6F4779AF480915D4804D7A0B7B538133D55B1"
"app/Models/AulaVirtual/OrientacionPregunta.php","608","F78C998094F251DC80CA0D2DAE4C36DF28D67DA7CBB2FD0B1AF6F7E4FDFD110A"
"app/Models/AulaVirtual/OrientacionCarreraSugerida.php","800","1BEFE7E01F713B240FA32E0B8E6A44A8DCDE41F6C08A6BC6FA85CF28D192D0FB"
"app/Models/AulaVirtual/OrientacionActividad.php","1422","E3E660B8304924C7096FD0DF86291B0044417253FDBB2341973120D3F5AFBB22"
"app/Models/AulaVirtual/MaterialClase.php","2938","89AE5DC1CFBB2CC9582217B15FEB98123791CC58CF7E96CE4E00E109111BC9B7"
"app/Models/AulaVirtual/EstadoAsistencia.php","3607","224F837566A0FF668CAA1BABE1A1401FA23E77362BDB4B6A2020B21862D0AF12"
"app/Models/AulaVirtual/EntregaTarea.php","4490","DC4280915ECE0AADF8BD4474C6BCBF601B08138BFB9C0DC14FB4C74FF0884C9F"
"app/Models/AulaVirtual/EntregaArchivo.php","2131","D917B613C1E59448D26E5731B5452530F42C9E547A9FFB56DBEEDF697AF8F6F0"
"app/Models/AulaVirtual/ClaseVirtual.php","3129","976D8D01E2ECFA3196C5DF67B4B8556AF32EB68E8B32C80EE389E3E8FB385D2D"
"app/Models/AulaVirtual/ClaseEstudiante.php","3455","42292DF33E6675A5CE54125BB757C90D07AD96B5ED5EAB8F1DC6C36B6664B265"
"app/Models/AulaVirtual/CalificacionTarea.php","4077","3AD0971373DBE4ED79C575999F9C831F49555D4C35A717170EA4FCB1DBAB409A"
"app/Models/AulaVirtual/AsistenciaEstudiante.php","4218","8E34AD915A9DD688DA4E3624A32549D2BA200F11D44934D38B057C9D4761D8FF"
"app/Models/AulaVirtual/AsistenciaClase.php","4525","60C3CBC6ED044467E81739FFB7DD055E594105AFC2745414375981B8634C0C61"
"app/Models/AulaVirtual/ActividadClase.php","3352","0E49CED16C9E1D4A5738462257F40818DAE43281CC11E60D3A39010D53447E67"
