ARCHIVO,CLASIFICACION,MOTIVO
.env.example,INCLUIR,Código / pruebas / documentación / evidencia estructural revisada
app/Contracts/KardexRepository.php,INCLUIR,Código / pruebas / documentación / evidencia estructural revisada
app/Contracts/SpecializedAcademicClient.php,INCLUIR,Código / pruebas / documentación / evidencia estructural revisada
app/Http/Controllers/Admin/ReportePdfController.php,INCLUIR,Código / pruebas / documentación / evidencia estructural revisada
app/Http/Controllers/AdminDashboardController.php,INCLUIR,Código / pruebas / documentación / evidencia estructural revisada
app/Http/Controllers/AulaVirtual/AsistenciaController.php,INCLUIR,Código / pruebas / documentación / evidencia estructural revisada
app/Http/Controllers/AulaVirtual/CursoVirtualController.php,INCLUIR,Código / pruebas / documentación / evidencia estructural revisada
app/Http/Controllers/AulaVirtual/EntregaController.php,INCLUIR,Código / pruebas / documentación / evidencia estructural revisada
app/Http/Controllers/AulaVirtual/MaterialController.php,INCLUIR,Código / pruebas / documentación / evidencia estructural revisada
app/Http/Controllers/AulaVirtual/OrientacionController.php,INCLUIR,Código / pruebas / documentación / evidencia estructural revisada
app/Http/Controllers/AulaVirtual/ReporteAulaVirtualController.php,INCLUIR,Código / pruebas / documentación / evidencia estructural revisada
app/Http/Controllers/AulaVirtual/TareaController.php,INCLUIR,Código / pruebas / documentación / evidencia estructural revisada
app/Http/Controllers/CalendarController.php,INCLUIR,Código / pruebas / documentación / evidencia estructural revisada
app/Http/Controllers/DashboardController.php,INCLUIR,Código / pruebas / documentación / evidencia estructural revisada
app/Http/Controllers/DomainBoundaryController.php,INCLUIR,Código / pruebas / documentación / evidencia estructural revisada
app/Http/Controllers/EnrollmentDocumentController.php,INCLUIR,Código / pruebas / documentación / evidencia estructural revisada
app/Http/Controllers/Estudiante/ExperienceController.php,INCLUIR,Código / pruebas / documentación / evidencia estructural revisada
app/Http/Controllers/HistoricalReportController.php,INCLUIR,Código / pruebas / documentación / evidencia estructural revisada
app/Http/Controllers/InstitutionalQueryController.php,INCLUIR,Código / pruebas / documentación / evidencia estructural revisada
app/Http/Controllers/RegencyAssignmentsController.php,INCLUIR,Código / pruebas / documentación / evidencia estructural revisada
app/Http/Controllers/RegencyReportController.php,INCLUIR,Código / pruebas / documentación / evidencia estructural revisada
app/Http/Controllers/WorkspaceController.php,INCLUIR,Código / pruebas / documentación / evidencia estructural revisada
app/Http/Middleware/EnsureActorRole.php,INCLUIR,Código / pruebas / documentación / evidencia estructural revisada
app/Livewire/Admin/Calificaciones.php,INCLUIR,Código / pruebas / documentación / evidencia estructural revisada
app/Livewire/Admin/GestionAcademica.php,INCLUIR,Código / pruebas / documentación / evidencia estructural revisada
app/Livewire/Admin/GestionDocente.php,INCLUIR,Código / pruebas / documentación / evidencia estructural revisada
app/Livewire/Admin/GestionInscripciones.php,INCLUIR,Código / pruebas / documentación / evidencia estructural revisada
app/Livewire/Admin/GestionPersonas.php,INCLUIR,Código / pruebas / documentación / evidencia estructural revisada
app/Livewire/Admin/GestionUsuarios.php,INCLUIR,Código / pruebas / documentación / evidencia estructural revisada
app/Livewire/Admin/RolesPermisos.php,INCLUIR,Código / pruebas / documentación / evidencia estructural revisada
app/Livewire/AulaVirtual/Cursos/CursoDetalleDocente.php,INCLUIR,Código / pruebas / documentación / evidencia estructural revisada
app/Livewire/AulaVirtual/Cursos/CursoDetalleEstudiante.php,INCLUIR,Código / pruebas / documentación / evidencia estructural revisada
app/Livewire/AulaVirtual/Cursos/MisAsignaturasEstudiante.php,INCLUIR,Código / pruebas / documentación / evidencia estructural revisada
app/Livewire/AulaVirtual/Cursos/MisCursosDocente.php,INCLUIR,Código / pruebas / documentación / evidencia estructural revisada
app/Livewire/AulaVirtual/Materiales/CrearMaterial.php,INCLUIR,Código / pruebas / documentación / evidencia estructural revisada
app/Livewire/AulaVirtual/Materiales/EditarMaterial.php,INCLUIR,Código / pruebas / documentación / evidencia estructural revisada
app/Livewire/AulaVirtual/Orientacion/ExploradorVocacional.php,INCLUIR,Código / pruebas / documentación / evidencia estructural revisada
app/Livewire/AulaVirtual/Tareas/CrearTarea.php,INCLUIR,Código / pruebas / documentación / evidencia estructural revisada
app/Livewire/AulaVirtual/Tareas/EditarTarea.php,INCLUIR,Código / pruebas / documentación / evidencia estructural revisada
app/Livewire/InstitutionalAuthorization.php,INCLUIR,Código / pruebas / documentación / evidencia estructural revisada
app/Livewire/Shared/AcademicPlan.php,INCLUIR,Código / pruebas / documentación / evidencia estructural revisada
app/Livewire/Shared/AcademicSources.php,INCLUIR,Código / pruebas / documentación / evidencia estructural revisada
app/Livewire/Shared/CourseContent.php,INCLUIR,Código / pruebas / documentación / evidencia estructural revisada
app/Livewire/Shared/CourseList.php,INCLUIR,Código / pruebas / documentación / evidencia estructural revisada
app/Livewire/Shared/CourseWorkspace.php,INCLUIR,Código / pruebas / documentación / evidencia estructural revisada
app/Livewire/Shared/InstitutionalQuery.php,INCLUIR,Código / pruebas / documentación / evidencia estructural revisada
app/Livewire/Shared/InstitutionalRecordDrawer.php,INCLUIR,Código / pruebas / documentación / evidencia estructural revisada
app/Livewire/Shared/KardexDraft.php,INCLUIR,Código / pruebas / documentación / evidencia estructural revisada
app/Livewire/Shared/ModuleSearch.php,INCLUIR,Código / pruebas / documentación / evidencia estructural revisada
app/Livewire/Shared/NotificationCenter.php,INCLUIR,Código / pruebas / documentación / evidencia estructural revisada
app/Livewire/Shared/StudentDrawer.php,INCLUIR,Código / pruebas / documentación / evidencia estructural revisada
app/Livewire/Shared/StudyAssistant.php,INCLUIR,Código / pruebas / documentación / evidencia estructural revisada
app/Livewire/Shared/TeacherGradeForm.php,INCLUIR,Código / pruebas / documentación / evidencia estructural revisada
app/Models/AulaVirtual/ClaseVirtual.php,INCLUIR,Código / pruebas / documentación / evidencia estructural revisada
app/Models/AulaVirtual/UnidadClase.php,INCLUIR,Código / pruebas / documentación / evidencia estructural revisada
app/Models/CalendarioEvento.php,INCLUIR,Código / pruebas / documentación / evidencia estructural revisada
app/Models/MetaAcademica.php,INCLUIR,Código / pruebas / documentación / evidencia estructural revisada
app/Models/Role.php,INCLUIR,Código / pruebas / documentación / evidencia estructural revisada
app/Models/SeguimientoAcademico.php,INCLUIR,Código / pruebas / documentación / evidencia estructural revisada
app/Policies/AulaVirtualAsistenciaPolicy.php,INCLUIR,Código / pruebas / documentación / evidencia estructural revisada
app/Policies/AulaVirtualEntregaPolicy.php,INCLUIR,Código / pruebas / documentación / evidencia estructural revisada
app/Policies/AulaVirtualTareaPolicy.php,INCLUIR,Código / pruebas / documentación / evidencia estructural revisada
app/Policies/CursoPolicy.php,INCLUIR,Código / pruebas / documentación / evidencia estructural revisada
app/Policies/DocumentoInscripcionEstudiantePolicy.php,INCLUIR,Código / pruebas / documentación / evidencia estructural revisada
app/Policies/EstudiantePolicy.php,INCLUIR,Código / pruebas / documentación / evidencia estructural revisada
app/Policies/InscripcionEstudiantePolicy.php,INCLUIR,Código / pruebas / documentación / evidencia estructural revisada
app/Policies/KardexPolicy.php,INCLUIR,Código / pruebas / documentación / evidencia estructural revisada
app/Policies/MetaAcademicaPolicy.php,INCLUIR,Código / pruebas / documentación / evidencia estructural revisada
app/Policies/OrientacionResultadoPolicy.php,INCLUIR,Código / pruebas / documentación / evidencia estructural revisada
app/Policies/PersonaPolicy.php,INCLUIR,Código / pruebas / documentación / evidencia estructural revisada
app/Policies/ReporteGeneradoPolicy.php,INCLUIR,Código / pruebas / documentación / evidencia estructural revisada
app/Policies/UserPolicy.php,INCLUIR,Código / pruebas / documentación / evidencia estructural revisada
app/Providers/AppServiceProvider.php,INCLUIR,Código / pruebas / documentación / evidencia estructural revisada
app/Services/AcademicAccessService.php,INCLUIR,Código / pruebas / documentación / evidencia estructural revisada
app/Services/AcademicGoalService.php,INCLUIR,Código / pruebas / documentación / evidencia estructural revisada
app/Services/AporteIngenieril/AnalysisService.php,INCLUIR,Código / pruebas / documentación / evidencia estructural revisada
app/Services/AporteIngenieril/AporteIngenierilClient.php,INCLUIR,Código / pruebas / documentación / evidencia estructural revisada
app/Services/AporteIngenieril/DTO/AcademicAnalysisData.php,INCLUIR,Código / pruebas / documentación / evidencia estructural revisada
app/Services/AporteIngenieril/DTO/Peter3Contract.php,INCLUIR,Código / pruebas / documentación / evidencia estructural revisada
app/Services/AporteIngenieril/KnowledgeService.php,INCLUIR,Código / pruebas / documentación / evidencia estructural revisada
app/Services/AporteIngenieril/TutorService.php,INCLUIR,Código / pruebas / documentación / evidencia estructural revisada
app/Services/AulaVirtual/AsistenciaService.php,INCLUIR,Código / pruebas / documentación / evidencia estructural revisada
app/Services/AulaVirtual/CursoVirtualService.php,INCLUIR,Código / pruebas / documentación / evidencia estructural revisada
app/Services/AulaVirtual/EntregaService.php,INCLUIR,Código / pruebas / documentación / evidencia estructural revisada
app/Services/AulaVirtual/MaterialService.php,INCLUIR,Código / pruebas / documentación / evidencia estructural revisada
app/Services/AulaVirtual/OrientacionService.php,INCLUIR,Código / pruebas / documentación / evidencia estructural revisada
app/Services/AulaVirtual/PublicacionService.php,INCLUIR,Código / pruebas / documentación / evidencia estructural revisada
app/Services/AulaVirtual/ReporteAulaVirtualService.php,INCLUIR,Código / pruebas / documentación / evidencia estructural revisada
app/Services/AulaVirtual/TareaService.php,INCLUIR,Código / pruebas / documentación / evidencia estructural revisada
app/Services/AulaVirtual/UnitContentService.php,INCLUIR,Código / pruebas / documentación / evidencia estructural revisada
app/Services/CalendarService.php,INCLUIR,Código / pruebas / documentación / evidencia estructural revisada
app/Services/DomainReadinessService.php,INCLUIR,Código / pruebas / documentación / evidencia estructural revisada
app/Services/GradeService.php,INCLUIR,Código / pruebas / documentación / evidencia estructural revisada
app/Services/HistoricalReportAccessService.php,INCLUIR,Código / pruebas / documentación / evidencia estructural revisada
app/Services/InstitutionalDashboardService.php,INCLUIR,Código / pruebas / documentación / evidencia estructural revisada
app/Services/InstitutionalQueryService.php,INCLUIR,Código / pruebas / documentación / evidencia estructural revisada
app/Services/Kardex/KardexService.php,INCLUIR,Código / pruebas / documentación / evidencia estructural revisada
app/Services/Kardex/ScopedKardexRepository.php,INCLUIR,Código / pruebas / documentación / evidencia estructural revisada
app/Services/Kardex/UnavailableKardexRepository.php,INCLUIR,Código / pruebas / documentación / evidencia estructural revisada
app/Services/NotificationService.php,INCLUIR,Código / pruebas / documentación / evidencia estructural revisada
app/Services/OperationalAccountService.php,INCLUIR,Código / pruebas / documentación / evidencia estructural revisada
app/Services/RegencyAccessService.php,INCLUIR,Código / pruebas / documentación / evidencia estructural revisada
app/Services/RegencyReportService.php,INCLUIR,Código / pruebas / documentación / evidencia estructural revisada
app/Services/ReportAccessService.php,INCLUIR,Código / pruebas / documentación / evidencia estructural revisada
app/Services/Reportes/GeneradorSqlAcademicoService.php,INCLUIR,Código / pruebas / documentación / evidencia estructural revisada
app/Services/Reportes/GeneradorZipReportesService.php,INCLUIR,Código / pruebas / documentación / evidencia estructural revisada
app/Services/RoleDashboardResolver.php,INCLUIR,Código / pruebas / documentación / evidencia estructural revisada
app/Services/RolePermissionService.php,INCLUIR,Código / pruebas / documentación / evidencia estructural revisada
app/Services/RoleRequestService.php,INCLUIR,Código / pruebas / documentación / evidencia estructural revisada
app/Services/StudentContextService.php,INCLUIR,Código / pruebas / documentación / evidencia estructural revisada
app/Support/Academico/KardexInteligente.php,INCLUIR,Código / pruebas / documentación / evidencia estructural revisada
app/Support/Comunidad/DocenteInteligente.php,INCLUIR,Código / pruebas / documentación / evidencia estructural revisada
app/Support/InstitutionalRoleGovernance.php,INCLUIR,Código / pruebas / documentación / evidencia estructural revisada
app/Support/Personas/PersonaInteligente.php,INCLUIR,Código / pruebas / documentación / evidencia estructural revisada
app/Support/PrivateFilePath.php,INCLUIR,Código / pruebas / documentación / evidencia estructural revisada
app/Support/WorkspaceNavigation.php,INCLUIR,Código / pruebas / documentación / evidencia estructural revisada
config/features.php,INCLUIR,Código / pruebas / documentación / evidencia estructural revisada
config/permission.php,INCLUIR,Código / pruebas / documentación / evidencia estructural revisada
config/services.php,INCLUIR,Código / pruebas / documentación / evidencia estructural revisada
database/migrations/2026_09_30_100001_prepare_kardex_seguimiento_structure.php,INCLUIR,Código / pruebas / documentación / evidencia estructural revisada
database/migrations/2026_09_30_100002_prepare_lms_units_structure.php,INCLUIR,Código / pruebas / documentación / evidencia estructural revisada
database/migrations/2026_09_30_100003_prepare_database_notifications.php,INCLUIR,Código / pruebas / documentación / evidencia estructural revisada
database/migrations/2026_09_30_100004_prepare_student_academic_goals.php,INCLUIR,Código / pruebas / documentación / evidencia estructural revisada
database/migrations/2026_09_30_100005_prepare_institutional_calendar.php,INCLUIR,Código / pruebas / documentación / evidencia estructural revisada
database/migrations/2026_09_30_100006_prepare_academic_integrity_checks.php,INCLUIR,Código / pruebas / documentación / evidencia estructural revisada
docs/implementacion-maestra/00-ESTADO.md,INCLUIR,Código / pruebas / documentación / evidencia estructural revisada
docs/implementacion-maestra/01-RUTAS.md,INCLUIR,Código / pruebas / documentación / evidencia estructural revisada
docs/implementacion-maestra/02-WORKSPACES.md,INCLUIR,Código / pruebas / documentación / evidencia estructural revisada
docs/implementacion-maestra/03-ADMIN.md,INCLUIR,Código / pruebas / documentación / evidencia estructural revisada
docs/implementacion-maestra/04-DIRECTOR.md,INCLUIR,Código / pruebas / documentación / evidencia estructural revisada
docs/implementacion-maestra/05-SECRETARIA.md,INCLUIR,Código / pruebas / documentación / evidencia estructural revisada
docs/implementacion-maestra/06-REGENTE.md,INCLUIR,Código / pruebas / documentación / evidencia estructural revisada
docs/implementacion-maestra/07-DOCENTE.md,INCLUIR,Código / pruebas / documentación / evidencia estructural revisada
docs/implementacion-maestra/08-ESTUDIANTE.md,INCLUIR,Código / pruebas / documentación / evidencia estructural revisada
docs/implementacion-maestra/09-LMS.md,INCLUIR,Código / pruebas / documentación / evidencia estructural revisada
docs/implementacion-maestra/10-KARDEX.md,INCLUIR,Código / pruebas / documentación / evidencia estructural revisada
docs/implementacion-maestra/11-LIVEWIRE.md,INCLUIR,Código / pruebas / documentación / evidencia estructural revisada
docs/implementacion-maestra/12-UX-UI.md,INCLUIR,Código / pruebas / documentación / evidencia estructural revisada
docs/implementacion-maestra/13-RBAC.md,INCLUIR,Código / pruebas / documentación / evidencia estructural revisada
docs/implementacion-maestra/14-DATOS.md,INCLUIR,Código / pruebas / documentación / evidencia estructural revisada
docs/implementacion-maestra/15-TESTS.md,INCLUIR,Código / pruebas / documentación / evidencia estructural revisada
docs/implementacion-maestra/16-PENDIENTES-PETER1.md,INCLUIR,Código / pruebas / documentación / evidencia estructural revisada
docs/implementacion-maestra/17-ARCHIVOS-MODIFICADOS.md,INCLUIR,Código / pruebas / documentación / evidencia estructural revisada
docs/implementacion-maestra/18-CONEXIONES.md,INCLUIR,Código / pruebas / documentación / evidencia estructural revisada
docs/implementacion-maestra/19-DARK-MODE.md,INCLUIR,Código / pruebas / documentación / evidencia estructural revisada
docs/implementacion-maestra/20-DEUDA-TECNICA.md,INCLUIR,Código / pruebas / documentación / evidencia estructural revisada
docs/implementacion-maestra/21-CIERRE-105-VENTANAS.md,INCLUIR,Código / pruebas / documentación / evidencia estructural revisada
docs/implementacion-maestra/22-ARQUITECTURA-FINAL.md,INCLUIR,Código / pruebas / documentación / evidencia estructural revisada
docs/implementacion-maestra/23-CHECKLIST-FUNCIONAL.md,INCLUIR,Código / pruebas / documentación / evidencia estructural revisada
docs/implementacion-maestra/24-BLOQUEOS-EXTERNOS.md,INCLUIR,Código / pruebas / documentación / evidencia estructural revisada
docs/implementacion-maestra/25-MIGRATIONS-PROPUESTAS.md,INCLUIR,Código / pruebas / documentación / evidencia estructural revisada
docs/implementacion-maestra/26-TESTS-SKIPPED.md,INCLUIR,Código / pruebas / documentación / evidencia estructural revisada
docs/implementacion-maestra/27-NPM-VULNERABILITIES.md,INCLUIR,Código / pruebas / documentación / evidencia estructural revisada
docs/implementacion-maestra/28-SUPPORT-INTELIGENTE.md,INCLUIR,Código / pruebas / documentación / evidencia estructural revisada
docs/implementacion-maestra/29-REGRESIONES-SUPPORT.md,INCLUIR,Código / pruebas / documentación / evidencia estructural revisada
docs/implementacion-maestra/30-CIERRE-CORRECTIVO-SUPPORT.md,INCLUIR,Código / pruebas / documentación / evidencia estructural revisada
docs/implementacion-maestra/31-AUDITORIA-BD-MAESTRA.md,INCLUIR,Código / pruebas / documentación / evidencia estructural revisada
docs/implementacion-maestra/32-MATRIZ-TABLAS-BD.csv,INCLUIR,Código / pruebas / documentación / evidencia estructural revisada
docs/implementacion-maestra/33-MATRIZ-COLUMNAS-BD.csv,INCLUIR,Código / pruebas / documentación / evidencia estructural revisada
docs/implementacion-maestra/34-RELACIONES-BD.md,INCLUIR,Código / pruebas / documentación / evidencia estructural revisada
docs/implementacion-maestra/35-MODELO-DATOS-OBJETIVO.md,INCLUIR,Código / pruebas / documentación / evidencia estructural revisada
docs/implementacion-maestra/36-DEUDA-TECNICA-BD.md,INCLUIR,Código / pruebas / documentación / evidencia estructural revisada
docs/implementacion-maestra/MATRIZ-105-VENTANAS.md,INCLUIR,Código / pruebas / documentación / evidencia estructural revisada
docs/implementacion-maestra/MATRIZ-CONCILIACION-105.csv,INCLUIR,Código / pruebas / documentación / evidencia estructural revisada
docs/implementacion-maestra/evidencia/actualizar-documentacion.ps1,INCLUIR,Código / pruebas / documentación / evidencia estructural revisada
docs/implementacion-maestra/evidencia/auditar-archivos.ps1,INCLUIR,Código / pruebas / documentación / evidencia estructural revisada
docs/implementacion-maestra/evidencia/auditar-bd-estatico.py,INCLUIR,Código / pruebas / documentación / evidencia estructural revisada
docs/implementacion-maestra/evidencia/auditar-support.ps1,INCLUIR,Código / pruebas / documentación / evidencia estructural revisada
docs/implementacion-maestra/evidencia/bd-105-ventanas.csv,INCLUIR,Código / pruebas / documentación / evidencia estructural revisada
docs/implementacion-maestra/evidencia/bd-25-migrations-antes-revision.md,INCLUIR,Código / pruebas / documentación / evidencia estructural revisada
docs/implementacion-maestra/evidencia/bd-arquitectura-original-baseline.csv,INCLUIR,Código / pruebas / documentación / evidencia estructural revisada
docs/implementacion-maestra/evidencia/bd-consultas-a-optimizar.csv,INCLUIR,Código / pruebas / documentación / evidencia estructural revisada
docs/implementacion-maestra/evidencia/bd-decisiones-migrations.csv,INCLUIR,Código / pruebas / documentación / evidencia estructural revisada
docs/implementacion-maestra/evidencia/bd-documentacion-revisada.csv,INCLUIR,Código / pruebas / documentación / evidencia estructural revisada
docs/implementacion-maestra/evidencia/bd-estructura-estatica.json,INCLUIR,Código / pruebas / documentación / evidencia estructural revisada
docs/implementacion-maestra/evidencia/bd-fks.csv,INCLUIR,Código / pruebas / documentación / evidencia estructural revisada
docs/implementacion-maestra/evidencia/bd-indices-declarados.csv,INCLUIR,Código / pruebas / documentación / evidencia estructural revisada
docs/implementacion-maestra/evidencia/bd-indices-recomendados.csv,INCLUIR,Código / pruebas / documentación / evidencia estructural revisada
docs/implementacion-maestra/evidencia/bd-lectura-fuentes.json,INCLUIR,Código / pruebas / documentación / evidencia estructural revisada
docs/implementacion-maestra/evidencia/bd-modelos.csv,INCLUIR,Código / pruebas / documentación / evidencia estructural revisada
docs/implementacion-maestra/evidencia/bd-peter3-data.csv,INCLUIR,Código / pruebas / documentación / evidencia estructural revisada
docs/implementacion-maestra/evidencia/bd-preservacion-baseline.csv,INCLUIR,Código / pruebas / documentación / evidencia estructural revisada
docs/implementacion-maestra/evidencia/bd-preservacion-verificacion.json,INCLUIR,Código / pruebas / documentación / evidencia estructural revisada
docs/implementacion-maestra/evidencia/bd-referencias-no-declaradas.csv,INCLUIR,Código / pruebas / documentación / evidencia estructural revisada
docs/implementacion-maestra/evidencia/bd-relaciones-cardinalidad.csv,INCLUIR,Código / pruebas / documentación / evidencia estructural revisada
docs/implementacion-maestra/evidencia/bd-resumen.json,INCLUIR,Código / pruebas / documentación / evidencia estructural revisada
docs/implementacion-maestra/evidencia/bd-riesgos.csv,INCLUIR,Código / pruebas / documentación / evidencia estructural revisada
docs/implementacion-maestra/evidencia/bd-schema-vs-sql.csv,INCLUIR,Código / pruebas / documentación / evidencia estructural revisada
docs/implementacion-maestra/evidencia/bd-services-tablas.csv,INCLUIR,Código / pruebas / documentación / evidencia estructural revisada
docs/implementacion-maestra/evidencia/bd-support-tablas-columnas.csv,INCLUIR,Código / pruebas / documentación / evidencia estructural revisada
docs/implementacion-maestra/evidencia/bd-syntax-migrations.csv,INCLUIR,Código / pruebas / documentación / evidencia estructural revisada
docs/implementacion-maestra/evidencia/bd-validacion.json,INCLUIR,Código / pruebas / documentación / evidencia estructural revisada
docs/implementacion-maestra/evidencia/catalogo-original-105.csv,INCLUIR,Código / pruebas / documentación / evidencia estructural revisada
docs/implementacion-maestra/evidencia/cierre-auditoria-archivos.csv,INCLUIR,Código / pruebas / documentación / evidencia estructural revisada
docs/implementacion-maestra/evidencia/cierre-baseline.csv,INCLUIR,Código / pruebas / documentación / evidencia estructural revisada
docs/implementacion-maestra/evidencia/cierre-git-manifiesto.csv,INCLUIR,Código / pruebas / documentación / evidencia estructural revisada
docs/implementacion-maestra/evidencia/cierre-modelos-schema.csv,INCLUIR,Código / pruebas / documentación / evidencia estructural revisada
docs/implementacion-maestra/evidencia/cierre-npm-audit-resumen.csv,INCLUIR,Código / pruebas / documentación / evidencia estructural revisada
docs/implementacion-maestra/evidencia/cierre-npm-audit.json,INCLUIR,Código / pruebas / documentación / evidencia estructural revisada
docs/implementacion-maestra/evidencia/cierre-precommit-validacion.json,INCLUIR,Código / pruebas / documentación / evidencia estructural revisada
docs/implementacion-maestra/evidencia/cierre-routes.json,INCLUIR,Código / pruebas / documentación / evidencia estructural revisada
docs/implementacion-maestra/evidencia/cierre-schema-baseline.csv,INCLUIR,Código / pruebas / documentación / evidencia estructural revisada
docs/implementacion-maestra/evidencia/cierre-verificacion-rutas-blade.json,INCLUIR,Código / pruebas / documentación / evidencia estructural revisada
docs/implementacion-maestra/evidencia/conciliar-catalogo.ps1,INCLUIR,Código / pruebas / documentación / evidencia estructural revisada
docs/implementacion-maestra/evidencia/documentar-bd-maestra.py,INCLUIR,Código / pruebas / documentación / evidencia estructural revisada
docs/implementacion-maestra/evidencia/documentar-support.ps1,INCLUIR,Código / pruebas / documentación / evidencia estructural revisada
docs/implementacion-maestra/evidencia/inventario-arquitectura-original.csv,INCLUIR,Código / pruebas / documentación / evidencia estructural revisada
docs/implementacion-maestra/evidencia/inventario-peter2.csv,INCLUIR,Código / pruebas / documentación / evidencia estructural revisada
docs/implementacion-maestra/evidencia/partials-baseline.csv,INCLUIR,Código / pruebas / documentación / evidencia estructural revisada
docs/implementacion-maestra/evidencia/routes.json,INCLUIR,Código / pruebas / documentación / evidencia estructural revisada
docs/implementacion-maestra/evidencia/support-inventario.csv,INCLUIR,Código / pruebas / documentación / evidencia estructural revisada
docs/implementacion-maestra/evidencia/support-routes.json,INCLUIR,Código / pruebas / documentación / evidencia estructural revisada
docs/implementacion-maestra/evidencia/support-verificacion-rutas-blade.json,INCLUIR,Código / pruebas / documentación / evidencia estructural revisada
docs/implementacion-maestra/evidencia/verificar-bd-documentacion.py,INCLUIR,Código / pruebas / documentación / evidencia estructural revisada
docs/implementacion-maestra/evidencia/verificar-cierre.php,INCLUIR,Código / pruebas / documentación / evidencia estructural revisada
resources/js/app.js,INCLUIR,Código / pruebas / documentación / evidencia estructural revisada
resources/views/admin/dashboard-administrador.blade.php,INCLUIR,Código / pruebas / documentación / evidencia estructural revisada
resources/views/aula-virtual/componentes/course-card.blade.php,INCLUIR,Código / pruebas / documentación / evidencia estructural revisada
resources/views/aula-virtual/cursos/index-docente.blade.php,INCLUIR,Código / pruebas / documentación / evidencia estructural revisada
resources/views/aula-virtual/cursos/index-estudiante.blade.php,INCLUIR,Código / pruebas / documentación / evidencia estructural revisada
resources/views/aula-virtual/cursos/show-docente.blade.php,INCLUIR,Código / pruebas / documentación / evidencia estructural revisada
resources/views/aula-virtual/cursos/show-estudiante.blade.php,INCLUIR,Código / pruebas / documentación / evidencia estructural revisada
resources/views/aula-virtual/dashboard/docente.blade.php,INCLUIR,Código / pruebas / documentación / evidencia estructural revisada
resources/views/aula-virtual/dashboard/estudiante.blade.php,INCLUIR,Código / pruebas / documentación / evidencia estructural revisada
resources/views/aula-virtual/layouts/app.blade.php,INCLUIR,Código / pruebas / documentación / evidencia estructural revisada
resources/views/aula-virtual/layouts/sidebar.blade.php,INCLUIR,Código / pruebas / documentación / evidencia estructural revisada
resources/views/aula-virtual/orientacion/seguimiento-docente.blade.php,INCLUIR,Código / pruebas / documentación / evidencia estructural revisada
resources/views/aula-virtual/reportes/index.blade.php,INCLUIR,Código / pruebas / documentación / evidencia estructural revisada
resources/views/aula-virtual/tareas/entregar.blade.php,INCLUIR,Código / pruebas / documentación / evidencia estructural revisada
resources/views/aula-virtual/tareas/revisar.blade.php,INCLUIR,Código / pruebas / documentación / evidencia estructural revisada
resources/views/components/actor-menu.blade.php,INCLUIR,Código / pruebas / documentación / evidencia estructural revisada
resources/views/components/asistencia-inteligente.blade.php,INCLUIR,Código / pruebas / documentación / evidencia estructural revisada
resources/views/docente/calificaciones.blade.php,INCLUIR,Código / pruebas / documentación / evidencia estructural revisada
resources/views/estudiante/area.blade.php,INCLUIR,Código / pruebas / documentación / evidencia estructural revisada
resources/views/layouts/app.blade.php,INCLUIR,Código / pruebas / documentación / evidencia estructural revisada
resources/views/layouts/sidebar.blade.php,INCLUIR,Código / pruebas / documentación / evidencia estructural revisada
resources/views/livewire/admin/calificaciones.blade.php,INCLUIR,Código / pruebas / documentación / evidencia estructural revisada
resources/views/livewire/admin/gestion-academica.blade.php,INCLUIR,Código / pruebas / documentación / evidencia estructural revisada
resources/views/livewire/admin/gestion-docente.blade.php,INCLUIR,Código / pruebas / documentación / evidencia estructural revisada
resources/views/livewire/admin/gestion-usuarios.blade.php,INCLUIR,Código / pruebas / documentación / evidencia estructural revisada
resources/views/livewire/admin/partials/catalogo-institucional.blade.php,INCLUIR,Código / pruebas / documentación / evidencia estructural revisada
resources/views/livewire/aula-virtual/materiales/crear-material.blade.php,INCLUIR,Código / pruebas / documentación / evidencia estructural revisada
resources/views/livewire/aula-virtual/orientacion/explorador-vocacional.blade.php,INCLUIR,Código / pruebas / documentación / evidencia estructural revisada
resources/views/livewire/aula-virtual/tareas/crear-tarea.blade.php,INCLUIR,Código / pruebas / documentación / evidencia estructural revisada
resources/views/livewire/secretaria/cuentas.blade.php,INCLUIR,Código / pruebas / documentación / evidencia estructural revisada
resources/views/livewire/shared/academic-plan.blade.php,INCLUIR,Código / pruebas / documentación / evidencia estructural revisada
resources/views/livewire/shared/academic-sources.blade.php,INCLUIR,Código / pruebas / documentación / evidencia estructural revisada
resources/views/livewire/shared/course-content.blade.php,INCLUIR,Código / pruebas / documentación / evidencia estructural revisada
resources/views/livewire/shared/course-list.blade.php,INCLUIR,Código / pruebas / documentación / evidencia estructural revisada
resources/views/livewire/shared/course-workspace.blade.php,INCLUIR,Código / pruebas / documentación / evidencia estructural revisada
resources/views/livewire/shared/institutional-query.blade.php,INCLUIR,Código / pruebas / documentación / evidencia estructural revisada
resources/views/livewire/shared/institutional-record-drawer.blade.php,INCLUIR,Código / pruebas / documentación / evidencia estructural revisada
resources/views/livewire/shared/kardex-draft.blade.php,INCLUIR,Código / pruebas / documentación / evidencia estructural revisada
resources/views/livewire/shared/module-search.blade.php,INCLUIR,Código / pruebas / documentación / evidencia estructural revisada
resources/views/livewire/shared/notification-center.blade.php,INCLUIR,Código / pruebas / documentación / evidencia estructural revisada
resources/views/livewire/shared/student-drawer.blade.php,INCLUIR,Código / pruebas / documentación / evidencia estructural revisada
resources/views/livewire/shared/study-assistant.blade.php,INCLUIR,Código / pruebas / documentación / evidencia estructural revisada
resources/views/livewire/shared/teacher-grade-form.blade.php,INCLUIR,Código / pruebas / documentación / evidencia estructural revisada
resources/views/pdf/reportes/curso-aula.blade.php,INCLUIR,Código / pruebas / documentación / evidencia estructural revisada
resources/views/pdf/reportes/regencia.blade.php,INCLUIR,Código / pruebas / documentación / evidencia estructural revisada
resources/views/workspaces/calendario.blade.php,INCLUIR,Código / pruebas / documentación / evidencia estructural revisada
resources/views/workspaces/consulta.blade.php,INCLUIR,Código / pruebas / documentación / evidencia estructural revisada
resources/views/workspaces/documentacion.blade.php,INCLUIR,Código / pruebas / documentación / evidencia estructural revisada
resources/views/workspaces/domain-boundary.blade.php,INCLUIR,Código / pruebas / documentación / evidencia estructural revisada
resources/views/workspaces/institucional.blade.php,INCLUIR,Código / pruebas / documentación / evidencia estructural revisada
resources/views/workspaces/mis-grados.blade.php,INCLUIR,Código / pruebas / documentación / evidencia estructural revisada
resources/views/workspaces/reportes-regencia.blade.php,INCLUIR,Código / pruebas / documentación / evidencia estructural revisada
resources/views/workspaces/reportes.blade.php,INCLUIR,Código / pruebas / documentación / evidencia estructural revisada
routes/actors.php,INCLUIR,Código / pruebas / documentación / evidencia estructural revisada
routes/admin.php,INCLUIR,Código / pruebas / documentación / evidencia estructural revisada
routes/aula_virtual.php,INCLUIR,Código / pruebas / documentación / evidencia estructural revisada
routes/direccion.php,INCLUIR,Código / pruebas / documentación / evidencia estructural revisada
routes/docente.php,INCLUIR,Código / pruebas / documentación / evidencia estructural revisada
routes/estudiante.php,INCLUIR,Código / pruebas / documentación / evidencia estructural revisada
routes/regencia.php,INCLUIR,Código / pruebas / documentación / evidencia estructural revisada
routes/secretaria.php,INCLUIR,Código / pruebas / documentación / evidencia estructural revisada
routes/web.php,INCLUIR,Código / pruebas / documentación / evidencia estructural revisada
routes/workspace_domains.php,INCLUIR,Código / pruebas / documentación / evidencia estructural revisada
tests/Feature/AcademicGoalDraftTest.php,INCLUIR,Código / pruebas / documentación / evidencia estructural revisada
tests/Feature/AuthenticationPersistenceTest.php,INCLUIR,Código / pruebas / documentación / evidencia estructural revisada
tests/Feature/AuthenticationTest.php,INCLUIR,Código / pruebas / documentación / evidencia estructural revisada
tests/Feature/Authorization/WorkspaceAuthorizationTest.php,INCLUIR,Código / pruebas / documentación / evidencia estructural revisada
tests/Feature/FortifyScreenTest.php,INCLUIR,Código / pruebas / documentación / evidencia estructural revisada
tests/Feature/InstitutionalQueryInteractionTest.php,INCLUIR,Código / pruebas / documentación / evidencia estructural revisada
tests/Feature/KardexPreventiveDraftTest.php,INCLUIR,Código / pruebas / documentación / evidencia estructural revisada
tests/Feature/PasswordConfirmationTest.php,INCLUIR,Código / pruebas / documentación / evidencia estructural revisada
tests/Feature/PasswordResetTest.php,INCLUIR,Código / pruebas / documentación / evidencia estructural revisada
tests/Feature/RegistrationPersistenceTest.php,INCLUIR,Código / pruebas / documentación / evidencia estructural revisada
tests/Feature/RegistrationTest.php,INCLUIR,Código / pruebas / documentación / evidencia estructural revisada
tests/Feature/SecretaryCatalogDetailTest.php,INCLUIR,Código / pruebas / documentación / evidencia estructural revisada
tests/Feature/SpecializedSupportBoundaryTest.php,INCLUIR,Código / pruebas / documentación / evidencia estructural revisada
tests/Feature/SupportLivewireIntegrationTest.php,INCLUIR,Código / pruebas / documentación / evidencia estructural revisada
tests/Feature/TeacherGradeSupportTest.php,INCLUIR,Código / pruebas / documentación / evidencia estructural revisada
tests/Feature/TeacherReportPdfTest.php,INCLUIR,Código / pruebas / documentación / evidencia estructural revisada
tests/Feature/WorkspaceHttpBoundaryTest.php,INCLUIR,Código / pruebas / documentación / evidencia estructural revisada
tests/Fixtures/views/persona-form.blade.php,INCLUIR,Código / pruebas / documentación / evidencia estructural revisada
tests/TestCase.php,INCLUIR,Código / pruebas / documentación / evidencia estructural revisada
tests/Unit/AcademicPeriodPresentationTest.php,INCLUIR,Código / pruebas / documentación / evidencia estructural revisada
tests/Unit/AcademicSecurityTest.php,INCLUIR,Código / pruebas / documentación / evidencia estructural revisada
tests/Unit/AporteIngenierilClientTest.php,INCLUIR,Código / pruebas / documentación / evidencia estructural revisada
tests/Unit/AuthorizationBoundariesTest.php,INCLUIR,Código / pruebas / documentación / evidencia estructural revisada
tests/Unit/HistoricalReportAuthorizationTest.php,INCLUIR,Código / pruebas / documentación / evidencia estructural revisada
tests/Unit/InstitutionalCatalogFilterTest.php,INCLUIR,Código / pruebas / documentación / evidencia estructural revisada
tests/Unit/InstitutionalRoleGovernanceTest.php,INCLUIR,Código / pruebas / documentación / evidencia estructural revisada
tests/Unit/InstitutionalScopeContractTest.php,INCLUIR,Código / pruebas / documentación / evidencia estructural revisada
tests/Unit/KardexBoundaryTest.php,INCLUIR,Código / pruebas / documentación / evidencia estructural revisada
tests/Unit/NotificationBoundaryTest.php,INCLUIR,Código / pruebas / documentación / evidencia estructural revisada
tests/Unit/PreparedPersistenceBoundaryTest.php,INCLUIR,Código / pruebas / documentación / evidencia estructural revisada
tests/Unit/PrivateFilePathTest.php,INCLUIR,Código / pruebas / documentación / evidencia estructural revisada
tests/Unit/RegencyReportScopeTest.php,INCLUIR,Código / pruebas / documentación / evidencia estructural revisada
tests/Unit/RoleDashboardResolverTest.php,INCLUIR,Código / pruebas / documentación / evidencia estructural revisada
tests/Unit/RoleRequestAuthorizationTest.php,INCLUIR,Código / pruebas / documentación / evidencia estructural revisada
tests/Unit/SubmissionAuthorizationTest.php,INCLUIR,Código / pruebas / documentación / evidencia estructural revisada
tests/Unit/SupportPreventiveTest.php,INCLUIR,Código / pruebas / documentación / evidencia estructural revisada
tests/Unit/WorkspaceIntegrityTest.php,INCLUIR,Código / pruebas / documentación / evidencia estructural revisada
PETER2_REESTRUCTURACION.patch,EXCLUIR,patch antiguo / log o reporte crudo / temporal / contenido protegido
docs/implementacion-maestra/evidencia/blade-cache.txt,EXCLUIR,patch antiguo / log o reporte crudo / temporal / contenido protegido
docs/implementacion-maestra/evidencia/blade-php-lint.txt,EXCLUIR,patch antiguo / log o reporte crudo / temporal / contenido protegido
docs/implementacion-maestra/evidencia/cierre-blade-cache.txt,EXCLUIR,patch antiguo / log o reporte crudo / temporal / contenido protegido
docs/implementacion-maestra/evidencia/cierre-blade-lint.txt,EXCLUIR,patch antiguo / log o reporte crudo / temporal / contenido protegido
docs/implementacion-maestra/evidencia/cierre-composer.txt,EXCLUIR,patch antiguo / log o reporte crudo / temporal / contenido protegido
docs/implementacion-maestra/evidencia/cierre-diff-check.txt,EXCLUIR,patch antiguo / log o reporte crudo / temporal / contenido protegido
docs/implementacion-maestra/evidencia/cierre-diff-stat.txt,EXCLUIR,patch antiguo / log o reporte crudo / temporal / contenido protegido
docs/implementacion-maestra/evidencia/cierre-git-status.txt,EXCLUIR,patch antiguo / log o reporte crudo / temporal / contenido protegido
docs/implementacion-maestra/evidencia/cierre-metas-recheck.txt,EXCLUIR,patch antiguo / log o reporte crudo / temporal / contenido protegido
docs/implementacion-maestra/evidencia/cierre-migrations-lint.txt,EXCLUIR,patch antiguo / log o reporte crudo / temporal / contenido protegido
docs/implementacion-maestra/evidencia/cierre-modelos-relaciones.txt,EXCLUIR,patch antiguo / log o reporte crudo / temporal / contenido protegido
docs/implementacion-maestra/evidencia/cierre-npm-ci.txt,EXCLUIR,patch antiguo / log o reporte crudo / temporal / contenido protegido
docs/implementacion-maestra/evidencia/cierre-php-lint.txt,EXCLUIR,patch antiguo / log o reporte crudo / temporal / contenido protegido
docs/implementacion-maestra/evidencia/cierre-pint.txt,EXCLUIR,patch antiguo / log o reporte crudo / temporal / contenido protegido
docs/implementacion-maestra/evidencia/cierre-preflight.txt,EXCLUIR,patch antiguo / log o reporte crudo / temporal / contenido protegido
docs/implementacion-maestra/evidencia/cierre-preservacion.txt,EXCLUIR,patch antiguo / log o reporte crudo / temporal / contenido protegido
docs/implementacion-maestra/evidencia/cierre-routes-inicial.txt,EXCLUIR,patch antiguo / log o reporte crudo / temporal / contenido protegido
docs/implementacion-maestra/evidencia/cierre-schema-referencias.txt,EXCLUIR,patch antiguo / log o reporte crudo / temporal / contenido protegido
docs/implementacion-maestra/evidencia/cierre-tests.txt,EXCLUIR,patch antiguo / log o reporte crudo / temporal / contenido protegido
docs/implementacion-maestra/evidencia/cierre-tests.xml,EXCLUIR,patch antiguo / log o reporte crudo / temporal / contenido protegido
docs/implementacion-maestra/evidencia/cierre-unit-inicial.txt,EXCLUIR,patch antiguo / log o reporte crudo / temporal / contenido protegido
docs/implementacion-maestra/evidencia/cierre-vite-build.txt,EXCLUIR,patch antiguo / log o reporte crudo / temporal / contenido protegido
docs/implementacion-maestra/evidencia/composer-validate.txt,EXCLUIR,patch antiguo / log o reporte crudo / temporal / contenido protegido
docs/implementacion-maestra/evidencia/conciliacion-verificacion.txt,EXCLUIR,patch antiguo / log o reporte crudo / temporal / contenido protegido
docs/implementacion-maestra/evidencia/git-diff-check.txt,EXCLUIR,patch antiguo / log o reporte crudo / temporal / contenido protegido
docs/implementacion-maestra/evidencia/git-diff-stat.txt,EXCLUIR,patch antiguo / log o reporte crudo / temporal / contenido protegido
docs/implementacion-maestra/evidencia/git-modificados.txt,EXCLUIR,patch antiguo / log o reporte crudo / temporal / contenido protegido
docs/implementacion-maestra/evidencia/git-nuevos.txt,EXCLUIR,patch antiguo / log o reporte crudo / temporal / contenido protegido
docs/implementacion-maestra/evidencia/git-preservacion.txt,EXCLUIR,patch antiguo / log o reporte crudo / temporal / contenido protegido
docs/implementacion-maestra/evidencia/git-status.txt,EXCLUIR,patch antiguo / log o reporte crudo / temporal / contenido protegido
docs/implementacion-maestra/evidencia/partials-catalog-pint.txt,EXCLUIR,patch antiguo / log o reporte crudo / temporal / contenido protegido
docs/implementacion-maestra/evidencia/partials-catalog-tests.txt,EXCLUIR,patch antiguo / log o reporte crudo / temporal / contenido protegido
docs/implementacion-maestra/evidencia/partials-goal-tests.txt,EXCLUIR,patch antiguo / log o reporte crudo / temporal / contenido protegido
docs/implementacion-maestra/evidencia/partials-query-tests.txt,EXCLUIR,patch antiguo / log o reporte crudo / temporal / contenido protegido
docs/implementacion-maestra/evidencia/php-lint.txt,EXCLUIR,patch antiguo / log o reporte crudo / temporal / contenido protegido
docs/implementacion-maestra/evidencia/support-audit.txt,EXCLUIR,patch antiguo / log o reporte crudo / temporal / contenido protegido
docs/implementacion-maestra/evidencia/support-auditoria-archivos.txt,EXCLUIR,patch antiguo / log o reporte crudo / temporal / contenido protegido
docs/implementacion-maestra/evidencia/support-blade-lint.txt,EXCLUIR,patch antiguo / log o reporte crudo / temporal / contenido protegido
docs/implementacion-maestra/evidencia/support-composer.txt,EXCLUIR,patch antiguo / log o reporte crudo / temporal / contenido protegido
docs/implementacion-maestra/evidencia/support-conciliacion-verificacion.txt,EXCLUIR,patch antiguo / log o reporte crudo / temporal / contenido protegido
docs/implementacion-maestra/evidencia/support-diff-check.txt,EXCLUIR,patch antiguo / log o reporte crudo / temporal / contenido protegido
docs/implementacion-maestra/evidencia/support-diff-stat.txt,EXCLUIR,patch antiguo / log o reporte crudo / temporal / contenido protegido
docs/implementacion-maestra/evidencia/support-full-tests.txt,EXCLUIR,patch antiguo / log o reporte crudo / temporal / contenido protegido
docs/implementacion-maestra/evidencia/support-full-tests.xml,EXCLUIR,patch antiguo / log o reporte crudo / temporal / contenido protegido
docs/implementacion-maestra/evidencia/support-git-status.txt,EXCLUIR,patch antiguo / log o reporte crudo / temporal / contenido protegido
docs/implementacion-maestra/evidencia/support-integration.txt,EXCLUIR,patch antiguo / log o reporte crudo / temporal / contenido protegido
docs/implementacion-maestra/evidencia/support-integration.xml,EXCLUIR,patch antiguo / log o reporte crudo / temporal / contenido protegido
docs/implementacion-maestra/evidencia/support-php-lint.txt,EXCLUIR,patch antiguo / log o reporte crudo / temporal / contenido protegido
docs/implementacion-maestra/evidencia/support-pint.txt,EXCLUIR,patch antiguo / log o reporte crudo / temporal / contenido protegido
docs/implementacion-maestra/evidencia/support-preservacion.txt,EXCLUIR,patch antiguo / log o reporte crudo / temporal / contenido protegido
docs/implementacion-maestra/evidencia/support-screen-tests.txt,EXCLUIR,patch antiguo / log o reporte crudo / temporal / contenido protegido
docs/implementacion-maestra/evidencia/support-unit.xml,EXCLUIR,patch antiguo / log o reporte crudo / temporal / contenido protegido
docs/implementacion-maestra/evidencia/support-vite-build.txt,EXCLUIR,patch antiguo / log o reporte crudo / temporal / contenido protegido
docs/implementacion-maestra/evidencia/teacher-grade-pint.txt,EXCLUIR,patch antiguo / log o reporte crudo / temporal / contenido protegido
docs/implementacion-maestra/evidencia/teacher-grade-support-tests.txt,EXCLUIR,patch antiguo / log o reporte crudo / temporal / contenido protegido
docs/implementacion-maestra/evidencia/tests.txt,EXCLUIR,patch antiguo / log o reporte crudo / temporal / contenido protegido
docs/implementacion-maestra/evidencia/vite-build.txt,EXCLUIR,patch antiguo / log o reporte crudo / temporal / contenido protegido
