"File","SHA256"
".env.example","4758D4D63FDB05CF17B57519067A9010364D838919F11594C76D525D231FE204"
"app/Contracts/SpecializedAcademicClient.php","337EB84B7FF756729241DF7B7D50DC33EC3A682B9190E2FF3893BCEBB123AAAA"
"app/Http/Controllers/Admin/ReportePdfController.php","F0407B7F8F574D8C26C27B4B619180EBE8926287DB0EF38262D4DAD934E92742"
"app/Http/Controllers/AdminDashboardController.php","D9953133F24E2D604BE13ECB1DFB5F002B728C0498D4BA1F8649F8433A7DB821"
"app/Http/Controllers/AulaVirtual/AsistenciaController.php","C23D0F7A18238DFFA86A6FA2D66B5DA2D270521B920AA6E1D11F5C23566CEA8E"
"app/Http/Controllers/AulaVirtual/EntregaController.php","C90297AB74836E2CD46676CEE0C698066EEB391C0B9616D8D37D14A4C4CEE9DD"
"app/Http/Controllers/AulaVirtual/MaterialController.php","3E877A1191370471DB04CEEA0407E1CB9FE528F04ACD74DDF8A337407E85772F"
"app/Http/Controllers/AulaVirtual/TareaController.php","C1249B74F919A9A86FCEDDCB0919535586520AD0A9A6C67697237550B012EE57"
"app/Http/Controllers/DashboardController.php","1D83841FB3808823939FD04545C628BEBA243125A6E7B9AAA14376E48A9812E1"
"app/Http/Controllers/Estudiante/ExperienceController.php","15BC46FB4F5E358EE28C4C352D6EB14EF20C5A596A34E193E66B269AFB6FEFDC"
"app/Http/Controllers/InstitutionalQueryController.php","8FA34334CF869B95643CDD23D8C763500708351247A2A8E9080F6CBEBEAC082B"
"app/Http/Controllers/WorkspaceController.php","12AD2242A4665318BDEFD8799CBFED1D5E12B3F33F00AC3DC9A26F37CDEDEC11"
"app/Http/Middleware/EnsureActorRole.php","BBC10850B6040A02A6EC7E3D138D274DA25D582D4575EB54AFEE3407E43C0D1C"
"app/Livewire/Admin/GestionUsuarios.php","1FEE4EC25DD1904ADADFFFF06B34C0E818060DE71F924C38E30C1FFA1F7795D9"
"app/Livewire/AulaVirtual/Cursos/CursoDetalleDocente.php","9FC1D731D34D3A17E539FF0B8C6C67A46ACB144A3E0A8C32F05F256F4E5C12F3"
"app/Livewire/AulaVirtual/Cursos/CursoDetalleEstudiante.php","6A32F78A7E3BD5FFCB3C1D73B5D526F7D65E742D12BAB3C63F1164F653A734E2"
"app/Livewire/AulaVirtual/Materiales/CrearMaterial.php","425586753702E0F3908DA5FDE90FB0F8976EA614F8836E7BD33E89D895195378"
"app/Livewire/AulaVirtual/Materiales/EditarMaterial.php","B1BF0DFB3413B829098A6BC7EAD01416B3DF05A1491C86D2B4A4962C8BA810EA"
"app/Livewire/AulaVirtual/Orientacion/ExploradorVocacional.php","06F1C16898ED4AF9BC2609E5460265FE9F50BC7DEB466356D2E3A472E4B522C9"
"app/Livewire/AulaVirtual/Tareas/CrearTarea.php","A078E557A478FF39B056AF9B8BBFDFE36F6D92CC1BF200878D92238BDAF51FEA"
"app/Livewire/AulaVirtual/Tareas/EditarTarea.php","989E542BAA791E3494A192E371F1FEB23E3D69B4CEF65D21BD8F0634AE85D96F"
"app/Livewire/InstitutionalAuthorization.php","17EF4F98FF7076E95E7440E53A043A4CBF34C03C49B1C9675CC4C985B7844470"
"app/Livewire/Shared/CourseContent.php","8A13FD5B440FDC8387AEC8D5E024ADDB0C768961618CED30E1152009B9C1B441"
"app/Livewire/Shared/CourseWorkspace.php","EB82A02AA5324C2A757B749640C2F1B2948449D94AB1BD09FD9A87E7884CB6C9"
"app/Livewire/Shared/ModuleSearch.php","AB0D7AA5B12419C1ABA4C6DC22D997271268D9F30CB7AA38035DFB5049CECCA4"
"app/Livewire/Shared/StudyAssistant.php","367A3431071D08C6DB3932496989891BFFCC759AD148AD5334466D5A1FE85F26"
"app/Policies/AulaVirtualEntregaPolicy.php","CFB206A6E30892FF069510EE7D4364A6DF2DB53642F44595385F87E61BF63F4F"
"app/Policies/AulaVirtualTareaPolicy.php","43936834EF787F5D9AFCA92256A4A004E975C47A6405823DBBEBF216F74DA249"
"app/Providers/AppServiceProvider.php","D31286EEA1F6203708F108E78BA97E8AB92D8D61995FC689DA011ED23F393A6E"
"app/Services/AcademicAccessService.php","F4C7D029AA512EFCCF1168342EE3946B6ED302EB1FD3F2C8C348F13ADB03AE2B"
"app/Services/AporteIngenieril/AnalysisService.php","AD55DBCDA247E10D35DD2B647A34C177EB7A0D1E5FFE13AC7B10E67F88DF804F"
"app/Services/AporteIngenieril/AporteIngenierilClient.php","C0FA676EF5D9126035EDE0DAC5482D707C4D2C48C4BAB4C4018D3A664F00C9D5"
"app/Services/AporteIngenieril/KnowledgeService.php","9CA245F790636ACAEB2F055996C4DB62349F1A86880D9B07CEC022B64E16BAB3"
"app/Services/AporteIngenieril/TutorService.php","C56ED1D00AC52D5D0D5C569E03C944813484E2572D82A5F22304D0E3014248A0"
"app/Services/AulaVirtual/AsistenciaService.php","DAFB374CC93CE9FA4B27A8E2F1EB588F46D24BA4B6995B8806EC7395AF74DB0B"
"app/Services/AulaVirtual/CursoVirtualService.php","CE2FDC5C0BBD25A65835F40F9D19C68C4042E8203828F39A5EC7F88253544943"
"app/Services/AulaVirtual/EntregaService.php","DC0A758B5DCB0A574F8850B0DAEA3160134B392B512E2D285E12432125435841"
"app/Services/AulaVirtual/MaterialService.php","14D689BAF772A0623D880CBCEA57C84E0FDF8DFE6155A1FFFAC8F80AA2A73131"
"app/Services/AulaVirtual/OrientacionService.php","5586CADC45AD88EC6A50F4AE95218ECC978808801916399E226C55DBB1F8971D"
"app/Services/AulaVirtual/PublicacionService.php","0E4308C45E0C5E2457E3F64810332D2A4BD9A170B57B2D62823A00932E1192C1"
"app/Services/AulaVirtual/TareaService.php","568B2AE854E39C28E492D0D62B8E6168D7E19BD3EEB5A87DF0CB65F889E66C18"
"app/Services/GradeService.php","BC46682BC46C15E6F08C0044829FC3FC77432E0900D7537074956C4644A91460"
"app/Services/InstitutionalDashboardService.php","0598D9E2AC4470C3D5FB88331A02ED93E5BB578B7D597D465C1D9859160B82BA"
"app/Services/InstitutionalQueryService.php","C174D0F07E56219ECC4D402E028DDD30364DBE0C07C6F9F5A945CA1193305D82"
"app/Services/OperationalAccountService.php","C6F0DCC22A4E34F4444881B3B1F661287A643455336723090546E8CD8C5F250A"
"app/Services/RegencyAccessService.php","9B435EC4F3AABF924496D4929E0275D8EBFFECE605B642A19D97A46D0284602C"
"app/Services/ReportAccessService.php","D97B6D8A0115D6764E9E4124F9FF01EBBB81AA2B9D6301D43DFDEA5AC7A25722"
"app/Services/Reportes/GeneradorSqlAcademicoService.php","A988C566C3415A3FC3545D1EE2E4F73D444E1A40E9AC935B5415ECB41BE1D17B"
"app/Services/Reportes/GeneradorZipReportesService.php","B6A5BC234EBF839C9DD786A9263574D075921BC09FD333FDA7B3C1B115CAE25F"
"app/Services/RoleDashboardResolver.php","4838A35C76B26E090CDF6FACB205C57E638A0FDCB203A7F6D5F53EBDBF829CE9"
"app/Services/RolePermissionService.php","3CCB5ABCD81DEB227E3811E11E240EFE608A6D1F24F719483B14BD6C40562EB8"
"app/Services/RoleRequestService.php","B0995ECA2CE5FA5EE099C3A302AE41DA3779F5D69AC4896B18D012AD05F1166C"
"app/Support/PrivateFilePath.php","52472F8EA9F729A8934BCF4ADA79C68CEFA215146945F23CA58B15E22256F26C"
"app/Support/WorkspaceNavigation.php","A0814C66807575E813C5F95432D39579CF5EC762D7B855055973B75ED9B958CA"
"config/services.php","1783C78018CF0D65B498372413DD97A05E3C5ECAE285A6B094E25354633E9A87"
"docs/implementacion-maestra/00-ESTADO.md","5758567EE2AF0AB0457E5ADEF3B45B9BD717F5532B5F8DCC9228D7CEF3B17B95"
"docs/implementacion-maestra/01-RUTAS.md","A38E1400D2622B6FBCF6DE25B72B663414A3DF725BA62A8DDE0903FE4560BDDB"
"docs/implementacion-maestra/02-WORKSPACES.md","61561B736AC3E6D03D20DE1200151A36030435808EB7BF6166642E6D2093F6B9"
"docs/implementacion-maestra/03-ADMIN.md","94FDCBB63A7F507FA360BC14EFCF42575A5328853EDD370F6712A067892EC14F"
"docs/implementacion-maestra/04-DIRECTOR.md","CBE845D92EE63D757F73F086EEEDBE5D086FF0897FE0032E19E6DBC27ECBE039"
"docs/implementacion-maestra/05-SECRETARIA.md","A91B9FE9D592E2DA5711163B0EF8D1451675E0E126862352733A79B032703342"
"docs/implementacion-maestra/06-REGENTE.md","C43BDFA7E2F55F3F85FC3BAE53F373121BE2D69004EEFD538361AE5151F6BFB8"
"docs/implementacion-maestra/07-DOCENTE.md","1D53B8EB358CB92A6CABBA9B04B983D34A91B3C731CC149E586560128E318AC7"
"docs/implementacion-maestra/08-ESTUDIANTE.md","A030A817BAA7CCF95EB0D270ABE4433CC078C11E924FA210A4F49847F0238E37"
"docs/implementacion-maestra/09-LMS.md","2237FD4378E892DF9575F4FA63B24EB781E444BAF3C6737D0F91CDF0D16B1357"
"docs/implementacion-maestra/10-KARDEX.md","A4EE5A42B4E439D93F24919835F555E016A9AE8743EAE235AC74DC02DBEBE547"
"docs/implementacion-maestra/11-LIVEWIRE.md","9862EC6536D82BE32BB7E01DD6F748B5B57637B070F2AB91CD9D01C6382EE885"
"docs/implementacion-maestra/12-UX-UI.md","9C91B931657B1EBD593C6682067802642C32774FD2F1667B3D58667C7D2BC072"
"docs/implementacion-maestra/13-RBAC.md","F67A19E2A86751DABCA64FA5219CA5D2E9F19755EAD3DC60551BC3521A23448E"
"docs/implementacion-maestra/14-DATOS.md","2F597AF67BA2FB6B06E5C22CE0585BB4DA91845FF00D6A19108A87DC59A664EE"
"docs/implementacion-maestra/15-TESTS.md","B9F517B7BADB6F9440CF1A73B87C2B4B6AABA33B3D0AFAC33F3956C9AE9B45D5"
"docs/implementacion-maestra/16-PENDIENTES-PETER1.md","EB9A3C95D1A706BB5FA798FB86BF32FF934F5C302B3AB6B79C08D50F4B904A3E"
"docs/implementacion-maestra/17-ARCHIVOS-MODIFICADOS.md","E615712B90190400B8C160748BF6472CE599CA9C5D0C434BD4AE2C56C49BB94D"
"docs/implementacion-maestra/18-CONEXIONES.md","31FA014613A09F07DC31B8F5B97EE57F27460D2D06FEDDBA4DABCCD1E4A2EC9B"
"docs/implementacion-maestra/19-DARK-MODE.md","8C6CFCA1CF13AD7EB6220A230CB9A7AD76A085BB6A4418600DC48E61449460B6"
"docs/implementacion-maestra/20-DEUDA-TECNICA.md","47C231B902F595FDC3B9C1D576A3FB2116B1FFD99E4BE3C57CE040D05368EEEF"
"docs/implementacion-maestra/evidencia/blade-cache.txt","3742C9612C6AA7327923575D3B55C2ACBCBAC9C6DF6FFA21CE9C94DCE36825FA"
"docs/implementacion-maestra/evidencia/blade-php-lint.txt","4902E29FB9DB8965BE2A205E6775069726BB8873326C4D621FB9E309572536E2"
"docs/implementacion-maestra/evidencia/catalogo-original-105.csv","0B0C4129FCC5414E2A975C61AD987A64813222616AC08A2076BC066611A74222"
"docs/implementacion-maestra/evidencia/cierre-preflight.txt","D0420F0F41210F477A55AE08DA51B3B5EB3284BD23C4A887DA90ADDF3B3BBF50"
"docs/implementacion-maestra/evidencia/composer-validate.txt","617D39E3B4752168F63039991B7E1EFACA11E54A1F5A9153D93B0D4EFE91FE05"
"docs/implementacion-maestra/evidencia/conciliacion-verificacion.txt","DE3A12CADC173E08C4F6004C7C47BB2CB419B4C4C4A69193882CAD6C14E1294C"
"docs/implementacion-maestra/evidencia/git-diff-check.txt","872AF0EBFA3E73A14F046E34D5C882B103D20E82D12D3C50D26A342A9F385917"
"docs/implementacion-maestra/evidencia/git-diff-stat.txt","4FF7EBC958A333C90C0FB6A8ABDC4C8F7A039FDE06CDC734C353E6FD89B60618"
"docs/implementacion-maestra/evidencia/git-modificados.txt","8A1144FB35A990D2F5EDB030E1D60AD67C83E518BC0215465C28EA203B7AB753"
"docs/implementacion-maestra/evidencia/git-nuevos.txt","A36953B462F9F623EC3C2BCFE5793C56369616A8270B02A51D93A637BBFAACE8"
"docs/implementacion-maestra/evidencia/git-preservacion.txt","25181253D40DAB9A32A691AFC3E9410B4A0AA7F7D0E748AFEE4D8AF3AF3D2ADB"
"docs/implementacion-maestra/evidencia/git-status.txt","ADD657E64B77271D716A68D8CFF1EEC5628375F6A51673F1D5E0CCC6E434BC61"
"docs/implementacion-maestra/evidencia/inventario-arquitectura-original.csv","510C1101208CE4CCE02ABDB2F107F1B0091A967DEAB86DD04A1763B5AF787C46"
"docs/implementacion-maestra/evidencia/inventario-peter2.csv","F1190CB7D56774993DC82E66958D109E4B59A79D22ECDED3A587BDE081CD086C"
"docs/implementacion-maestra/evidencia/php-lint.txt","9F28A1D8A10168993CAE07CAE7EEEA706C364A189F4AD0DF72B4A911D6B92207"
"docs/implementacion-maestra/evidencia/routes.json","A3317E495ACD3FBD06B81FD8E94B2192CF47EDFF5E73FD700A0A0864B12E36AC"
"docs/implementacion-maestra/evidencia/tests.txt","1481A4C249E43AAB678176373696F6F5AF816FADE2F39119CF55D66E17646AB2"
"docs/implementacion-maestra/evidencia/vite-build.txt","E8E8746F10F58595B6CDDBB5122FDD75420A8D6802BC8AE23374FAF4B00C266B"
"docs/implementacion-maestra/MATRIZ-105-VENTANAS.md","39E16626FFB29A60895C936CB043CE96B66913A13EFF5973C3EDC4E601ECF10B"
"docs/implementacion-maestra/MATRIZ-CONCILIACION-105.csv","5C73400795A39D0DB549C426C76F043F27512444270988D02C0C2CFCBB949ED8"
"PETER2_REESTRUCTURACION.patch","35FB8DBA4CBE3B2398A39AA99D278F203DA9E4123962A69914428B1890F2738A"
"resources/js/app.js","DDBC2E5C57DB1DF7F467C9935945EEDAF3C5157DEB615EB05CB2C5D062D3C4C7"
"resources/views/admin/dashboard-administrador.blade.php","83B53E866059E03FEC5ABE8D3BFA4E06FEF104554FF222B1C3EACC35008C7DB1"
"resources/views/aula-virtual/cursos/show-docente.blade.php","7BE635D7F3F2A1A9DC20B840DF955D4A8CF06A637EA5D53C63EAE37010EC1052"
"resources/views/aula-virtual/cursos/show-estudiante.blade.php","30FE4E99427AD9F69CFD87E662A324E3027BE51C9DC8A5B38AE4945A46F89333"
"resources/views/aula-virtual/dashboard/docente.blade.php","CC81CB8AC3BBF6EA7F761FC6C6FE9D4AA8CD0865D1756DEBDAC2479EC849D510"
"resources/views/aula-virtual/dashboard/estudiante.blade.php","C5D3BFFD9F3DA4C02446D2FCA694185958B0D4C7B53B65111B8A2484E5FDE784"
"resources/views/aula-virtual/layouts/app.blade.php","1CFD42D1AC65CF42BB32FDE42BA06B10F81BEFA211F61C7713956F15D0BA8A77"
"resources/views/aula-virtual/layouts/sidebar.blade.php","BA2B00636BD30A41CFE02A7A01889727ECC4365CAFEB0B0810A70EC202577430"
"resources/views/aula-virtual/tareas/entregar.blade.php","AF2FBEE03EA4689AF01FF5B92A1BCB3385B0C57AE7C7C29D985E04F550E0BB95"
"resources/views/components/actor-menu.blade.php","457D109E9553745E5996402DD7E0CD87C52AD33859046D2A69803BFDCBE9D4BB"
"resources/views/estudiante/area.blade.php","6BA613E8F871C57099183437F4D2FD5A5127DB9428A2E8A70FFB101E80C5AFF6"
"resources/views/layouts/app.blade.php","72E3E5DBA61F28CAB975C5B6A0833DA36B5EAB97ED0F57010F64122546B9CB60"
"resources/views/layouts/sidebar.blade.php","CE9202CF4E744503DA0EB4A06E4DF3A9B97F656B281CD0703EEB0282519CE0D4"
"resources/views/livewire/admin/gestion-usuarios.blade.php","448527465C64ECB05F23B7A3F253988DDA8394FEE82D53F7A4816AD034D65983"
"resources/views/livewire/aula-virtual/materiales/crear-material.blade.php","1A79435E1C3BF1212D1D3F9EBA8B3B3E82E2C002255542EDA7829798FC2F79FF"
"resources/views/livewire/aula-virtual/orientacion/explorador-vocacional.blade.php","10247E33DFA0ACAF25C7F803D09DEE94E2CD77C688F6EA8CB82D22485B3C9E17"
"resources/views/livewire/aula-virtual/tareas/crear-tarea.blade.php","B6EE5A9818BA9B4B80AA0E386ABFEF41CA25ABA41B899B8177C98415E94C586B"
"resources/views/livewire/secretaria/cuentas.blade.php","1BB7BB65EC094CE1C280D2D21AE81CA8C7E5FA342486374F87E00FFD6AA4A3B4"
"resources/views/livewire/shared/course-content.blade.php","7EC14730D02CB3AFCBCBE39946BA94665F7AF03BCD193B57F0533978C79166AC"
"resources/views/livewire/shared/course-workspace.blade.php","42BD0C20C474B9AEC2EAFCDC31613B3AD9C3FC72A4536FBFD1BC27D7C3FA9004"
"resources/views/livewire/shared/module-search.blade.php","EB6C810F62310F03677E674FAFD96AC6879DBF625346135345EB9D9177AEED4A"
"resources/views/livewire/shared/study-assistant.blade.php","7173703E0F60E8E6E784409F16180A51F34E6BFE674CF8FF0782AC5387A4977E"
"resources/views/workspaces/consulta.blade.php","060ABD79BE53EF007680D0DB0D3085A51B90BFCC27ECE0B56AA305A6624EA38E"
"resources/views/workspaces/institucional.blade.php","1C231939603F898F9390437E1E6E299DF599857706B6C06915759DF24D9E61F0"
"routes/actors.php","F6B3886385BE990CADC21287741C884A17D03F9CED6C0BF9587FDD52AAB0FEF1"
"routes/aula_virtual.php","6F346C214CB3421CBC25F94F31584BF179AF6210266380E5DB156E3D722AA50F"
"routes/direccion.php","CCA773F6992F40CF58B727C492F36EC97AD865495DBF34D1C250144F289BCD43"
"routes/docente.php","47F424745489EA2A8AC4DFD8E3912078AE7DAE2576AE6E6D16A272B39C68BC29"
"routes/estudiante.php","D420BF640FDBB84DD9DF474FA8DCF38A912DBDDCDAA543B6958350F50F8EB932"
"routes/regencia.php","619FEB92DF5CC7439C841C1C7555FEE1D22BB54CA0EEB609E868E2F00CF2D597"
"routes/secretaria.php","E03C6AC15713F4A7D195B1FFF075CD18A18502A0E8B578B20B2BD6324DC98225"
"tests/TestCase.php","C7B6626DF6DB6AEB569F691D5560C5B347E692065C395EA2B3E708AD1354E97E"
"tests/Unit/AcademicSecurityTest.php","FAB7F273FDAFDED9922EA40824DB6BADA68A7C356E942163548BBFE9158842B5"
"tests/Unit/AporteIngenierilClientTest.php","30A4EF473CDEF166BBBE67188EB3087CFF2CCFA66AC5D8CF7B02188150722F30"
"tests/Unit/AuthorizationBoundariesTest.php","A620172E652269333EC1B8FB19B970DF5785CE8B36D316A436CF7B35342FA7FE"
"tests/Unit/PrivateFilePathTest.php","C4FF97253E974CBC4027092BEDD5E3F5809F01596B045E753C701022E556A62B"
"tests/Unit/RoleDashboardResolverTest.php","9635F6A43C5A0E4852869FB57175D9F808ED3435B7F821E3A310230CCD3FBEF9"
"tests/Unit/RoleRequestAuthorizationTest.php","3820CEA32AC0B86969D9E5D11AFD5C26182C34CDF81CC3DA320A23D1FD4760AB"
"tests/Unit/WorkspaceIntegrityTest.php","5170E1A4940294A28A2234843FF5A341F6EC2E44E1438721497CDA604C9DFECC"
