"Archivo","Bytes","FechaUTC","SHA256"
"C:\Users\LOQ\.codex\worktrees\61ea\savp-reestructuracion\docs\arquitectura-maestra-savp\00-LEEME.md","4492","2026-09-30T19:30:22.8816260Z","06B555A8CDF336E0B286D882DAE5A4D24EB19B07746B81B6CC88CC7F3A5BE479"
"C:\Users\LOQ\.codex\worktrees\61ea\savp-reestructuracion\docs\arquitectura-maestra-savp\01-arquitectura-maestra.md","6718","2026-09-30T19:30:22.8842840Z","3C550BF35A11AAF3286DDA81A0CE81EADFAD7BB5C4421A0893F3B8F438647250"
"C:\Users\LOQ\.codex\worktrees\61ea\savp-reestructuracion\docs\arquitectura-maestra-savp\02-actores.md","4084","2026-09-30T19:01:37.8184200Z","00C9EEEE3D13C8FF67C1597990B1EA6B70C8B3A03765104BBAF77A93BD9C03E5"
"C:\Users\LOQ\.codex\worktrees\61ea\savp-reestructuracion\docs\arquitectura-maestra-savp\03-rutas.md","3656","2026-09-30T19:30:22.8842840Z","45EC67A2A18C92CFDD05BC25CA1610C977B8A562155FB609F82728B604EE163A"
"C:\Users\LOQ\.codex\worktrees\61ea\savp-reestructuracion\docs\arquitectura-maestra-savp\04-navegacion.md","2869","2026-09-30T19:01:37.8222569Z","9D7D30421A921A58273A120E2BABE2C446BD941DD023CAEFF5B3A26C1789602C"
"C:\Users\LOQ\.codex\worktrees\61ea\savp-reestructuracion\docs\arquitectura-maestra-savp\05-ventanas.md","4107","2026-09-30T19:14:18.5493194Z","8338400CDD4BFC3DC378416B40DBA1CCA05F2F226964EB91021CF93F700C2F92"
"C:\Users\LOQ\.codex\worktrees\61ea\savp-reestructuracion\docs\arquitectura-maestra-savp\06-administrativo-lms.md","2254","2026-09-30T19:01:37.8242937Z","B64C2B6342961449255758F0AF7A222C7DFAD44A33DEE5C4ECB6ACFC3C26065A"
"C:\Users\LOQ\.codex\worktrees\61ea\savp-reestructuracion\docs\arquitectura-maestra-savp\07-datos.md","4459","2026-09-30T19:01:37.8263040Z","C0F9B14AB9C5483860C01B07444BCFBCEF5E38F753080E754526FF102C766316"
"C:\Users\LOQ\.codex\worktrees\61ea\savp-reestructuracion\docs\arquitectura-maestra-savp\08-crud.md","2455","2026-09-30T19:01:37.8263040Z","77EC75DE39AACF190E0DAB349909D65AF2DC03217F35E60C83F145ED6147366A"
"C:\Users\LOQ\.codex\worktrees\61ea\savp-reestructuracion\docs\arquitectura-maestra-savp\09-rbac.md","3159","2026-09-30T19:01:37.8283164Z","11DFC39CD8A2EC4CBEB498CE33E2C852FBA726C014400CA6D92A292685E3D67D"
"C:\Users\LOQ\.codex\worktrees\61ea\savp-reestructuracion\docs\arquitectura-maestra-savp\10-livewire.md","4657","2026-09-30T19:26:32.9497739Z","A06D379878694CCB4914B6681E65D4E8439BEB3BD253EC7B7BA556B1238195E6"
"C:\Users\LOQ\.codex\worktrees\61ea\savp-reestructuracion\docs\arquitectura-maestra-savp\11-modales.md","2650","2026-09-30T19:14:18.5493194Z","8139FD058CF7E2B80817997B5DB00E709B32542B52425A7314369DBA922C3916"
"C:\Users\LOQ\.codex\worktrees\61ea\savp-reestructuracion\docs\arquitectura-maestra-savp\12-mensajes.md","2458","2026-09-30T19:14:18.5552164Z","EDB256642610619EDE8CFF20140F0545244402AC1DBB000ADF86A21C60F642E5"
"C:\Users\LOQ\.codex\worktrees\61ea\savp-reestructuracion\docs\arquitectura-maestra-savp\13-confirmaciones.md","3102","2026-09-30T19:14:18.5552164Z","53F2B34A3C42B9077EC85962A8384A1E648957BB566A71437ACF79CD51D4D798"
"C:\Users\LOQ\.codex\worktrees\61ea\savp-reestructuracion\docs\arquitectura-maestra-savp\14-notificaciones.md","2524","2026-09-30T19:14:18.5574048Z","66181AE7278584D960DE28977A033FEB23663C168998B63A485ED5C1DC38DCBE"
"C:\Users\LOQ\.codex\worktrees\61ea\savp-reestructuracion\docs\arquitectura-maestra-savp\15-animaciones.md","1502","2026-09-30T19:14:18.5594195Z","675FD2F359341DB5CDB142E88A81B20C3A070CBAE7330ADA7E5F4768D123153F"
"C:\Users\LOQ\.codex\worktrees\61ea\savp-reestructuracion\docs\arquitectura-maestra-savp\16-design-system.md","3506","2026-09-30T19:14:18.5629966Z","F3D5DAB6F921E59A3BCF4244DBFC5C34C7A2F67CF84F5EB621A0A71736A4BAD7"
"C:\Users\LOQ\.codex\worktrees\61ea\savp-reestructuracion\docs\arquitectura-maestra-savp\17-modelo-conceptual.md","3041","2026-09-30T19:23:50.4776248Z","AFA546DDB6E59679BC346427C730789060FEA5082426AE7F176A67DB136FB577"
"C:\Users\LOQ\.codex\worktrees\61ea\savp-reestructuracion\docs\arquitectura-maestra-savp\18-lms.md","4819","2026-09-30T19:23:50.4802606Z","135F57C754C6AB070F994E7A44D96979339B712E082FEBC539A09B4C3640D8B3"
"C:\Users\LOQ\.codex\worktrees\61ea\savp-reestructuracion\docs\arquitectura-maestra-savp\19-kardex.md","2986","2026-09-30T19:23:50.4802606Z","2692AFF28D807D4DF533A8C8EA3F69D83F431DB7B08A717FADEEBEAF39D30085"
"C:\Users\LOQ\.codex\worktrees\61ea\savp-reestructuracion\docs\arquitectura-maestra-savp\20-peter3.md","4078","2026-09-30T19:23:50.4827782Z","3E59CF12361D4B344FA7F7668599270751BA59B096A27F08DEACFBB0AF6282C8"
"C:\Users\LOQ\.codex\worktrees\61ea\savp-reestructuracion\docs\arquitectura-maestra-savp\21-backlog.md","4368","2026-09-30T19:23:50.4827782Z","460BFBB830C5CCA590EBAAA3C167A8E0092489847F74EF01CE0DF3DE3B57204F"
"C:\Users\LOQ\.codex\worktrees\61ea\savp-reestructuracion\docs\arquitectura-maestra-savp\22-riesgos.md","4015","2026-09-30T19:23:50.4856689Z","67E30231E474B3BD5B2CDB528E8927EDFEC7E9FD3E8331B7DAF288FA47DF7F85"
"C:\Users\LOQ\.codex\worktrees\61ea\savp-reestructuracion\docs\arquitectura-maestra-savp\23-dependencias.md","3845","2026-09-30T19:23:50.4873274Z","26F897B722A33AFA6EF686D03D411250B2E5D50B36E20299821856B701A37284"
"C:\Users\LOQ\.codex\worktrees\61ea\savp-reestructuracion\docs\arquitectura-maestra-savp\24-test-plan.md","4035","2026-09-30T19:23:50.4893948Z","2A92EA07F70468004B16387AE5EAB18E2285214E62A35C070231DD4D15CECFA8"
"C:\Users\LOQ\.codex\worktrees\61ea\savp-reestructuracion\docs\arquitectura-maestra-savp\25-mockups.md","6312","2026-09-30T19:23:50.4893948Z","217583B1E14DCA862412A9F1E0C148E2BCA043A4C2E8F290A1F372C05D2FED13"
"C:\Users\LOQ\.codex\worktrees\61ea\savp-reestructuracion\docs\arquitectura-maestra-savp\evidencia\generar_inventarios.py","10839","2026-09-30T18:52:54.9200851Z","46B9E079839E65EEB5732E49E982FAF52FD3DB732B0A610907AB4A93DC250ADD"
"C:\Users\LOQ\.codex\worktrees\61ea\savp-reestructuracion\docs\arquitectura-maestra-savp\evidencia\generar_ventanas.py","25934","2026-09-30T19:08:14.0989842Z","7E633132656099AB7BD5ABD5A34B539223F9D6B1969C942B5C8AF8FF8C69AA8F"
"C:\Users\LOQ\.codex\worktrees\61ea\savp-reestructuracion\docs\arquitectura-maestra-savp\evidencia\inventario-fuentes.csv","156600","2026-09-30T18:53:05.4666004Z","69DA23EA40A8A9784B9CC7360E24C75E930266802C4094CB5EC1D221F943AA9B"
"C:\Users\LOQ\.codex\worktrees\61ea\savp-reestructuracion\docs\arquitectura-maestra-savp\evidencia\migraciones-declaradas.csv","26173","2026-09-30T18:53:05.5323128Z","2A3D22427C0EEF747EA586E14A0E202859B67300901898FF2DBA332E0D725D5F"
"C:\Users\LOQ\.codex\worktrees\61ea\savp-reestructuracion\docs\arquitectura-maestra-savp\evidencia\policies.csv","2444","2026-09-30T18:53:05.7342166Z","80A701D2F29905B6AB37EA037B7A22DE9F06481DA0B9B96D519AE2DA744D2B2C"
"C:\Users\LOQ\.codex\worktrees\61ea\savp-reestructuracion\docs\arquitectura-maestra-savp\evidencia\resumen.json","172","2026-09-30T18:53:15.0997403Z","A11E5433FC8E10D76D0651C7347EED280EDDA9E1949E97FBBD9E280AC71379F7"
"C:\Users\LOQ\.codex\worktrees\61ea\savp-reestructuracion\docs\arquitectura-maestra-savp\evidencia\rutas_estaticas.py","4766","2026-09-30T19:28:53.4663837Z","B99DB9A9B48981FE04D9CDC0F4136B5976ACA6136736390FF9FF84C207C6612E"
"C:\Users\LOQ\.codex\worktrees\61ea\savp-reestructuracion\docs\arquitectura-maestra-savp\evidencia\rutas-operativo.json","34419","2026-09-30T18:48:02.6220319Z","0F8F1AF75A6929219CA93E9AEE2D2B5852BCFDA33D2A8F8F071BDFC6FB9C1817"
"C:\Users\LOQ\.codex\worktrees\61ea\savp-reestructuracion\docs\arquitectura-maestra-savp\evidencia\verificacion.json","413","2026-09-30T19:30:24.4908562Z","32863FB119D3322EB516E46C164177F43F76D02ABDD2A368021ED82D4794504D"
"C:\Users\LOQ\.codex\worktrees\61ea\savp-reestructuracion\docs\arquitectura-maestra-savp\evidencia\verificar_paquete.py","2405","2026-09-30T19:26:32.9507924Z","796E78995F81A6A7F2366609C5A73E0B5EB9A0D068853CFA1C15CC6DAB2874C4"
"C:\Users\LOQ\.codex\worktrees\61ea\savp-reestructuracion\docs\arquitectura-maestra-savp\matrices\03-rutas-actuales.csv","46199","2026-09-30T18:53:15.0919602Z","1DA9051FCF4306285CBB888980873A8D6CAB201D9A476BCE8305B6C3CE5A5762"
"C:\Users\LOQ\.codex\worktrees\61ea\savp-reestructuracion\docs\arquitectura-maestra-savp\matrices\03-rutas-base-aporte-estaticas.csv","41446","2026-09-30T19:28:55.4977584Z","163F89EF35EF8A73AEF02B130938253A9D0B01C857E7A14277E1FD52EE36061F"
"C:\Users\LOQ\.codex\worktrees\61ea\savp-reestructuracion\docs\arquitectura-maestra-savp\matrices\05-ventanas.csv","104181","2026-09-30T19:08:15.6652986Z","0B0C4129FCC5414E2A975C61AD987A64813222616AC08A2076BC066611A74222"
"C:\Users\LOQ\.codex\worktrees\61ea\savp-reestructuracion\docs\arquitectura-maestra-savp\matrices\07-datos-existentes.csv","22547","2026-09-30T18:53:05.4952848Z","557DC221FB98C69C1DDAB23B11AD92ED71CA01DE5147621C69103944D16CAD09"
"C:\Users\LOQ\.codex\worktrees\61ea\savp-reestructuracion\docs\arquitectura-maestra-savp\matrices\09-rbac-extraido.csv","24129","2026-09-30T18:53:15.0902233Z","EF5390F3133E04D6AB71BF1FFB617ABBF87FC77A51BB022D22A91A5CEC69370D"
"C:\Users\LOQ\.codex\worktrees\61ea\savp-reestructuracion\docs\arquitectura-maestra-savp\matrices\10-livewire-existente.csv","47158","2026-09-30T18:53:05.7305961Z","480B9CC3515D817BFC38DFC1620E3C6D369C8891C651FF3BC52801621EA2332E"
"C:\Users\LOQ\.codex\worktrees\61ea\savp-reestructuracion\docs\arquitectura-maestra-savp\matrices\16-tokens.csv","5026","2026-09-30T18:53:15.0919602Z","39DEA78C75AA103AEBEFC2B034EE8CE1A8CAC69F5266675F6DF913CB37B66A56"
