"Archivo","SHA256"
".env.example","99C374290A8E1A66BBB542144ABEFE720B98787C4E6AF7D539D3D2645DE8FCBE"
"app/Contracts/KardexRepository.php","2626FBEEDD5857C246E7EBAF1C586FFE5B05E366651BD4AF2B91EDE3061FAD9E"
"app/Contracts/SpecializedAcademicClient.php","337EB84B7FF756729241DF7B7D50DC33EC3A682B9190E2FF3893BCEBB123AAAA"
"app/Http/Controllers/Admin/ReportePdfController.php","F0407B7F8F574D8C26C27B4B619180EBE8926287DB0EF38262D4DAD934E92742"
"app/Http/Controllers/AdminDashboardController.php","D9953133F24E2D604BE13ECB1DFB5F002B728C0498D4BA1F8649F8433A7DB821"
"app/Http/Controllers/AulaVirtual/AsistenciaController.php","C23D0F7A18238DFFA86A6FA2D66B5DA2D270521B920AA6E1D11F5C23566CEA8E"
"app/Http/Controllers/AulaVirtual/CursoVirtualController.php","02FD8CC2F2F9AC8E2477429C9EB8FB5553F976D55A1A6220CC973659D1C1881C"
"app/Http/Controllers/AulaVirtual/EntregaController.php","301EF0D3BBA3D53298019B38EB9E6107514B8B2E22E4FA1C4FD1940CF1DD65FC"
"app/Http/Controllers/AulaVirtual/MaterialController.php","3E877A1191370471DB04CEEA0407E1CB9FE528F04ACD74DDF8A337407E85772F"
"app/Http/Controllers/AulaVirtual/OrientacionController.php","34F389EA106804796184A3DB808038DEF96A6721FC27FBC32232B11CC2E5B8E5"
"app/Http/Controllers/AulaVirtual/ReporteAulaVirtualController.php","387FBEDF3B46B9FE7994A8EF4307673DF3B96E2003D1F2379B27588F4844DD77"
"app/Http/Controllers/AulaVirtual/TareaController.php","447D23C12C668A675128F81280A4AE62E7FD8EA74421C573B9B500FEF2C96C09"
"app/Http/Controllers/CalendarController.php","109023F1F85774483E301546F5A1D26D10F3252271D6392EBC740E91ED81AC26"
"app/Http/Controllers/DashboardController.php","1D83841FB3808823939FD04545C628BEBA243125A6E7B9AAA14376E48A9812E1"
"app/Http/Controllers/DomainBoundaryController.php","37E1DB9784FD2BEDAD374DC9B9FF72493C73F46DFDC727D27D6403C66494B804"
"app/Http/Controllers/EnrollmentDocumentController.php","4DFD0576D3410FD2D47F1ECED4DD8A237548A6DBBDD3AC491A9F4C422C6B66E0"
"app/Http/Controllers/Estudiante/ExperienceController.php","15BC46FB4F5E358EE28C4C352D6EB14EF20C5A596A34E193E66B269AFB6FEFDC"
"app/Http/Controllers/HistoricalReportController.php","407BB77EC36700CFFF7427E2EC6CB239AD8663D441F9FFC911157DCBC3EFE287"
"app/Http/Controllers/InstitutionalQueryController.php","8FA34334CF869B95643CDD23D8C763500708351247A2A8E9080F6CBEBEAC082B"
"app/Http/Controllers/RegencyAssignmentsController.php","AC2990F357BE0B2CEA57661C81F4AB9288EF31928C4FC7E73B761865AD0D5493"
"app/Http/Controllers/RegencyReportController.php","933A4F89CFE13CE60987E5CBCD988EB58A77E2C806629E77DE893E61C2647322"
"app/Http/Controllers/WorkspaceController.php","12AD2242A4665318BDEFD8799CBFED1D5E12B3F33F00AC3DC9A26F37CDEDEC11"
"app/Http/Middleware/EnsureActorRole.php","BBC10850B6040A02A6EC7E3D138D274DA25D582D4575EB54AFEE3407E43C0D1C"
"app/Livewire/Admin/GestionDocente.php","3BF0C2E5A69B123FBDCDD142A0326124428EA03D5B2617B86394262104B213D5"
"app/Livewire/Admin/GestionInscripciones.php","CF99C94E5EEE1A867C9DB556D1DDE988B5EBE34C0707334A400BA514C806A6BC"
"app/Livewire/Admin/GestionUsuarios.php","C5AB85979565A173666A1317F4CC15A4018B39FDCF9732F70E1FF044708AB652"
"app/Livewire/Admin/RolesPermisos.php","0DCA0720CB7F00C5DA1D5073527F6C6520A27681F91059445A6852312A39D4B4"
"app/Livewire/AulaVirtual/Cursos/CursoDetalleDocente.php","9FC1D731D34D3A17E539FF0B8C6C67A46ACB144A3E0A8C32F05F256F4E5C12F3"
"app/Livewire/AulaVirtual/Cursos/CursoDetalleEstudiante.php","6A32F78A7E3BD5FFCB3C1D73B5D526F7D65E742D12BAB3C63F1164F653A734E2"
"app/Livewire/AulaVirtual/Cursos/MisAsignaturasEstudiante.php","58E3BC294405B544A3A4311E3FC3C05617377DC444CC24F7D5C0DFA38B17B29D"
"app/Livewire/AulaVirtual/Cursos/MisCursosDocente.php","E02F89D7C7DCD8A7F56C73B35863A622CBBEF77A3D8716AD0ED3F1D157428677"
"app/Livewire/AulaVirtual/Materiales/CrearMaterial.php","425586753702E0F3908DA5FDE90FB0F8976EA614F8836E7BD33E89D895195378"
"app/Livewire/AulaVirtual/Materiales/EditarMaterial.php","B1BF0DFB3413B829098A6BC7EAD01416B3DF05A1491C86D2B4A4962C8BA810EA"
"app/Livewire/AulaVirtual/Orientacion/ExploradorVocacional.php","AD624908C6F734F26E7B5D707BBB5517E1129487FE0C0A441CA2A23365826554"
"app/Livewire/AulaVirtual/Tareas/CrearTarea.php","E07279D36796C05C827B69F270C6B8F7D2CE5D5F37AF4B613AE551F74CD3E1DA"
"app/Livewire/AulaVirtual/Tareas/EditarTarea.php","B66F29A091D93D44D0D827491101068A88A4EDA8F6692CCE767E1C234A27DF0D"
"app/Livewire/InstitutionalAuthorization.php","17EF4F98FF7076E95E7440E53A043A4CBF34C03C49B1C9675CC4C985B7844470"
"app/Livewire/Shared/AcademicPlan.php","3064BF94EA3E6FB08411A158803FFA9298CF4CD0A5B68579EDBC5AC85496C782"
"app/Livewire/Shared/AcademicSources.php","E8060C6CDE7FF87410B778D627661CB81A5968D52B447CE6EE8CFA9E87780C31"
"app/Livewire/Shared/CourseContent.php","8A13FD5B440FDC8387AEC8D5E024ADDB0C768961618CED30E1152009B9C1B441"
"app/Livewire/Shared/CourseList.php","4C8B9506048465258359E18F86E0467BB7509B02194FE7D5DCB77A11DDD94B07"
"app/Livewire/Shared/CourseWorkspace.php","04ED1C39675E8626174C98B58A4A31372E7D14F96DC71241D0EF8CBC5E9AAA6C"
"app/Livewire/Shared/ModuleSearch.php","AB0D7AA5B12419C1ABA4C6DC22D997271268D9F30CB7AA38035DFB5049CECCA4"
"app/Livewire/Shared/NotificationCenter.php","8F267C5A12DA80CA9B14EEFD45AA855EA72D890680D6227493E9D8BE3A6660D7"
"app/Livewire/Shared/StudentDrawer.php","C4F6EDB7E8C4D3115BA957F6B8A4918AD9D917FE5EEE0758E2E3EB58560CF3DE"
"app/Livewire/Shared/StudyAssistant.php","DAF4493C84AE6F921512D904512921759126EDEBCAA8C4494697E5ADD70D3050"
"app/Models/AulaVirtual/ClaseVirtual.php","976D8D01E2ECFA3196C5DF67B4B8556AF32EB68E8B32C80EE389E3E8FB385D2D"
"app/Models/AulaVirtual/UnidadClase.php","1D5AE0186FFD10CF95B4E167BA01DF32AD52CB5555F574F332539B016BAADE94"
"app/Models/CalendarioEvento.php","A39C653F8BAA11F67CFE750067831EEBCA7E3A5F41518C2CB02775C039834C78"
"app/Models/MetaAcademica.php","6F553C33439ADE6B51A32DB73924352392EC26BAC698E7B1C4CDD5BD5E849841"
"app/Models/Role.php","84706A4488E252FCA69BCC8C56A3C1EC11AC3D738FDBE269694C946B4810D550"
"app/Models/SeguimientoAcademico.php","39B3F4918C0D2D75E2D8E4ABFC7C9179ADC136E389487AE2A7C85C60FB77396A"
"app/Policies/AulaVirtualAsistenciaPolicy.php","969FDDF08C0ECA06C3B9FA2F9C5056FFBD0F82A79EB594C129A5D72E190D3E04"
"app/Policies/AulaVirtualEntregaPolicy.php","F92B77762E9710690C8857EEB6B659D67D3D34CE364FBFF53CF6D6063667CD67"
"app/Policies/AulaVirtualTareaPolicy.php","43936834EF787F5D9AFCA92256A4A004E975C47A6405823DBBEBF216F74DA249"
"app/Policies/CursoPolicy.php","FE527207656352BB8B034909BB1689DD2700A9C18ABE57E67151CF2959A5BDBF"
"app/Policies/DocumentoInscripcionEstudiantePolicy.php","9AD9F8F8A806C83C0B9FA7A287C33E25D7296AE6EC49F7B7E1FE5DA66D24C11A"
"app/Policies/EstudiantePolicy.php","E67D84721370D4A8B0FBF144A6D6BEF7F16D798D5617C77FD9E447E0E31421FA"
"app/Policies/InscripcionEstudiantePolicy.php","1C2D67587A9F03E01E0A9D2964119CD4E0AA67A6AFD3D12F89F5A7D0A8794A0B"
"app/Policies/KardexPolicy.php","BB53A6AEB3570C8CC9911805089E9E8B5CBF90E62264E7939DBD959550E839B2"
"app/Policies/MetaAcademicaPolicy.php","8D9ADCD5C8CB683B652DECB28BF5CFDF983017EF42D1B82F559577BC6D567F95"
"app/Policies/OrientacionResultadoPolicy.php","FB7FCA8EA8C87C376F062357A8076074F77EEFD9C893662076AB6451146E457D"
"app/Policies/ReporteGeneradoPolicy.php","B675D241BD71F15BC2E55C334C00B812D86654890E89DA0BDE2D7D42A6797421"
"app/Policies/UserPolicy.php","8CCAF54676774B1474A8E4654A3D534040224BDF886EDC38166CE554D0E077FF"
"app/Providers/AppServiceProvider.php","CFE6B63E838CC2BA16327618D2011E46B82A63355B86A1B364F26A3B6D9C2155"
"app/Services/AcademicAccessService.php","E670D6F72D36F79A458AFF1E63C93CD7B3A6903B58C8FB8FF514AEE39D993ABC"
"app/Services/AcademicGoalService.php","2887DAEAB9C70AB58EDBF113482E45F2635C67A71EC8E0BF81E775D815EFF74B"
"app/Services/AporteIngenieril/AnalysisService.php","AD55DBCDA247E10D35DD2B647A34C177EB7A0D1E5FFE13AC7B10E67F88DF804F"
"app/Services/AporteIngenieril/AporteIngenierilClient.php","A0726B2DDB503FE7CE1A974DCC48BC1F41AF996053F21471FEA0D3F32AFE94AE"
"app/Services/AporteIngenieril/DTO/AcademicAnalysisData.php","7BD812296E3499EFF6C6D5A952F9FFC20DE71A9427DBE82BF7B20F546DE47734"
"app/Services/AporteIngenieril/DTO/Peter3Contract.php","9A7394E0767A13C8707AAA2B4DE0DE151252E9FF834DAEBBD1E758304FE5B5FC"
"app/Services/AporteIngenieril/KnowledgeService.php","5AF5C072E501D3F6F056B9F8435C7839001112BE227977B75D871991E694FAD4"
"app/Services/AporteIngenieril/TutorService.php","20ADFE4FC7128673152DC205A4FEAAEB2D13E12722107D203B01254DB48B79ED"
"app/Services/AulaVirtual/AsistenciaService.php","DAFB374CC93CE9FA4B27A8E2F1EB588F46D24BA4B6995B8806EC7395AF74DB0B"
"app/Services/AulaVirtual/CursoVirtualService.php","0D95D2224838506767F5EF44C3084EB580E50DAA0E9D1B90B0A95998B18431EA"
"app/Services/AulaVirtual/EntregaService.php","46443B1D47414B2277D7D601671EFC26954A435A6453ACE674948BF090BB8808"
"app/Services/AulaVirtual/MaterialService.php","14D689BAF772A0623D880CBCEA57C84E0FDF8DFE6155A1FFFAC8F80AA2A73131"
"app/Services/AulaVirtual/OrientacionService.php","2A7DB46FF3561ACBC824B8B5928C60FA079CF1B9D1FD014CF069A6E5C1B53968"
"app/Services/AulaVirtual/PublicacionService.php","0E4308C45E0C5E2457E3F64810332D2A4BD9A170B57B2D62823A00932E1192C1"
"app/Services/AulaVirtual/ReporteAulaVirtualService.php","35B6F867C6527278012E4F872B6072B336B03A74BAD7BCE7E6DC915898E2D68A"
"app/Services/AulaVirtual/TareaService.php","568B2AE854E39C28E492D0D62B8E6168D7E19BD3EEB5A87DF0CB65F889E66C18"
"app/Services/AulaVirtual/UnitContentService.php","57B851636FD31676AE2D7926B41DE612FD2B1F50C9B3906A12182BDDC5ED9729"
"app/Services/CalendarService.php","18D96550B9471B56E3CA8F1E072783CF229A7C443219D85066A44A3C3A848B3E"
"app/Services/DomainReadinessService.php","4B3D77948873B379C0C0F708535B6795C5B6F685EFA34E3BD76EFC323F880E71"
"app/Services/GradeService.php","BC46682BC46C15E6F08C0044829FC3FC77432E0900D7537074956C4644A91460"
"app/Services/HistoricalReportAccessService.php","AD41CD7A1E7D69F25118F9FA9EADDC517379201A5FAD1075497808C5A0DA27A3"
"app/Services/InstitutionalDashboardService.php","0598D9E2AC4470C3D5FB88331A02ED93E5BB578B7D597D465C1D9859160B82BA"
"app/Services/InstitutionalQueryService.php","4139AEC191127F266A924F85D05865EAFB87B972310C8AACAEDCB79551D3476C"
"app/Services/Kardex/KardexService.php","7CD8A296C9CBDDD33C1FF77E84C20C0E4F2D0C5DBC7B72E8E953F5EEB08C1188"
"app/Services/Kardex/ScopedKardexRepository.php","057C395BA9F0F1BD099ED5059BF5B738F2D5584B5DA47F7E0E236B67919B04B1"
"app/Services/Kardex/UnavailableKardexRepository.php","336F2026D685B1D05873AB536F5DCD74B3924ADD92B44CAA220803A48BA3F5C9"
"app/Services/NotificationService.php","A2DECDCF3173DDCCFE280E47C349CC6F44A6202AFDD381E72178799E55B2A33C"
"app/Services/OperationalAccountService.php","EF1742867446C4BBB941F85CE7C928791BBDDE483F4334933948A8970E7064A5"
"app/Services/RegencyAccessService.php","ED9E1BEDEB7BC8700B2AA1B9DA6E33732F3A79E264B23D5CC18D5A57E7E985F2"
"app/Services/RegencyReportService.php","5AAFD43D9C2F1DFBAB4FD3AFB3F4B4C9D7F8A9D9449E2610204DA321844118C3"
"app/Services/ReportAccessService.php","D97B6D8A0115D6764E9E4124F9FF01EBBB81AA2B9D6301D43DFDEA5AC7A25722"
"app/Services/Reportes/GeneradorSqlAcademicoService.php","A988C566C3415A3FC3545D1EE2E4F73D444E1A40E9AC935B5415ECB41BE1D17B"
"app/Services/Reportes/GeneradorZipReportesService.php","B6A5BC234EBF839C9DD786A9263574D075921BC09FD333FDA7B3C1B115CAE25F"
"app/Services/RoleDashboardResolver.php","E73D4EDC77805D6EA7AC6B0B6350F7FE682A73EB32A6797D89BC488A0ADA4508"
"app/Services/RolePermissionService.php","E9CC47A1CD5AE20A2B2246D72BCFBB27C5485123FA0AFA2B7B35913169FD1A03"
"app/Services/RoleRequestService.php","E94C9C15EB4B8B87416B5CF3BA27EBAB8E0AF88FFB5075D5799E0F751011FF97"
"app/Services/StudentContextService.php","6714C7E4C2AAD1E3FB0CD5DD4F04D495AE96ABED23B1F8C74AD9A049CAE6AB56"
"app/Support/Comunidad/DocenteInteligente.php","9CA874402E85AD1D6091E7AFB2D48902A17583C89AEFBC78227E39A01594E6A1"
"app/Support/InstitutionalRoleGovernance.php","2B8D69840814ADB4DF93AB65A1A36ED2E85FC3AEB48865BB037BBB124083650E"
"app/Support/PrivateFilePath.php","52472F8EA9F729A8934BCF4ADA79C68CEFA215146945F23CA58B15E22256F26C"
"app/Support/WorkspaceNavigation.php","0145F60F6A2601D191418F706665AE896CE7B21986D7FF2B4723A750B1C56225"
"config/features.php","A08EC8A0E4C044A3E222FC02B9B1573DFAC0F98369B7293A76813DA021D5F85A"
"config/permission.php","E06EB4C174027E99C1C73BC4F1F9004ED66CCF93CCFB6827EB72B04178C44E07"
"config/services.php","A8BB31F99281BEDAC48F60226A22DA6F2A89C0F7D24AF19E0327BCEA36F7C724"
"database/migrations/2026_09_30_100001_prepare_kardex_seguimiento_structure.php","5D2AD522E3D29390DE627BDCBC51A2636AB81B8285271EC10D65B0731EAB6E55"
"database/migrations/2026_09_30_100002_prepare_lms_units_structure.php","059D3F07C05783B4088F395BA275F67DE58DC90A99C5788257D8F8EF320FDEE7"
"database/migrations/2026_09_30_100003_prepare_database_notifications.php","68D1556E93A4EEDC9421193DAE2AA6B809E4C97EA151A6932503CCA0CAF87567"
"database/migrations/2026_09_30_100004_prepare_student_academic_goals.php","1E3BDA0DA6EF584699CF3F6FFE7B28DEECB346CE3EF4617B4C150D4326E98929"
"database/migrations/2026_09_30_100005_prepare_institutional_calendar.php","7C0121E71D2FE7F3A59771E4F2AA44620FE89FAD4DD029B8E25AD9D1868D047A"
"database/migrations/2026_09_30_100006_prepare_academic_integrity_checks.php","590B0CD9571D8D22FB6BD351D1D69D8A7017F37B7CEF7FA671E27515A42EBBF3"
"docs/implementacion-maestra/00-ESTADO.md","792B32B6707289BFCCD9593ED7E27E2021D186832985F1A202C025F0358845D6"
"docs/implementacion-maestra/01-RUTAS.md","13B96B16D333F09F1F269FE9BE5833D19A86AB603064D1623F70F0DB49FE9AF5"
"docs/implementacion-maestra/02-WORKSPACES.md","E0DC03C230A8F2B32E20D645121E6949B024FF08BB859D78801F798DB1B7ACE0"
"docs/implementacion-maestra/03-ADMIN.md","E0C07CC642E6E7C2A55BD475919B72551E3F14B7A37383CDF5D5E4D9F1DD53F2"
"docs/implementacion-maestra/04-DIRECTOR.md","B5F8B2020A04BC8F5E0BC37D2C791392C9FC610A4790A61C4C0EA9334A8E94B3"
"docs/implementacion-maestra/05-SECRETARIA.md","59354C675ED23C9FF5F26380EEBF4433BA5332BBAB72195240AE92FBAB172972"
"docs/implementacion-maestra/06-REGENTE.md","17D8F24816824A03DD2E1AEBB7FC45EAB4D3101D7FA2A9A6126F5BA86DAE7224"
"docs/implementacion-maestra/07-DOCENTE.md","E94A7B39E33BBFBDC44856F407FE7BB38EEDBD060FA32C8841186DB44C1567CC"
"docs/implementacion-maestra/08-ESTUDIANTE.md","C6A8A917FEF428122056C59428158A2E7B48AAB98547CCC0F9FE0FCA13E8AFC0"
"docs/implementacion-maestra/09-LMS.md","0CB846407277847CB53FAF398EA508E46128229315E313E266F6096652EF92BA"
"docs/implementacion-maestra/10-KARDEX.md","D2B7E47A9E333D02E7B987C6609B4439554681AEE9E23BF1B7BEAA0AF91008CC"
"docs/implementacion-maestra/11-LIVEWIRE.md","4F9A82756D3F2366C381F9C194C9570AD671AB385EEC81006FEC0BCA72A21556"
"docs/implementacion-maestra/12-UX-UI.md","2E79180A365E50F91626E10D2752121BDE4F0F65312FD985E843B8CD822E8EA2"
"docs/implementacion-maestra/13-RBAC.md","AB97BBDFAB5CFD9DE22C07961047DDDA096DB3BA55C50CDC6071D3A107A18263"
"docs/implementacion-maestra/14-DATOS.md","D45E672D4B812F860C006F4C2560122138A20FCAC120C48877F614153540CA25"
"docs/implementacion-maestra/15-TESTS.md","F6198EBCF3CC0D55A9B71F51F78858F5122D9A47FC18752C16776CEEE568930E"
"docs/implementacion-maestra/16-PENDIENTES-PETER1.md","6F9774218868C2FAF68EFE8F366FB89C206A5A9429EDE4649F43480560F5CD85"
"docs/implementacion-maestra/17-ARCHIVOS-MODIFICADOS.md","1097E12E0F48B0C402BB3374AB9F52C77D38D22800BC0093E44D27395870E113"
"docs/implementacion-maestra/18-CONEXIONES.md","9F333C17E024ED349C35A7C7145E6F2A2C88E826C8E06FC28024E1A24186363A"
"docs/implementacion-maestra/19-DARK-MODE.md","9D88A9CE2C563031AB07E9365E0462A2C75862A15E84CD9013A90907C2DB9FB1"
"docs/implementacion-maestra/20-DEUDA-TECNICA.md","53D3CD6665E81787DB2CFB8A4633839E3A26B4F3D50C4A379E9880C68A6B2800"
"docs/implementacion-maestra/21-CIERRE-105-VENTANAS.md","1702C9B4236D634585DA78122DACBC0A64BBE3CD9F3A0B8E09346DF795AE11ED"
"docs/implementacion-maestra/22-ARQUITECTURA-FINAL.md","EBE6E4968FFFF1969DEA2202AA1C4552EE4F7E288A23655BC163DD8CA0493691"
"docs/implementacion-maestra/23-CHECKLIST-FUNCIONAL.md","08F51C35D633EB35F73E66EFD45B4900D207DC872D3A4E2EA72E2618F2EC4D48"
"docs/implementacion-maestra/24-BLOQUEOS-EXTERNOS.md","571F90F040B41E19DBB2295D700FC92BD422C47FE34FB29CF33D380964BD573A"
"docs/implementacion-maestra/25-MIGRATIONS-PROPUESTAS.md","7AB69C5264D753B681F333212D03276D79B01F1E2E2E9AD097461F608ACBB0A6"
"docs/implementacion-maestra/evidencia/actualizar-documentacion.ps1","94122885947825996E93976CC3F8784DED0E6ABD2043C8F30F16D1035B31A983"
"docs/implementacion-maestra/evidencia/auditar-archivos.ps1","191D7DA3446D08E0D3D76E2A565A7994E3A6D8F5D04E192A561DF48C0EAE3BC4"
"docs/implementacion-maestra/evidencia/blade-cache.txt","3742C9612C6AA7327923575D3B55C2ACBCBAC9C6DF6FFA21CE9C94DCE36825FA"
"docs/implementacion-maestra/evidencia/blade-php-lint.txt","4902E29FB9DB8965BE2A205E6775069726BB8873326C4D621FB9E309572536E2"
"docs/implementacion-maestra/evidencia/catalogo-original-105.csv","0B0C4129FCC5414E2A975C61AD987A64813222616AC08A2076BC066611A74222"
"docs/implementacion-maestra/evidencia/cierre-auditoria-archivos.csv","9D9A834A17F57C1F4E22743379744454A508A19B5F65E0552FEF8907F04CD80C"
"docs/implementacion-maestra/evidencia/cierre-baseline.csv","6BC32C5722460B911C36636EC54AD04D7530E9F5492467933C6CF2D43EC81287"
"docs/implementacion-maestra/evidencia/cierre-blade-cache.txt","3742C9612C6AA7327923575D3B55C2ACBCBAC9C6DF6FFA21CE9C94DCE36825FA"
"docs/implementacion-maestra/evidencia/cierre-blade-lint.txt","46B7B7238027A839C2EAFFB70AE6823C6061B8EB7CD3D5736685BFF0396BBF7F"
"docs/implementacion-maestra/evidencia/cierre-composer.txt","617D39E3B4752168F63039991B7E1EFACA11E54A1F5A9153D93B0D4EFE91FE05"
"docs/implementacion-maestra/evidencia/cierre-diff-check.txt","872AF0EBFA3E73A14F046E34D5C882B103D20E82D12D3C50D26A342A9F385917"
"docs/implementacion-maestra/evidencia/cierre-diff-stat.txt","08049380F9B48E98DEAB70A943241B88D3AC4BA0F3089018C259E511EA4DFC7F"
"docs/implementacion-maestra/evidencia/cierre-git-status.txt","00FFC8A4E1AB48E96C93661146C2B49845C9E3C404A8C39100B67C90D5955899"
"docs/implementacion-maestra/evidencia/cierre-metas-recheck.txt","BFE5AF81B5CD730BF52116656BB6424A1C869971D7665C17CB99D88925459B06"
"docs/implementacion-maestra/evidencia/cierre-migrations-lint.txt","7BACC95262A1EF643C4A47C4F5853C002A4C1DC259DFABCB6F0E28833C48FB23"
"docs/implementacion-maestra/evidencia/cierre-modelos-relaciones.txt","4FD7844EE170AC8EC6676F0E23DBCB29DEBCCEC23505C1AEB60D834F0AF47875"
"docs/implementacion-maestra/evidencia/cierre-modelos-schema.csv","F3C89059855718200C28077471A9918507D13BB0A245661146B6BC8ACD54C242"
"docs/implementacion-maestra/evidencia/cierre-npm-audit-resumen.csv","E2C122288AA5CA109E72C0CF1A5FD2F4A64246663B804ACA46C90852707D8F9A"
"docs/implementacion-maestra/evidencia/cierre-npm-audit.json","F1BA92DED4AFE32966D82A5C612990C5819D41255DE83177BA40F0ECFA95A640"
"docs/implementacion-maestra/evidencia/cierre-npm-ci.txt","A1CFA1A1FEC4507E476427EF4B3EC988672FF6D5207438F8D7C1C38AE07C21CD"
"docs/implementacion-maestra/evidencia/cierre-php-lint.txt","E7F83561380E20CA25D87BE83EF61473249F87FA2BA0CF0ED2140C83BE246A9F"
"docs/implementacion-maestra/evidencia/cierre-pint.txt","2D79151ED65C23295C380942074831531A97DEF3DAE9656F204CFAC94E29020E"
"docs/implementacion-maestra/evidencia/cierre-preflight.txt","D0420F0F41210F477A55AE08DA51B3B5EB3284BD23C4A887DA90ADDF3B3BBF50"
"docs/implementacion-maestra/evidencia/cierre-preservacion.txt","2857EEAD056606A2AD447228A3779074E3836DDB1AC1DE2CDD46161125997139"
"docs/implementacion-maestra/evidencia/cierre-routes-inicial.txt","81CC348390E5FA7940087FF3588146495325457BD1F08E7474A74E350CBDD27E"
"docs/implementacion-maestra/evidencia/cierre-routes.json","EDD6B6C53312B63EF02FDA0BCA162AEFB9D3DF940856D2AB468A3BA617B7219A"
"docs/implementacion-maestra/evidencia/cierre-schema-baseline.csv","478BEBD9F37FC854FA8655C0E7F29E923ADC187EAB52D3495B341005F00235C9"
"docs/implementacion-maestra/evidencia/cierre-schema-referencias.txt","12E84E560CBC419E792F2AF3D1BE5026227CABF00CCA98FF43B1568614162BED"
"docs/implementacion-maestra/evidencia/cierre-tests.txt","B4727F83F21C6CFB8218174513E7AF56900F8B2668EA78D9376B59A8B2AA7C4A"
"docs/implementacion-maestra/evidencia/cierre-tests.xml","985D5494E5B2448D67DF5E3BCC098A82B21ADFBEA06435B5574712E714B5D141"
"docs/implementacion-maestra/evidencia/cierre-unit-inicial.txt","85EC7B91253068CF981E6055099357B1CA352AEFE9F826D34E851556938D4D64"
"docs/implementacion-maestra/evidencia/cierre-verificacion-rutas-blade.json","F247B5ABBC8AC884953E274961E82F9AA5434D02DAC465546422B62BC5313E23"
"docs/implementacion-maestra/evidencia/cierre-vite-build.txt","0991A3889360E7CFF69B84284CAD2AD225DFCAF7489FE02E2EBF7802EB4482EB"
"docs/implementacion-maestra/evidencia/composer-validate.txt","617D39E3B4752168F63039991B7E1EFACA11E54A1F5A9153D93B0D4EFE91FE05"
"docs/implementacion-maestra/evidencia/conciliacion-verificacion.txt","DE3A12CADC173E08C4F6004C7C47BB2CB419B4C4C4A69193882CAD6C14E1294C"
"docs/implementacion-maestra/evidencia/conciliar-catalogo.ps1","747FE438052B9AC35E4D9312B92332A0CA38BEDCB6922CA7A6EEF7740DB0CEA1"
"docs/implementacion-maestra/evidencia/git-diff-check.txt","872AF0EBFA3E73A14F046E34D5C882B103D20E82D12D3C50D26A342A9F385917"
"docs/implementacion-maestra/evidencia/git-diff-stat.txt","4FF7EBC958A333C90C0FB6A8ABDC4C8F7A039FDE06CDC734C353E6FD89B60618"
"docs/implementacion-maestra/evidencia/git-modificados.txt","8A1144FB35A990D2F5EDB030E1D60AD67C83E518BC0215465C28EA203B7AB753"
"docs/implementacion-maestra/evidencia/git-nuevos.txt","A36953B462F9F623EC3C2BCFE5793C56369616A8270B02A51D93A637BBFAACE8"
"docs/implementacion-maestra/evidencia/git-preservacion.txt","25181253D40DAB9A32A691AFC3E9410B4A0AA7F7D0E748AFEE4D8AF3AF3D2ADB"
"docs/implementacion-maestra/evidencia/git-status.txt","ADD657E64B77271D716A68D8CFF1EEC5628375F6A51673F1D5E0CCC6E434BC61"
"docs/implementacion-maestra/evidencia/inventario-arquitectura-original.csv","510C1101208CE4CCE02ABDB2F107F1B0091A967DEAB86DD04A1763B5AF787C46"
"docs/implementacion-maestra/evidencia/inventario-peter2.csv","F1190CB7D56774993DC82E66958D109E4B59A79D22ECDED3A587BDE081CD086C"
"docs/implementacion-maestra/evidencia/php-lint.txt","9F28A1D8A10168993CAE07CAE7EEEA706C364A189F4AD0DF72B4A911D6B92207"
"docs/implementacion-maestra/evidencia/routes.json","A3317E495ACD3FBD06B81FD8E94B2192CF47EDFF5E73FD700A0A0864B12E36AC"
"docs/implementacion-maestra/evidencia/tests.txt","1481A4C249E43AAB678176373696F6F5AF816FADE2F39119CF55D66E17646AB2"
"docs/implementacion-maestra/evidencia/verificar-cierre.php","93F6E9169B0F280DCCF1DA85D16EB927F39BCBD51566AE70718E1BF5AB1503A6"
"docs/implementacion-maestra/evidencia/vite-build.txt","E8E8746F10F58595B6CDDBB5122FDD75420A8D6802BC8AE23374FAF4B00C266B"
"docs/implementacion-maestra/MATRIZ-105-VENTANAS.md","0D9E32BA3ABF75ED5126547495A1B21B3C4C7728471FCE8C5BF945B16365E148"
"docs/implementacion-maestra/MATRIZ-CONCILIACION-105.csv","A9C379AA9833360F25DACABDA9A04E055DD09CC8FF85CC7ADAA56B65672E4B9D"
"PETER2_REESTRUCTURACION.patch","35FB8DBA4CBE3B2398A39AA99D278F203DA9E4123962A69914428B1890F2738A"
"resources/js/app.js","FCDE0DD414FF1C0DCD5DF84C889BCD5DD2FE6DC0F4F000FAB19FCA8340678CD8"
"resources/views/admin/dashboard-administrador.blade.php","83B53E866059E03FEC5ABE8D3BFA4E06FEF104554FF222B1C3EACC35008C7DB1"
"resources/views/aula-virtual/componentes/course-card.blade.php","85E9C4E2AAE7ACE4897924F27B832DC6DB02711CCBC7E50542EABC2682E8D4CD"
"resources/views/aula-virtual/cursos/index-docente.blade.php","198FFEC33998FF842AC010CF72656D964BF42F8CE42B9083D065D37D84740F47"
"resources/views/aula-virtual/cursos/index-estudiante.blade.php","AB7B85F2B78F4F5968E7FDD008CB8726F58E11479B2C4176F7EC45E614DE4E6C"
"resources/views/aula-virtual/cursos/show-docente.blade.php","7BE635D7F3F2A1A9DC20B840DF955D4A8CF06A637EA5D53C63EAE37010EC1052"
"resources/views/aula-virtual/cursos/show-estudiante.blade.php","30FE4E99427AD9F69CFD87E662A324E3027BE51C9DC8A5B38AE4945A46F89333"
"resources/views/aula-virtual/dashboard/docente.blade.php","CC81CB8AC3BBF6EA7F761FC6C6FE9D4AA8CD0865D1756DEBDAC2479EC849D510"
"resources/views/aula-virtual/dashboard/estudiante.blade.php","C5D3BFFD9F3DA4C02446D2FCA694185958B0D4C7B53B65111B8A2484E5FDE784"
"resources/views/aula-virtual/layouts/app.blade.php","1CFD42D1AC65CF42BB32FDE42BA06B10F81BEFA211F61C7713956F15D0BA8A77"
"resources/views/aula-virtual/layouts/sidebar.blade.php","BA2B00636BD30A41CFE02A7A01889727ECC4365CAFEB0B0810A70EC202577430"
"resources/views/aula-virtual/orientacion/seguimiento-docente.blade.php","F68D766D9A94C0362A605C7872BD61AC3E6D9D6DB4672E0C07D150EF5CC83048"
"resources/views/aula-virtual/reportes/index.blade.php","E97121300AA2F062A4043DEA9276390826095EC5675ECE4C310EA4736A0F88BE"
"resources/views/aula-virtual/tareas/entregar.blade.php","AF2FBEE03EA4689AF01FF5B92A1BCB3385B0C57AE7C7C29D985E04F550E0BB95"
"resources/views/aula-virtual/tareas/revisar.blade.php","7B2C4AD717FAB782639446EA8E8A490F4B4DF7EAABE839A589EC0BD77F115870"
"resources/views/components/actor-menu.blade.php","457D109E9553745E5996402DD7E0CD87C52AD33859046D2A69803BFDCBE9D4BB"
"resources/views/estudiante/area.blade.php","B6E3854F43995CEC6611652D41609FE49BA8D2CE3CFD78B531414EA493B50EE1"
"resources/views/layouts/app.blade.php","9147344D90A4A720CEF369E40F6A665730F0210EBCCDC6B1BFF9037C8A0A16A4"
"resources/views/layouts/sidebar.blade.php","CE9202CF4E744503DA0EB4A06E4DF3A9B97F656B281CD0703EEB0282519CE0D4"
"resources/views/livewire/admin/gestion-docente.blade.php","8277F8370F9E29A3296FA71B4FE30C5E8BBC84B76260924310ACAE172C2F3500"
"resources/views/livewire/admin/gestion-usuarios.blade.php","86B2A9BF9756912509101B220ACDDC51BD37FE855C762311AEC4392A98A6E318"
"resources/views/livewire/aula-virtual/materiales/crear-material.blade.php","1A79435E1C3BF1212D1D3F9EBA8B3B3E82E2C002255542EDA7829798FC2F79FF"
"resources/views/livewire/aula-virtual/orientacion/explorador-vocacional.blade.php","10247E33DFA0ACAF25C7F803D09DEE94E2CD77C688F6EA8CB82D22485B3C9E17"
"resources/views/livewire/aula-virtual/tareas/crear-tarea.blade.php","B6EE5A9818BA9B4B80AA0E386ABFEF41CA25ABA41B899B8177C98415E94C586B"
"resources/views/livewire/secretaria/cuentas.blade.php","1BB7BB65EC094CE1C280D2D21AE81CA8C7E5FA342486374F87E00FFD6AA4A3B4"
"resources/views/livewire/shared/academic-plan.blade.php","B7EBCA23572F406B74ED811BBE3473933DA796CB297E500FEEF0BFE97F8F43D3"
"resources/views/livewire/shared/academic-sources.blade.php","7692D78E595EA4DADFE67246068A0754157E840294B1EE5EB33E69D2AE9956ED"
"resources/views/livewire/shared/course-content.blade.php","7EC14730D02CB3AFCBCBE39946BA94665F7AF03BCD193B57F0533978C79166AC"
"resources/views/livewire/shared/course-list.blade.php","25F4917362C37E82971864EC871A204B81754054C86BD931AF1E71D5C88C364E"
"resources/views/livewire/shared/course-workspace.blade.php","717015931796E80C75120FE078AF5E2127F95CDD156F94BA1A60EE72F256392C"
"resources/views/livewire/shared/module-search.blade.php","EB6C810F62310F03677E674FAFD96AC6879DBF625346135345EB9D9177AEED4A"
"resources/views/livewire/shared/notification-center.blade.php","0AA05003CFBDBE88AE616BB786D7E7836A6B1D6FF3FDEB383EB4F1ADE7B091F9"
"resources/views/livewire/shared/student-drawer.blade.php","5BB5F98344527A1E8BC8D15FCB25F6F48C56483188CC61EB54E4C2B47BE997F8"
"resources/views/livewire/shared/study-assistant.blade.php","77A877A4044560F4A6118B456DFB383041D46F9C633BDF2916B94D9B4738F3B2"
"resources/views/pdf/reportes/curso-aula.blade.php","149C2A096F718CC14D58A8E8EBDD593C8148481AE0D3521927DD0984119F3016"
"resources/views/pdf/reportes/regencia.blade.php","322210B2DFCDF291EDDA192CAEDAE71141ED6F727DDABCA34445525395C97888"
"resources/views/workspaces/calendario.blade.php","E3DF199C89B734223CDA92CAD9E53844DF40B9214653C74C158DE3FCF1C438D2"
"resources/views/workspaces/consulta.blade.php","00F137C27537671BB15419FF016C9A4219FCBBBD6E1EBA98168384C13D40231A"
"resources/views/workspaces/documentacion.blade.php","6BB5A2417D71A4FD2EC61423D2F10D2329F825AA66DF0FBA91322919EC7CB194"
"resources/views/workspaces/domain-boundary.blade.php","0B5004CF72BD83144EE7226574A93D49C0E6554B645FC7123262D8B6101F825D"
"resources/views/workspaces/institucional.blade.php","1C231939603F898F9390437E1E6E299DF599857706B6C06915759DF24D9E61F0"
"resources/views/workspaces/mis-grados.blade.php","42862F91A55C8F098AC0EE5A36413FB22FDBCA574DCF51879B163EAC3C145596"
"resources/views/workspaces/reportes-regencia.blade.php","4AF0B512614AD0E208C896752137FDF718B526D3E4EFF6E784E1715D82A81AFF"
"resources/views/workspaces/reportes.blade.php","5213F80815C9C4D2409D03F5ADDE46630219454E36521C7B035FF4CF5377B223"
"routes/actors.php","31CE8EFD5104B1959EF6E95F54D27912533D8406A7CD5CFC579C1DBD32CF46B8"
"routes/admin.php","D1E9F1309DBEC6DC09F4A03D070D24198B8314C2F9B53A65FCAD88DB5D40DCD6"
"routes/aula_virtual.php","8A73E19A2ED725F828C60D35D281EF7E3302E780CCF75193549BAA0CC0F229AF"
"routes/direccion.php","CCA773F6992F40CF58B727C492F36EC97AD865495DBF34D1C250144F289BCD43"
"routes/docente.php","47F424745489EA2A8AC4DFD8E3912078AE7DAE2576AE6E6D16A272B39C68BC29"
"routes/estudiante.php","D420BF640FDBB84DD9DF474FA8DCF38A912DBDDCDAA543B6958350F50F8EB932"
"routes/regencia.php","23AEF9D7009EFFD87564E2F06EB7A7A3D9BFEDD24D5AA999A1D129D886E59680"
"routes/secretaria.php","22DBA586D77DEC2BF022BC453BC7EF57337973CF93F180D3FDA0AAEC95B02B86"
"routes/web.php","9234CE863B87854D27845FCAC3D400393D7C6E0A420FD23AFDE387C15EAE7173"
"routes/workspace_domains.php","840089D4486EB2C6054F09B4CC7A5EB7639CB09CE592AC624FA8843938C82CCD"
"tests/Feature/Authorization/WorkspaceAuthorizationTest.php","4B17B1A56F0B8F09FD60F974B617E561B0362FB792B4F944BB39C0C05EDEC8ED"
"tests/Feature/SpecializedSupportBoundaryTest.php","1F7E8CFE4B7A8F354847475DF7496CD462BC940EE5A83546DBD1B4ECFB84FE72"
"tests/Feature/TeacherReportPdfTest.php","BC61F6330B7DA6151ED60514944157DCD5CD4D58D0ACFD768B752B5D28F0764F"
"tests/Feature/WorkspaceHttpBoundaryTest.php","7D192F196613E1BF4C2AA5B70E4A8BD441D014E2506D9592020909D53BB87CA4"
"tests/TestCase.php","33C3742F3BEB2D18F5AD6CF132C552C6D241E3B71E2C593723B776D2677D5DBF"
"tests/Unit/AcademicSecurityTest.php","396F25B0CB8A2CC5FE6D745C1E68602C4DA2B2B9825C783FB40F67CB382C1EAB"
"tests/Unit/AporteIngenierilClientTest.php","FD9FD5939EC486FA8DDA672D8A7D2CD8F4E7149516D8B29A2B1AD4FB2351A85C"
"tests/Unit/AuthorizationBoundariesTest.php","A620172E652269333EC1B8FB19B970DF5785CE8B36D316A436CF7B35342FA7FE"
"tests/Unit/HistoricalReportAuthorizationTest.php","C391BC916EAA389BAD0C18DE51FAF048F002907A3C19C2E421762830B83C8AFE"
"tests/Unit/InstitutionalScopeContractTest.php","DF7DBA2250638EBC431CA914F8DDD11AF1D24DF22437DF89D02EE542B715719E"
"tests/Unit/KardexBoundaryTest.php","0C99B25C0DED93E7404CF03962F8B5F9F8FAB6A43ACC8627F5103CB3D39B63C3"
"tests/Unit/NotificationBoundaryTest.php","07EC3CE0C75185BBD93076976311CAFF4F9E6016EDC015C0EEDCEFA9A8220CF0"
"tests/Unit/PreparedPersistenceBoundaryTest.php","0CE09633D70EE3ECCAD8211C59923C89D8AE5EB3A25D3885FA205BA12AE056E7"
"tests/Unit/PrivateFilePathTest.php","C4FF97253E974CBC4027092BEDD5E3F5809F01596B045E753C701022E556A62B"
"tests/Unit/RegencyReportScopeTest.php","617C96D28D66FC07C268A115A5746D64F1DAA386D06A84E2A468C9F18E6AFDB2"
"tests/Unit/RoleDashboardResolverTest.php","9635F6A43C5A0E4852869FB57175D9F808ED3435B7F821E3A310230CCD3FBEF9"
"tests/Unit/RoleRequestAuthorizationTest.php","3820CEA32AC0B86969D9E5D11AFD5C26182C34CDF81CC3DA320A23D1FD4760AB"
"tests/Unit/SubmissionAuthorizationTest.php","9337562409777E5855E592457F525779776A897C1BC33C5DEF1B7E7515E0D983"
"tests/Unit/WorkspaceIntegrityTest.php","5170E1A4940294A28A2234843FF5A341F6EC2E44E1438721497CDA604C9DFECC"
