"SUPPORT","RUTA","MODULO","TIPO","METODOS","BLOQUEOS","ADVERTENCIAS","SUGERENCIAS","COINCIDENCIAS","RESUMEN","ACCION_RECOMENDADA","VENTANAS","CALLER_ORIGINAL","CALLER_ACTUAL","CALLER_TRANSITIVO","EXISTIA_EN_HEAD","CALLERS_PERDIDOS","ESTADO","SHA256"
"AsignaturaInteligente","app/Support/Academico/AsignaturaInteligente.php","Academico","INTELIGENTE_LOCAL","catalogo (public); interpretar (public); desdeSigla (public); respuestaDesdeCatalogo (private); respuestaDesdeRedaccion (private); respuestaBloqueada (private); respuestaBase (private); mapearAsignaturaResultado (private); redactarComoMateria (public); mapaRedaccionAcademica (private); buscarCoincidencias (public); tieneDuplicadoExacto (private); tienePosibleDuplicado (private); generarSigla (public); sugerirHoras (public); sugerirArea (private); sugerirTipo (private); sugerirNivel (private); sugerirCarreras (private); catalogoSugerencias (public); normalizar (public); calcularSimilitud (public); esCorreccionMenor (public); mejorCoincidenciaCatalogo (private); coincideConAsignatura (private); puntajeAcademico (private); entradaClaramenteInvalida (private); formatearNombreAcademico (private); formatearNombre (private); extraerPalabrasClave (private); palabrasSignificativas (private); contieneAlguna (private); mensajeSoporte (public)","True","True","True","True","True","False","V009","app/Livewire/Admin/GestionAsignatura.php","app/Livewire/Admin/GestionAsignatura.php","app/Livewire/Admin/GestionAsignatura.php; app/Livewire/InstitutionalAuthorization.php","True","","CONECTADO_ESTATICAMENTE","EAFEAC5B90C8C1F1E40EF7B9D52B91F03BEFE07F3C3B806186FB39A5025F12A0"
"CursoInteligente","app/Support/Academico/CursoInteligente.php","Academico","INTELIGENTE_LOCAL","catalogo (public); interpretar (public); desdeOrden (public); cursoOficial (public); nivelPorOrden (public); descripcionPorOrden (public); relacionesEsperadas (private); advertencias (private); calcularConfianza (private); detectarOrdenes (private); respuestaBase (private); normalizar (public)","True","True","True","False","True","False","V008","app/Livewire/Admin/GestionCurso.php; resources/views/livewire/admin/gestion-curso.blade.php","app/Livewire/Admin/GestionCurso.php; resources/views/livewire/admin/gestion-curso.blade.php","app/Livewire/Admin/GestionCurso.php; app/Livewire/InstitutionalAuthorization.php; resources/views/livewire/admin/gestion-curso.blade.php","True","","CONECTADO_ESTATICAMENTE","D9593E043E4D404401D305525E84D0282DB1111DB0DF1905DB58044A4CD6C906"
"EspecialidadTecnicaInteligente","app/Support/Academico/EspecialidadTecnicaInteligente.php","Academico","INTELIGENTE_LOCAL","analizar (public); orientacion (public); nombreRegistro (protected)","True","False","True","True","True","False","V013","app/Livewire/Admin/EspecialidadesTecnicas.php","app/Livewire/Admin/EspecialidadesTecnicas.php","app/Http/Controllers/Admin/ReportePdfController.php; app/Http/Controllers/AulaVirtual/AsistenciaController.php; app/Http/Controllers/AulaVirtual/AulaVirtualController.php; app/Http/Controllers/AulaVirtual/CursoVirtualController.php; app/Http/Controllers/AulaVirtual/EntregaController.php; app/Http/Controllers/AulaVirtual/MaterialController.php; app/Http/Controllers/AulaVirtual/OrientacionController.php; app/Http/Controllers/AulaVirtual/ReporteAulaVirtualController.php; app/Http/Controllers/AulaVirtual/TareaController.php; app/Http/Controllers/Docente/CalificacionCursoController.php; app/Http/Controllers/Estudiante/ExperienceController.php; app/Http/Controllers/InstitutionalQueryController.php; app/Http/Controllers/RegencyAssignmentsController.php; app/Http/Controllers/WorkspaceController.php; app/Livewire/Admin/AsignacionesRegencia.php; app/Livewire/Admin/EspecialidadesTecnicas.php; app/Livewire/Admin/GestionAsignatura.php; app/Livewire/Admin/GestionDocente.php; app/Livewire/Admin/GestionParalelo.php; app/Livewire/Admin/GestionUsuarios.php; app/Livewire/Admin/PersonalInstitucional.php; app/Livewire/Admin/PlanesAsignatura.php; app/Livewire/Admin/RolesPermisos.php; app/Livewire/AulaVirtual/DashboardDocente.php; app/Livewire/AulaVirtual/DashboardEstudiante.php; app/Livewire/AulaVirtual/Materiales/CrearMaterial.php; app/Livewire/AulaVirtual/Orientacion/ExploradorVocacional.php; app/Livewire/AulaVirtual/Tareas/CrearTarea.php; app/Livewire/InstitutionalAuthorization.php; app/Livewire/Secretaria/Cuentas.php; app/Livewire/Shared/AcademicSources.php; app/Livewire/Shared/CourseContent.php; app/Livewire/Shared/CourseList.php; app/Livewire/Shared/CourseWorkspace.php; app/Livewire/Shared/InstitutionalQuery.php; app/Livewire/Shared/InstitutionalRecordDrawer.php; app/Livewire/Shared/StudyAssistant.php; app/Services/AcademicAccessService.php; app/Services/AcademicGoalService.php; app/Services/AulaVirtual/AsistenciaService.php; app/Services/AulaVirtual/CursoVirtualService.php; app/Services/AulaVirtual/EntregaService.php; app/Services/AulaVirtual/OrientacionService.php; app/Services/AulaVirtual/PublicacionService.php; app/Services/AulaVirtual/ReporteAulaVirtualService.php; app/Services/AulaVirtual/TareaService.php; app/Services/AulaVirtual/UnitContentService.php; app/Services/CalendarService.php; app/Services/GradeService.php; app/Services/InstitutionalAuthorityService.php; app/Services/InstitutionalDashboardService.php; app/Services/InstitutionalQueryService.php; app/Services/Kardex/ScopedKardexRepository.php; app/Services/OperationalAccountService.php; app/Services/RegencyAccessService.php; app/Services/RegencyReportService.php; app/Services/Reportes/DatosReporteAdministrativoService.php; app/Services/Reportes/GeneradorZipReportesService.php; app/Services/RolePermissionService.php; app/Services/RoleRequestService.php; app/Services/StudentContextService.php","True","","CONECTADO_ESTATICAMENTE","C0B50F5922FED869F3FCBE138DFCEB2110B40F7572D9367F2869796782FD80D5"
"GestionAcademicaInteligente","app/Support/Academico/GestionAcademicaInteligente.php","Academico","INTELIGENTE_LOCAL","estados (public); estadosParaSelect (public); estadoValido (public); normalizarEstado (public); estadosActivosCompatibles (public); estadosPlanificadosCompatibles (public); estadosCerradosCompatibles (public); analizarCreacion (public); analizarActivacion (public); analizarInicioCierre (public); analizarCierreDefinitivo (public); analizarAnulacion (public); analizarExportacion (public); analizarGeneracionRespaldo (public); resumirRespaldos (public); tieneRespaldoValidado (public); existeRespaldoCierreDuplicado (public); existeRespaldoCierrePendiente (private); sugerirFechasGestion (public); sugerirPeriodosEvaluacion (public); analizarRangoGestion (public); analizarRangoCurricular (public); analizarPeriodosEvaluacion (public); calcularDiasHabilesReferenciales (public); resumenGestion (public); pendientesCierre (public); obtenerGestion (private); existeAnioGestion (private); existeGestionActiva (private); existeGestionAnteriorSinCerrar (private); tieneEstructuraAcademicaBasica (private); contarTabla (private); contarActivos (private); contarPorGestion (private); contarInscripcionesPendientes (private); contarPlanesAsignaturaIncompletos (private); contarPlanesEspecialidadIncompletos (private); contarHorariosPendientes (private); contarReportesPendientes (private); contarCalificacionesPorGestion (private); contarPorGestionIndirectaAulaVirtual (private); contarTareasPorGestion (private); contarAsistenciasPorGestion (private); contarClasesVirtualesAbiertas (private); contarTareasAbiertas (private); contarAsistenciasAbiertas (private); fechaDentroDeDescansos (private); totalPendientes (private); nivelRiesgo (private); resultado (private); resultadoBloqueado (private)","True","True","True","True","True","False","V007","app/Livewire/Admin/GestionAcademica.php; resources/views/livewire/admin/gestion-academica.blade.php","app/Livewire/Admin/GestionAcademica.php; resources/views/livewire/admin/gestion-academica.blade.php","app/Http/Controllers/Admin/CalificacionController.php; app/Http/Controllers/Admin/ReportePdfController.php; app/Http/Controllers/AdminDashboardController.php; app/Http/Controllers/AulaVirtual/AsistenciaController.php; app/Http/Controllers/AulaVirtual/AulaVirtualController.php; app/Http/Controllers/AulaVirtual/CursoVirtualController.php; app/Http/Controllers/AulaVirtual/EntregaController.php; app/Http/Controllers/AulaVirtual/MaterialController.php; app/Http/Controllers/AulaVirtual/OrientacionController.php; app/Http/Controllers/AulaVirtual/ReporteAulaVirtualController.php; app/Http/Controllers/AulaVirtual/TareaController.php; app/Http/Controllers/CalendarController.php; app/Http/Controllers/Docente/CalificacionCursoController.php; app/Http/Controllers/Estudiante/ExperienceController.php; app/Http/Controllers/HistoricalReportController.php; app/Http/Controllers/InstitutionalQueryController.php; app/Http/Controllers/RegencyAssignmentsController.php; app/Http/Controllers/RegencyReportController.php; app/Http/Controllers/WorkspaceController.php; app/Livewire/Admin/AsignacionesRegencia.php; app/Livewire/Admin/Calificaciones.php; app/Livewire/Admin/GestionAcademica.php; app/Livewire/Admin/GestionAsignatura.php; app/Livewire/Admin/GestionDocente.php; app/Livewire/Admin/GestionEstudiantes.php; app/Livewire/Admin/GestionParalelo.php; app/Livewire/Admin/GestionUsuarios.php; app/Livewire/Admin/PeriodoEvaluacion.php; app/Livewire/Admin/PersonalInstitucional.php; app/Livewire/Admin/PlanesAsignatura.php; app/Livewire/Admin/ReportesAcademicos.php; app/Livewire/Admin/ReportesAdministrativos.php; app/Livewire/Admin/RolesPermisos.php; app/Livewire/AulaVirtual/Cursos/CursoDetalleDocente.php; app/Livewire/AulaVirtual/Cursos/CursoDetalleEstudiante.php; app/Livewire/AulaVirtual/Cursos/MisAsignaturasEstudiante.php; app/Livewire/AulaVirtual/Cursos/MisCursosDocente.php; app/Livewire/AulaVirtual/DashboardDocente.php; app/Livewire/AulaVirtual/DashboardEstudiante.php; app/Livewire/AulaVirtual/Materiales/CrearMaterial.php; app/Livewire/AulaVirtual/Materiales/EditarMaterial.php; app/Livewire/AulaVirtual/Orientacion/ExploradorVocacional.php; app/Livewire/AulaVirtual/Tareas/CrearTarea.php; app/Livewire/AulaVirtual/Tareas/EditarTarea.php; app/Livewire/InstitutionalAuthorization.php; app/Livewire/Secretaria/Cuentas.php; app/Livewire/Shared/AcademicPlan.php; app/Livewire/Shared/AcademicSources.php; app/Livewire/Shared/CourseContent.php; app/Livewire/Shared/CourseList.php; app/Livewire/Shared/CourseWorkspace.php; app/Livewire/Shared/InstitutionalQuery.php; app/Livewire/Shared/InstitutionalRecordDrawer.php; app/Livewire/Shared/StudentDrawer.php; app/Livewire/Shared/StudyAssistant.php; app/Livewire/Shared/TeacherGradeForm.php; app/Services/AcademicAccessService.php; app/Services/AcademicGoalService.php; app/Services/AulaVirtual/AsistenciaService.php; app/Services/AulaVirtual/CursoVirtualService.php; app/Services/AulaVirtual/EntregaService.php; app/Services/AulaVirtual/OrientacionService.php; app/Services/AulaVirtual/PublicacionService.php; app/Services/AulaVirtual/ReporteAulaVirtualService.php; app/Services/AulaVirtual/TareaService.php; app/Services/AulaVirtual/UnitContentService.php; app/Services/CalendarService.php; app/Services/GradeService.php; app/Services/HistoricalReportAccessService.php; app/Services/InstitutionalAuthorityService.php; app/Services/InstitutionalDashboardService.php; app/Services/InstitutionalQueryService.php; app/Services/Kardex/ScopedKardexRepository.php; app/Services/OperationalAccountService.php; app/Services/RegencyAccessService.php; app/Services/RegencyReportService.php; app/Services/Reportes/DatosReporteAcademicoService.php; app/Services/Reportes/DatosReporteAdministrativoService.php; app/Services/Reportes/DatosReporteVocacionalService.php; app/Services/Reportes/GeneradorMpdfService.php; app/Services/Reportes/GeneradorSpatiePdfService.php; app/Services/Reportes/GeneradorZipReportesService.php; app/Services/RolePermissionService.php; app/Services/RoleRequestService.php; app/Services/StudentContextService.php; resources/views/livewire/admin/gestion-academica.blade.php","True","","CONECTADO_ESTATICAMENTE","791D6E0B10B810F8F69926752F3E96EEA0C0D99B1BBD44C3A2C54BAD4E9018F6"
"InscripcionAcademica","app/Support/Academico/InscripcionAcademica.php","Academico","INTELIGENTE_LOCAL","gestionTrabajo (public); catalogos (public); resumenGeneral (public); buscarEstudiantes (public); obtenerEstudiante (public); estudiantesSinInscripcion (public); contarEstudiantesSinInscripcion (public); historialEstudiante (public); clasificarSituacionEstudiante (public); sugerirTipoInscripcion (public); sugerirCursoPorEdad (public); compararCursoConEdad (public); cursoSugeridoDisponible (public); turnoManana (public); validarTurnoPrincipal (public); cursoRequiereEspecialidad (public); especialidadesTecnicas (public); validarEspecialidadTecnica (public); analizarInscripcion (public); evaluarConfirmacionFinal (public); estadoPasos (public); puedeAvanzarPaso (public); documentosBase (public); catalogoDocumentosRequeridos (public); nombreDocumentoDesdeCatalogo (public); calcularFechaLimiteDocumento (public); validarFechaLimiteDocumento (public); sugerirObservacionInteligente (public); validarDocumentoIndividual (public); analizarDocumentos (public); previsualizarChecklistPorTipo (public); fusionarDocumentosSinBorrar (public); requiereConfirmacionRegenerarDocumentos (public); normalizarDocumentosParaGuardar (public); validarCupoEspecialidad (public); validarCombinacionAcademica (public); calcularCupo (public); verificarInscripcionExistente (public); obtenerInscripcion (public); evaluarEdicion (public); evaluarAnulacion (public); evaluarRetiro (public); prepararDatosAnulacion (public); prepararDatosRetiro (public); normalizarDatosInscripcion (public); normalizarTipoInscripcionParaBD (public); normalizarEstadoInscripcionParaBD (public); normalizarCondicionInscripcionParaBD (public); normalizarEstadoCondicionAntesDeGuardar (public); estadoFinalManualPermitido (public); condicionPermitida (public); panelGestion (public); panelCupo (public); panelDocumental (public); panelRevision (public); reportesDisponibles (public); prepararConstancia (public); descripcionBitacora (public); queryEstudiantesConPersona (private); selectEstudiantePersona (private); gestiones (private); cursos (private); paralelos (private); turnos (private); obtenerCurso (private); obtenerParalelo (private); obtenerTurno (private); tablaEspecialidades (private); capacidadParalelo (private); validarFechaEnGestion (private); validarDatosMinimosEstudiante (private); sugerirEstadoFinal (private); sugerirCondicion (private); estadoRevision (private); nivelRiesgo (private); mensajeRevision (private); evaluarAccionLogica (private); mapearEstudiante (private); resumenVacio (private); documentosPorInscripcion (private); contarDocumentosPorGestion (private); contarDocumentosPorInscripcion (private); contarEspecialidadesPendientes (private); documentosFaltantes (private); claveDocumento (private); extraerOrdenCurso (private); primeraColumna (private); selectColumn (private); edad (private); fechaTexto (private); horaTexto (private); limpiarTexto (private); normalizarMayuscula (private); normalizarTextoBusqueda (private); textoSeguro (private); estaVacio (private)","True","True","True","True","True","True","V012; V047","app/Livewire/Admin/GestionInscripciones.php","app/Livewire/Admin/GestionInscripciones.php","app/Livewire/Admin/GestionInscripciones.php; app/Livewire/InstitutionalAuthorization.php","True","","CONECTADO_ESTATICAMENTE","E3D8E8AFB893B496A59CBEABECE66A3F6AA297D80A652CF6B400E5BF1C061362"
"KardexInteligente","app/Support/Academico/KardexInteligente.php","Academico","INTELIGENTE_LOCAL","analizar (public); nombreRegistro (protected)","True","True","True","True","True","False","V082; V083","","app/Services/Kardex/KardexService.php","app/Http/Controllers/DomainBoundaryController.php; app/Livewire/Shared/KardexDraft.php; app/Services/DomainReadinessService.php; app/Services/Kardex/KardexService.php","False","","CONECTADO_ESTATICAMENTE","5804ADAC549E6BD8311B69654BCC1513C379FFCA8D8BDBA6CBA54FDDAEDBDFC7"
"ParaleloInteligente","app/Support/Academico/ParaleloInteligente.php","Academico","INTELIGENTE_LOCAL","interpretar (public); catalogoSugerido (public); redactar (public); normalizar (public); buscarCoincidencias (public); existeActivoConNombre (public); existeInactivoConNombre (public); esCambioMenor (public); duplicadoPrincipal (private); entradaClaramenteInvalida (public); mezclaConceptosAcademicos (public); extraerLetraParalelo (private); esParaleloUnico (private); esNombreInstitucionalPosible (private); respuestaValida (private); respuestaRevision (private); respuestaDuplicadoActivo (private); respuestaDuplicadoInactivo (private); respuestaBloqueada (private); respuestaBase (private); advertenciasPorCoincidencias (private); calcularSimilitud (public); formatearNombre (public); mensajeNoDescifrable (public)","True","True","True","True","True","True","V010; V052","app/Livewire/Admin/GestionParalelo.php","app/Livewire/Admin/GestionParalelo.php","app/Livewire/Admin/GestionParalelo.php; app/Livewire/InstitutionalAuthorization.php","True","","CONECTADO_ESTATICAMENTE","A84F05A47017B47BB97EEE9FFFAB7AD4C6AD90F02B255885A76408E8A091A3D2"
"PeriodoEvaluacionInteligente","app/Support/Academico/PeriodoEvaluacionInteligente.php","Academico","INTELIGENTE_LOCAL","analizar (public); nombreRegistro (protected)","True","False","True","True","True","False","V015","app/Livewire/Admin/PeriodoEvaluacion.php","app/Livewire/Admin/PeriodoEvaluacion.php","app/Http/Controllers/Admin/CalificacionController.php; app/Http/Controllers/Admin/ReportePdfController.php; app/Http/Controllers/AdminDashboardController.php; app/Http/Controllers/AulaVirtual/AsistenciaController.php; app/Http/Controllers/AulaVirtual/AulaVirtualController.php; app/Http/Controllers/AulaVirtual/CursoVirtualController.php; app/Http/Controllers/AulaVirtual/EntregaController.php; app/Http/Controllers/AulaVirtual/MaterialController.php; app/Http/Controllers/AulaVirtual/OrientacionController.php; app/Http/Controllers/AulaVirtual/ReporteAulaVirtualController.php; app/Http/Controllers/AulaVirtual/TareaController.php; app/Http/Controllers/CalendarController.php; app/Http/Controllers/Docente/CalificacionCursoController.php; app/Http/Controllers/Estudiante/ExperienceController.php; app/Http/Controllers/HistoricalReportController.php; app/Http/Controllers/InstitutionalQueryController.php; app/Http/Controllers/RegencyReportController.php; app/Http/Controllers/WorkspaceController.php; app/Livewire/Admin/AsignacionesRegencia.php; app/Livewire/Admin/Calificaciones.php; app/Livewire/Admin/GestionAcademica.php; app/Livewire/Admin/GestionAsignatura.php; app/Livewire/Admin/GestionEstudiantes.php; app/Livewire/Admin/PeriodoEvaluacion.php; app/Livewire/Admin/PersonalInstitucional.php; app/Livewire/Admin/PlanesAsignatura.php; app/Livewire/Admin/ReportesAcademicos.php; app/Livewire/Admin/ReportesAdministrativos.php; app/Livewire/AulaVirtual/Cursos/CursoDetalleDocente.php; app/Livewire/AulaVirtual/Cursos/CursoDetalleEstudiante.php; app/Livewire/AulaVirtual/DashboardDocente.php; app/Livewire/AulaVirtual/DashboardEstudiante.php; app/Livewire/AulaVirtual/Materiales/CrearMaterial.php; app/Livewire/AulaVirtual/Orientacion/ExploradorVocacional.php; app/Livewire/AulaVirtual/Tareas/CrearTarea.php; app/Livewire/InstitutionalAuthorization.php; app/Livewire/Shared/AcademicSources.php; app/Livewire/Shared/CourseContent.php; app/Livewire/Shared/CourseList.php; app/Livewire/Shared/CourseWorkspace.php; app/Livewire/Shared/InstitutionalQuery.php; app/Livewire/Shared/InstitutionalRecordDrawer.php; app/Livewire/Shared/StudyAssistant.php; app/Livewire/Shared/TeacherGradeForm.php; app/Services/AcademicAccessService.php; app/Services/AcademicGoalService.php; app/Services/AulaVirtual/AsistenciaService.php; app/Services/AulaVirtual/CursoVirtualService.php; app/Services/AulaVirtual/EntregaService.php; app/Services/AulaVirtual/OrientacionService.php; app/Services/AulaVirtual/PublicacionService.php; app/Services/AulaVirtual/ReporteAulaVirtualService.php; app/Services/AulaVirtual/TareaService.php; app/Services/AulaVirtual/UnitContentService.php; app/Services/CalendarService.php; app/Services/GradeService.php; app/Services/HistoricalReportAccessService.php; app/Services/InstitutionalDashboardService.php; app/Services/InstitutionalQueryService.php; app/Services/Kardex/ScopedKardexRepository.php; app/Services/RegencyReportService.php; app/Services/Reportes/DatosReporteAcademicoService.php; app/Services/Reportes/DatosReporteAdministrativoService.php; app/Services/Reportes/DatosReporteVocacionalService.php; app/Services/Reportes/GeneradorMpdfService.php; app/Services/Reportes/GeneradorSpatiePdfService.php; app/Services/Reportes/GeneradorZipReportesService.php; app/Services/StudentContextService.php","True","","CONECTADO_ESTATICAMENTE","FDA9F0680A9DFE875C530813EEDFC62CDB6D5C4B166D8E147D8D4D2AFD9C5BE9"
"PlanAsignaturaInteligente","app/Support/Academico/PlanAsignaturaInteligente.php","Academico","INTELIGENTE_LOCAL","analizar (public)","True","False","False","True","True","False","V014","app/Livewire/Admin/PlanesAsignatura.php","app/Livewire/Admin/PlanesAsignatura.php","app/Http/Controllers/CalendarController.php; app/Http/Controllers/InstitutionalQueryController.php; app/Http/Controllers/WorkspaceController.php; app/Livewire/Admin/GestionAsignatura.php; app/Livewire/Admin/GestionParalelo.php; app/Livewire/Admin/PlanesAsignatura.php; app/Livewire/InstitutionalAuthorization.php; app/Livewire/Shared/InstitutionalQuery.php; app/Livewire/Shared/InstitutionalRecordDrawer.php; app/Services/CalendarService.php; app/Services/InstitutionalDashboardService.php; app/Services/InstitutionalQueryService.php","True","","CONECTADO_ESTATICAMENTE","9AC0517EC0ACF5B842F6D23EADD8A11AAA96025BCBD2A105CF696D27C80F5A52"
"TurnoInteligente","app/Support/Academico/TurnoInteligente.php","Academico","INTELIGENTE_LOCAL","auditarEstructuraHoraria (public); corregirEstructuraHoraria (public); asegurarPlantillaRegularPorTurno (public); asociarBloquesSinPlantilla (public); analizarTurno (public); analizarPlantilla (public); validarPlantillaContraGestion (public); analizarBloque (public); validarBloquesDePlantilla (public); obtenerGestionTrabajo (public); sugerirRangoInvierno (public); generarVistaPreviaAplicacion (public); generarVistaPreviaAplicacionConFormulario (public); puedeDesactivarTurno (public); puedeDesactivarPlantilla (public); puedeDesactivarBloque (public); detectarBloquesSinPlantilla (public); detectarBloquesFueraDelTurno (public); detectarSolapamientosPorPlantilla (public); detectarSolapamientoBloque (public); detectarSolapamientoTurno (public); detectarPlantillasInviernoSolapadas (public); detectarCrucePlantillaInvierno (public); detectarPlantillasSinBloques (public); normalizarDatosTurno (public); normalizarDatosPlantilla (public); normalizarDatosBloque (public); normalizarNombreTurno (public); normalizarTipoPlantilla (public); normalizarTipoBloque (public); normalizarEstadoRegistro (public); normalizarEstadoPlantilla (public); turnosActivos (private); obtenerTurno (private); obtenerPlantilla (private); obtenerBloque (private); obtenerPlantillaRegular (private); obtenerPlantillaInvierno (private); plantillasInviernoPorTurno (private); bloquesPorTurno (private); bloquesPorPlantilla (private); bloquesSinPlantillaPorTurno (private); existeTurnoDuplicado (private); existePlantillaDuplicada (private); existePlantillaRegularAplicada (private); existeNumeroBloqueDuplicado (private); usoTurno (private); usoPlantilla (private); bloqueTieneUso (private); cantidadDetallesPorTurno (private); calcularDuracionMinutos (public); duracionSegura (private); minutosDesdeMedianoche (private); bloqueDentroDelTurno (private); calcularCoberturaTurnoPorPlantilla (private); mapearGestion (private); mapearPlantilla (private); mapearBloque (private); gestionTrabajoResumen (private); fechaDesdeGestion (private); rangoTurnoTexto (private); rangoTexto (private); esTurnoRegular (private); pareceTurnoNocturno (private); duracionSugeridaPorTipo (private); accionSugeridaAuditoria (private); resultado (private); resultadoBloqueado (private); determinarEstado (private); nivelRiesgo (private); tablaExiste (private); generarCodigo (private); filtrarColumnas (private); registrarBitacoraSeguro (private); datosMinimosVacios (private); tieneValor (private); limpiarTexto (private); normalizarTitulo (private); normalizarMayuscula (private); normalizarCanonico (private); normalizarHora (private); normalizarFecha (private); normalizarEnteroNullable (private); horaValida (private); fechaValida (private); analizarGeneracionAutomaticaBloques (public); resultadoGeneracion (private); resumenGeneracion (private); guardarBloquesAutomaticos (public)","True","True","True","True","True","False","V011","app/Livewire/Admin/GestionTurnos.php","app/Livewire/Admin/GestionTurnos.php","app/Livewire/Admin/GestionTurnos.php; app/Livewire/InstitutionalAuthorization.php","True","","CONECTADO_ESTATICAMENTE","E2EA050CC3A957A306F613FAC499B3A8675EE2E87D5B14C5BC51D0AEC132341B"
"CatalogoInteligenteBase","app/Support/CatalogoInteligenteBase.php","Transversal","INTELIGENTE_LOCAL","normalizarTexto (public); normalizarDescripcion (public); canonico (public); analizarDuplicidad (public); completitud (public); nombreRegistro (protected)","False","False","False","True","True","False","","app/Support/Academico/EspecialidadTecnicaInteligente.php; app/Support/Academico/PeriodoEvaluacionInteligente.php; app/Support/Comunidad/InstitucionProcedenciaInteligente.php; app/Support/Comunidad/TipoVinculacionEstudianteInteligente.php","app/Support/Academico/EspecialidadTecnicaInteligente.php; app/Support/Academico/KardexInteligente.php; app/Support/Academico/PeriodoEvaluacionInteligente.php; app/Support/Comunidad/InstitucionProcedenciaInteligente.php; app/Support/Comunidad/TipoVinculacionEstudianteInteligente.php","app/Support/Academico/EspecialidadTecnicaInteligente.php; app/Support/Academico/KardexInteligente.php; app/Support/Academico/PeriodoEvaluacionInteligente.php; app/Support/Comunidad/InstitucionProcedenciaInteligente.php; app/Support/Comunidad/TipoVinculacionEstudianteInteligente.php","True","","CONECTADO_ESTATICAMENTE","30493C29751DACE5D5962E772003AC8F7B586460B672D93D76194683F83DEAD9"
"DocenteInteligente","app/Support/Comunidad/DocenteInteligente.php","Comunidad","INTELIGENTE_LOCAL","analizarEspecialidad (public)","True","False","False","False","True","False","V006","app/Livewire/Admin/GestionDocente.php","app/Livewire/Admin/GestionDocente.php","app/Livewire/Admin/GestionDocente.php; app/Livewire/InstitutionalAuthorization.php","True","","CONECTADO_ESTATICAMENTE","1FB965585C29678BEE4593AC6F0CB4361F3EE22048B04EC833F305509941BBC9"
"InstitucionProcedenciaInteligente","app/Support/Comunidad/InstitucionProcedenciaInteligente.php","Comunidad","INTELIGENTE_LOCAL","analizar (public); nombreRegistro (protected)","True","False","True","True","True","False","V049","app/Livewire/Admin/InstitucionProcedencia.php","app/Livewire/Admin/InstitucionProcedencia.php","app/Http/Controllers/Admin/ReportePdfController.php; app/Livewire/Admin/GestionEstudiantes.php; app/Livewire/Admin/InstitucionProcedencia.php; app/Livewire/Admin/ReportesAdministrativos.php; app/Livewire/InstitutionalAuthorization.php; app/Services/Reportes/DatosReporteAdministrativoService.php; app/Services/Reportes/GeneradorZipReportesService.php","True","","CONECTADO_ESTATICAMENTE","9D4C796F41C37DF2820C1CCC4545BE4C40140113C11B0B38DBB7E54E6A1942BC"
"TipoVinculacionEstudianteInteligente","app/Support/Comunidad/TipoVinculacionEstudianteInteligente.php","Comunidad","INTELIGENTE_LOCAL","analizar (public); nombreRegistro (protected)","True","False","False","True","True","False","V050","app/Livewire/Admin/TipoVinculacionEstudiante.php","app/Livewire/Admin/TipoVinculacionEstudiante.php","app/Http/Controllers/Admin/ReportePdfController.php; app/Livewire/Admin/GestionEstudiantes.php; app/Livewire/Admin/ReportesAdministrativos.php; app/Livewire/Admin/TipoVinculacionEstudiante.php; app/Livewire/InstitutionalAuthorization.php; app/Services/Reportes/DatosReporteAdministrativoService.php; app/Services/Reportes/GeneradorZipReportesService.php","True","","CONECTADO_ESTATICAMENTE","56517BDE070AB75B85E7F31CEFF6D6F4EF32C2C5EC09682C9D873BC6775001D0"
"CalificacionInteligente","app/Support/Evaluacion/CalificacionInteligente.php","Evaluacion","INTELIGENTE_LOCAL","analizar (public); clasificar (public); observacion (public)","True","False","True","True","True","False","V017; V079","app/Livewire/Admin/Calificaciones.php; app/Services/Reportes/DatosReporteAcademicoService.php; app/Support/Reportes/ReporteAcademicoInteligente.php; resources/views/pdf/reportes/academico-general.blade.php","app/Livewire/Admin/Calificaciones.php; app/Services/GradeService.php; app/Services/Reportes/DatosReporteAcademicoService.php; app/Support/Reportes/ReporteAcademicoInteligente.php; resources/views/pdf/reportes/academico-general.blade.php","app/Http/Controllers/Admin/CalificacionController.php; app/Http/Controllers/Admin/ReportePdfController.php; app/Http/Controllers/AdminDashboardController.php; app/Http/Controllers/AulaVirtual/AsistenciaController.php; app/Http/Controllers/AulaVirtual/AulaVirtualController.php; app/Http/Controllers/AulaVirtual/CursoVirtualController.php; app/Http/Controllers/AulaVirtual/EntregaController.php; app/Http/Controllers/AulaVirtual/MaterialController.php; app/Http/Controllers/AulaVirtual/OrientacionController.php; app/Http/Controllers/AulaVirtual/ReporteAulaVirtualController.php; app/Http/Controllers/AulaVirtual/TareaController.php; app/Http/Controllers/CalendarController.php; app/Http/Controllers/Docente/CalificacionCursoController.php; app/Http/Controllers/Estudiante/ExperienceController.php; app/Http/Controllers/HistoricalReportController.php; app/Http/Controllers/InstitutionalQueryController.php; app/Http/Controllers/RegencyReportController.php; app/Http/Controllers/WorkspaceController.php; app/Livewire/Admin/AsignacionesRegencia.php; app/Livewire/Admin/Calificaciones.php; app/Livewire/Admin/GestionAcademica.php; app/Livewire/Admin/GestionAsignatura.php; app/Livewire/Admin/GestionDocente.php; app/Livewire/Admin/GestionEstudiantes.php; app/Livewire/Admin/GestionParalelo.php; app/Livewire/Admin/GestionUsuarios.php; app/Livewire/Admin/PeriodoEvaluacion.php; app/Livewire/Admin/PersonalInstitucional.php; app/Livewire/Admin/PlanesAsignatura.php; app/Livewire/Admin/ReportesAcademicos.php; app/Livewire/Admin/ReportesAdministrativos.php; app/Livewire/AulaVirtual/Cursos/CursoDetalleDocente.php; app/Livewire/AulaVirtual/Cursos/CursoDetalleEstudiante.php; app/Livewire/AulaVirtual/Cursos/MisAsignaturasEstudiante.php; app/Livewire/AulaVirtual/Cursos/MisCursosDocente.php; app/Livewire/AulaVirtual/DashboardDocente.php; app/Livewire/AulaVirtual/DashboardEstudiante.php; app/Livewire/AulaVirtual/Materiales/CrearMaterial.php; app/Livewire/AulaVirtual/Materiales/EditarMaterial.php; app/Livewire/AulaVirtual/Orientacion/ExploradorVocacional.php; app/Livewire/AulaVirtual/Tareas/CrearTarea.php; app/Livewire/AulaVirtual/Tareas/EditarTarea.php; app/Livewire/InstitutionalAuthorization.php; app/Livewire/Shared/AcademicPlan.php; app/Livewire/Shared/AcademicSources.php; app/Livewire/Shared/CourseContent.php; app/Livewire/Shared/CourseList.php; app/Livewire/Shared/CourseWorkspace.php; app/Livewire/Shared/InstitutionalQuery.php; app/Livewire/Shared/InstitutionalRecordDrawer.php; app/Livewire/Shared/StudentDrawer.php; app/Livewire/Shared/StudyAssistant.php; app/Livewire/Shared/TeacherGradeForm.php; app/Services/AcademicAccessService.php; app/Services/AcademicGoalService.php; app/Services/AulaVirtual/AsistenciaService.php; app/Services/AulaVirtual/CursoVirtualService.php; app/Services/AulaVirtual/EntregaService.php; app/Services/AulaVirtual/OrientacionService.php; app/Services/AulaVirtual/PublicacionService.php; app/Services/AulaVirtual/ReporteAulaVirtualService.php; app/Services/AulaVirtual/TareaService.php; app/Services/AulaVirtual/UnitContentService.php; app/Services/CalendarService.php; app/Services/GradeService.php; app/Services/HistoricalReportAccessService.php; app/Services/InstitutionalAuthorityService.php; app/Services/InstitutionalDashboardService.php; app/Services/InstitutionalQueryService.php; app/Services/Kardex/ScopedKardexRepository.php; app/Services/OperationalAccountService.php; app/Services/RegencyAccessService.php; app/Services/RegencyReportService.php; app/Services/Reportes/DatosReporteAcademicoService.php; app/Services/Reportes/DatosReporteAdministrativoService.php; app/Services/Reportes/DatosReporteVocacionalService.php; app/Services/Reportes/GeneradorMpdfService.php; app/Services/Reportes/GeneradorSpatiePdfService.php; app/Services/Reportes/GeneradorZipReportesService.php; app/Services/RolePermissionService.php; app/Services/StudentContextService.php; app/Support/Reportes/ReporteAcademicoInteligente.php; resources/views/pdf/reportes/academico-general.blade.php","True","","CONECTADO_ESTATICAMENTE","66AA3DD4207FD3F24CB3CDF370695667E245FAFF066EC45381E80B4DEEDB2EBD"
"InstitutionalRoleGovernance","app/Support/InstitutionalRoleGovernance.php","Transversal","INTELIGENTE_LOCAL","rolesInstitucionales (public); rolesReservados (public); analyze (public); normalize (private)","True","True","True","True","True","True","V003; V020","app/Services/RoleRequestService.php","app/Http/Controllers/AdminDashboardController.php; app/Livewire/Admin/GestionUsuarios.php; app/Services/RolePermissionService.php; app/Services/RoleRequestService.php; resources/views/livewire/admin/gestion-usuarios.blade.php","app/Http/Controllers/Admin/RoleRequestDocumentController.php; app/Http/Controllers/AdminDashboardController.php; app/Http/Controllers/WorkspaceController.php; app/Livewire/Admin/Bitacora.php; app/Livewire/Admin/GestionUsuarios.php; app/Livewire/Admin/RolesPermisos.php; app/Livewire/InstitutionalAuthorization.php; app/Livewire/Secretaria/Cuentas.php; app/Services/InstitutionalDashboardService.php; app/Services/OperationalAccountService.php; app/Services/RolePermissionService.php; app/Services/RoleRequestService.php; resources/views/livewire/admin/gestion-usuarios.blade.php","True","","CONECTADO_ESTATICAMENTE","2AC9CD0E4734500B2A64598587643487C2B6DCCDE4F825382BE1FAFC0E899409"
"PermissionLabel","app/Support/PermissionLabel.php","Transversal","UTILIDAD","describe (public)","False","False","False","False","False","False","","app/Livewire/Admin/RolesPermisos.php; app/Services/RolePermissionService.php; resources/views/livewire/admin/roles-permisos.blade.php","app/Livewire/Admin/RolesPermisos.php; app/Services/RolePermissionService.php; resources/views/livewire/admin/roles-permisos.blade.php","app/Http/Controllers/Admin/RoleRequestDocumentController.php; app/Http/Controllers/AdminDashboardController.php; app/Http/Controllers/WorkspaceController.php; app/Livewire/Admin/Bitacora.php; app/Livewire/Admin/GestionUsuarios.php; app/Livewire/Admin/RolesPermisos.php; app/Livewire/InstitutionalAuthorization.php; app/Livewire/Secretaria/Cuentas.php; app/Services/InstitutionalDashboardService.php; app/Services/OperationalAccountService.php; app/Services/RolePermissionService.php; app/Services/RoleRequestService.php; resources/views/livewire/admin/roles-permisos.blade.php","True","","CONECTADO_ESTATICAMENTE","BE5E5EBA3B34711BA76176DB8C72F7DE662283FE45B9AA3785CD7D2DF038165E"
"PersonaInteligente","app/Support/Personas/PersonaInteligente.php","Personas","INTELIGENTE_LOCAL","reconocerEnTiempoReal (public); analizarRegistro (public); analizarIdentidad (public); analizarContacto (public); analizarDireccion (public); analizarEdad (public); analizarDuplicidad (public); buscarCoincidencias (public); analizarVinculacionDeseada (public); analizarVinculacion (public); obtenerVinculaciones (public); detectarRolesPersonal (private); resumenPersona (public); sugerirAccion (public); calcularCompletitud (public); normalizarDatos (public); normalizarCi (public); normalizarCorreo (public); normalizarTelefono (public); normalizarFecha (public); normalizarExpedido (public); normalizarNombre (public); normalizarTextoTitulo (public); normalizarTextoMayuscula (public); normalizarTextoBasico (public); normalizarEspacios (private); generarDireccionCompleta (public); generarNombreCompleto (public); obtenerPersona (private); consultaVinculacionDirecta (private); objetoPersonaADatos (private); personaEstaActiva (private); datosMinimosInsuficientes (private); tieneValor (private); calcularEdad (private); determinarEstadoInteligente (private); mensajePrincipal (private); nivelRiesgo (private); formatearCoincidencias (private); resultado (private)","True","True","True","True","True","True","V002; V045","app/Livewire/Admin/GestionPersonas.php","app/Livewire/Admin/GestionPersonas.php","app/Livewire/Admin/GestionPersonas.php; app/Livewire/InstitutionalAuthorization.php","True","","CONECTADO_ESTATICAMENTE","C4938D773FF51A1EA6A970995947809C450B532BCE62A5F5AD4978A725FBA3E7"
"PrivateFilePath","app/Support/PrivateFilePath.php","Transversal","UTILIDAD","valid (public)","False","False","False","False","False","False","V048","","app/Http/Controllers/AulaVirtual/EntregaController.php; app/Http/Controllers/AulaVirtual/TareaController.php; app/Http/Controllers/EnrollmentDocumentController.php; app/Services/AulaVirtual/MaterialService.php; app/Services/HistoricalReportAccessService.php; resources/views/workspaces/documentacion.blade.php","app/Http/Controllers/AulaVirtual/EntregaController.php; app/Http/Controllers/AulaVirtual/MaterialController.php; app/Http/Controllers/AulaVirtual/TareaController.php; app/Http/Controllers/CalendarController.php; app/Http/Controllers/EnrollmentDocumentController.php; app/Http/Controllers/HistoricalReportController.php; app/Http/Controllers/InstitutionalQueryController.php; app/Livewire/AulaVirtual/Materiales/CrearMaterial.php; app/Livewire/AulaVirtual/Materiales/EditarMaterial.php; app/Livewire/Shared/InstitutionalQuery.php; app/Livewire/Shared/InstitutionalRecordDrawer.php; app/Services/AulaVirtual/MaterialService.php; app/Services/CalendarService.php; app/Services/HistoricalReportAccessService.php; app/Services/InstitutionalQueryService.php; resources/views/workspaces/documentacion.blade.php","False","","CONECTADO_ESTATICAMENTE","52472F8EA9F729A8934BCF4ADA79C68CEFA215146945F23CA58B15E22256F26C"
"ReporteAcademicoInteligente","app/Support/Reportes/ReporteAcademicoInteligente.php","Reportes","INTELIGENTE_LOCAL","clasificar (public); orientacionPorEspecialidad (public)","False","False","True","False","True","False","V018","app/Livewire/Admin/ReportesAcademicos.php; app/Services/Reportes/DatosReporteAcademicoService.php; app/Services/Reportes/DatosReporteVocacionalService.php","app/Livewire/Admin/ReportesAcademicos.php; app/Services/Reportes/DatosReporteAcademicoService.php; app/Services/Reportes/DatosReporteVocacionalService.php","app/Http/Controllers/Admin/ReportePdfController.php; app/Livewire/Admin/ReportesAcademicos.php; app/Livewire/InstitutionalAuthorization.php; app/Services/Reportes/DatosReporteAcademicoService.php; app/Services/Reportes/DatosReporteVocacionalService.php; app/Services/Reportes/GeneradorZipReportesService.php","True","","CONECTADO_ESTATICAMENTE","DED790A2F98732C956C9C89F8366CCEE824F94194BA81A26EA0642F75EEE0177"
"ReporteAdministrativoInteligente","app/Support/Reportes/ReporteAdministrativoInteligente.php","Reportes","INTELIGENTE_LOCAL","diagnostico (public)","False","True","False","False","True","False","V019","app/Livewire/Admin/ReportesAdministrativos.php","app/Livewire/Admin/ReportesAdministrativos.php","app/Livewire/Admin/ReportesAdministrativos.php; app/Livewire/InstitutionalAuthorization.php","True","","CONECTADO_ESTATICAMENTE","502DA42DF3E28C8AB9BAC0A7D16008695D85DEA4396907B23411F525E4A63C4D"
"WorkspaceNavigation","app/Support/WorkspaceNavigation.php","Transversal","UTILIDAD","for (public); institutional (private)","False","False","False","False","False","False","","","app/Http/Controllers/WorkspaceController.php; app/Livewire/Shared/ModuleSearch.php; app/Services/NotificationService.php; resources/views/components/actor-menu.blade.php","app/Http/Controllers/WorkspaceController.php; app/Livewire/Shared/ModuleSearch.php; app/Livewire/Shared/NotificationCenter.php; app/Services/NotificationService.php; resources/views/components/actor-menu.blade.php","False","","CONECTADO_ESTATICAMENTE","0145F60F6A2601D191418F706665AE896CE7B21986D7FF2B4723A750B1C56225"
